run_id,branch,step,f,gap,shared_token_mass,shared_contexts,seed,source
s1v5_128_frequency_main,bigram,1000,128,2.2633549989624773,27008,211,42,data/runs_scaling/s1v5_128_frequency_main_fixed
s1v5_128_frequency_main,bigram,1000,417,1.6340724619540368,22101,53,42,data/runs_scaling/s1v5_128_frequency_main_fixed
s1v5_128_frequency_main,bigram,1000,160,2.407189329989736,31360,196,42,data/runs_scaling/s1v5_128_frequency_main_fixed
s1v5_128_frequency_main,bigram,1000,449,0.9727419218795451,26940,60,42,data/runs_scaling/s1v5_128_frequency_main_fixed
s1v5_128_frequency_main,bigram,1000,93,2.581296467787545,24180,260,42,data/runs_scaling/s1v5_128_frequency_main_fixed
s1v5_128_frequency_main,bigram,1000,45,2.754983953277091,13095,291,42,data/runs_scaling/s1v5_128_frequency_main_fixed
s1v5_128_frequency_main,bigram,1000,18,3.973585669935363,5778,321,42,data/runs_scaling/s1v5_128_frequency_main_fixed
s1v5_128_frequency_main,bigram,1000,11,4.041773256829021,3212,292,42,data/runs_scaling/s1v5_128_frequency_main_fixed
s1v5_128_frequency_main,bigram,1000,69,2.269787266748307,20010,290,42,data/runs_scaling/s1v5_128_frequency_main_fixed
s1v5_128_frequency_main,bigram,1000,115,2.5482055949173086,27945,243,42,data/runs_scaling/s1v5_128_frequency_main_fixed
s1v5_128_frequency_main,bigram,1000,273,2.120065861246186,25935,95,42,data/runs_scaling/s1v5_128_frequency_main_fixed
s1v5_128_frequency_main,bigram,1000,108,2.4877018689099106,27540,255,42,data/runs_scaling/s1v5_128_frequency_main_fixed
s1v5_128_frequency_main,bigram,1000,694,1.6797511396416667,16656,24,42,data/runs_scaling/s1v5_128_frequency_main_fixed
s1v5_128_frequency_main,bigram,1000,1043,5.006203257866825,6258,6,42,data/runs_scaling/s1v5_128_frequency_main_fixed
s1v5_128_frequency_main,bigram,1000,46,2.835125684880544,15778,343,42,data/runs_scaling/s1v5_128_frequency_main_fixed
s1v5_128_frequency_main,bigram,1000,278,2.29346910977167,25020,90,42,data/runs_scaling/s1v5_128_frequency_main_fixed
s1v5_128_frequency_main,bigram,1000,12,3.8751775236247554,3252,271,42,data/runs_scaling/s1v5_128_frequency_main_fixed
s1v5_128_frequency_main,bigram,1000,65,2.5166744245623702,19175,295,42,data/runs_scaling/s1v5_128_frequency_main_fixed
s1v5_128_frequency_main,bigram,1000,172,2.0514469628052003,31132,181,42,data/runs_scaling/s1v5_128_frequency_main_fixed
s1v5_128_frequency_main,bigram,1000,214,2.1266709847109775,30816,144,42,data/runs_scaling/s1v5_128_frequency_main_fixed
s1v5_128_frequency_main,bigram,1000,583,1.1169317729133916,22154,38,42,data/runs_scaling/s1v5_128_frequency_main_fixed
s1v5_128_frequency_main,bigram,1000,266,2.6553146457333785,26600,100,42,data/runs_scaling/s1v5_128_frequency_main_fixed
s1v5_128_frequency_main,bigram,1000,63,2.892944660850309,18522,294,42,data/runs_scaling/s1v5_128_frequency_main_fixed
s1v5_128_frequency_main,bigram,1000,181,2.0263656475159597,28236,156,42,data/runs_scaling/s1v5_128_frequency_main_fixed
s1v5_128_frequency_main,bigram,1000,195,1.8215346018686105,32955,169,42,data/runs_scaling/s1v5_128_frequency_main_fixed
s1v5_128_frequency_main,bigram,1000,1136,6.4966652393341064,3408,3,42,data/runs_scaling/s1v5_128_frequency_main_fixed
s1v5_128_frequency_main,bigram,1000,495,1.6512794166394487,20295,41,42,data/runs_scaling/s1v5_128_frequency_main_fixed
s1v5_128_frequency_main,bigram,1000,194,2.3949748865261484,31234,161,42,data/runs_scaling/s1v5_128_frequency_main_fixed
s1v5_128_frequency_main,bigram,1000,7801,1.5246829986572266,7801,1,42,data/runs_scaling/s1v5_128_frequency_main_fixed
s1v5_128_frequency_main,bigram,1000,370,1.1736779668618693,18500,50,42,data/runs_scaling/s1v5_128_frequency_main_fixed
s1v5_128_frequency_main,bigram,1000,142,1.8222269411133623,29962,211,42,data/runs_scaling/s1v5_128_frequency_main_fixed
s1v5_128_frequency_main,bigram,1000,411,1.7323183588321425,18495,45,42,data/runs_scaling/s1v5_128_frequency_main_fixed
s1v5_128_frequency_main,bigram,1000,61,2.469076229995047,19337,317,42,data/runs_scaling/s1v5_128_frequency_main_fixed
s1v5_128_frequency_main,bigram,1000,517,1.0299296014543091,14476,28,42,data/runs_scaling/s1v5_128_frequency_main_fixed
s1v5_128_frequency_main,bigram,1000,269,1.3336287681962384,24748,92,42,data/runs_scaling/s1v5_128_frequency_main_fixed
s1v5_128_frequency_main,bigram,1000,10,4.021248057207682,2860,286,42,data/runs_scaling/s1v5_128_frequency_main_fixed
s1v5_128_frequency_main,bigram,1000,15,3.8858993292775086,4320,288,42,data/runs_scaling/s1v5_128_frequency_main_fixed
s1v5_128_frequency_main,bigram,1000,138,2.3111147974971655,30360,220,42,data/runs_scaling/s1v5_128_frequency_main_fixed
s1v5_128_frequency_main,bigram,1000,85,2.207574313759037,26435,311,42,data/runs_scaling/s1v5_128_frequency_main_fixed
s1v5_128_frequency_main,bigram,1000,205,1.7546440809828534,31775,155,42,data/runs_scaling/s1v5_128_frequency_main_fixed
s1v5_128_frequency_main,bigram,1000,319,2.3594713016884525,25201,79,42,data/runs_scaling/s1v5_128_frequency_main_fixed
s1v5_128_frequency_main,bigram,1000,20,3.631881742376882,6320,316,42,data/runs_scaling/s1v5_128_frequency_main_fixed
s1v5_128_frequency_main,bigram,1000,64,2.3655698849487794,18240,285,42,data/runs_scaling/s1v5_128_frequency_main_fixed
s1v5_128_frequency_main,bigram,1000,826,2.8166135116056963,9086,11,42,data/runs_scaling/s1v5_128_frequency_main_fixed
s1v5_128_frequency_main,bigram,1000,102,2.3744886392702784,27030,265,42,data/runs_scaling/s1v5_128_frequency_main_fixed
s1v5_128_frequency_main,bigram,1000,604,1.0655352380126715,13892,23,42,data/runs_scaling/s1v5_128_frequency_main_fixed
s1v5_128_frequency_main,bigram,1000,56,2.2867805458831993,18088,323,42,data/runs_scaling/s1v5_128_frequency_main_fixed
s1v5_128_frequency_main,bigram,1000,685,2.6168834661895577,15070,22,42,data/runs_scaling/s1v5_128_frequency_main_fixed
s1v5_128_frequency_main,bigram,1000,840,0.4440372184348794,21840,26,42,data/runs_scaling/s1v5_128_frequency_main_fixed
s1v5_128_frequency_main,bigram,1000,119,2.148509545693922,26418,222,42,data/runs_scaling/s1v5_128_frequency_main_fixed
s1v5_128_frequency_main,bigram,1000,17,3.6823084430726576,5542,326,42,data/runs_scaling/s1v5_128_frequency_main_fixed
s1v5_128_frequency_main,bigram,1000,380,3.111841874979068,18620,49,42,data/runs_scaling/s1v5_128_frequency_main_fixed
s1v5_128_frequency_main,bigram,1000,259,1.3524676693915623,27972,108,42,data/runs_scaling/s1v5_128_frequency_main_fixed
s1v5_128_frequency_main,bigram,1000,71,3.4559111985977493,21229,299,42,data/runs_scaling/s1v5_128_frequency_main_fixed
s1v5_128_frequency_main,bigram,1000,124,2.352821958664367,31000,250,42,data/runs_scaling/s1v5_128_frequency_main_fixed
s1v5_128_frequency_main,bigram,1000,224,2.012661421080725,28448,127,42,data/runs_scaling/s1v5_128_frequency_main_fixed
s1v5_128_frequency_main,bigram,1000,443,1.843168987465712,15948,36,42,data/runs_scaling/s1v5_128_frequency_main_fixed
s1v5_128_frequency_main,bigram,1000,395,1.8928112816954834,21330,54,42,data/runs_scaling/s1v5_128_frequency_main_fixed
s1v5_128_frequency_main,bigram,1000,22,3.0101074408084294,7128,324,42,data/runs_scaling/s1v5_128_frequency_main_fixed
s1v5_128_frequency_main,bigram,1000,145,2.0633095610166974,26390,182,42,data/runs_scaling/s1v5_128_frequency_main_fixed
s1v5_128_frequency_main,bigram,1000,760,1.179203046915623,9880,13,42,data/runs_scaling/s1v5_128_frequency_main_fixed
s1v5_128_frequency_main,bigram,1000,624,2.5070017757747944,18720,30,42,data/runs_scaling/s1v5_128_frequency_main_fixed
s1v5_128_frequency_main,bigram,1000,418,2.0653585954763307,15048,36,42,data/runs_scaling/s1v5_128_frequency_main_fixed
s1v5_128_frequency_main,bigram,1000,427,0.9762673560281933,19642,46,42,data/runs_scaling/s1v5_128_frequency_main_fixed
s1v5_128_frequency_main,bigram,1000,26,3.2476947255744615,8554,329,42,data/runs_scaling/s1v5_128_frequency_main_fixed
s1v5_128_frequency_main,bigram,1000,98,2.173325839650971,24402,249,42,data/runs_scaling/s1v5_128_frequency_main_fixed
s1v5_128_frequency_main,bigram,1000,270,1.9845415008937626,26460,98,42,data/runs_scaling/s1v5_128_frequency_main_fixed
s1v5_128_frequency_main,bigram,1000,58,2.6697158070636036,16762,289,42,data/runs_scaling/s1v5_128_frequency_main_fixed
s1v5_128_frequency_main,bigram,1000,863,1.198342775964799,12945,15,42,data/runs_scaling/s1v5_128_frequency_main_fixed
s1v5_128_frequency_main,bigram,1000,921,1.793091976339929,9210,10,42,data/runs_scaling/s1v5_128_frequency_main_fixed
s1v5_128_frequency_main,bigram,1000,823,1.5379874814304155,19752,24,42,data/runs_scaling/s1v5_128_frequency_main_fixed
s1v5_128_frequency_main,bigram,1000,884,1.6190288783749565,17680,20,42,data/runs_scaling/s1v5_128_frequency_main_fixed
s1v5_128_frequency_main,bigram,1000,277,1.181101949766822,26869,97,42,data/runs_scaling/s1v5_128_frequency_main_fixed
s1v5_128_frequency_main,bigram,1000,809,1.4596041434754927,12135,15,42,data/runs_scaling/s1v5_128_frequency_main_fixed
s1v5_128_frequency_main,bigram,1000,612,2.205605359547513,16524,27,42,data/runs_scaling/s1v5_128_frequency_main_fixed
s1v5_128_frequency_main,bigram,1000,894,4.00517867137678,8940,10,42,data/runs_scaling/s1v5_128_frequency_main_fixed
s1v5_128_frequency_main,bigram,1000,647,2.212105415208498,15528,24,42,data/runs_scaling/s1v5_128_frequency_main_fixed
s1v5_128_frequency_main,bigram,1000,782,2.467455036472529,10948,14,42,data/runs_scaling/s1v5_128_frequency_main_fixed
s1v5_128_frequency_main,bigram,1000,215,1.8007913289455721,32035,149,42,data/runs_scaling/s1v5_128_frequency_main_fixed
s1v5_128_frequency_main,bigram,1000,28,3.30039567035466,9128,326,42,data/runs_scaling/s1v5_128_frequency_main_fixed
s1v5_128_frequency_main,bigram,1000,987,1.746330726146698,4935,5,42,data/runs_scaling/s1v5_128_frequency_main_fixed
s1v5_128_frequency_main,bigram,1000,323,1.5102958888954683,31654,98,42,data/runs_scaling/s1v5_128_frequency_main_fixed
s1v5_128_frequency_main,bigram,1000,304,1.2872127148606602,28272,93,42,data/runs_scaling/s1v5_128_frequency_main_fixed
s1v5_128_frequency_main,bigram,1000,82,2.4083715705098845,26158,319,42,data/runs_scaling/s1v5_128_frequency_main_fixed
s1v5_128_frequency_main,bigram,1000,120,2.302986434206873,27840,232,42,data/runs_scaling/s1v5_128_frequency_main_fixed
s1v5_128_frequency_main,bigram,1000,730,0.6465774250848751,10220,14,42,data/runs_scaling/s1v5_128_frequency_main_fixed
s1v5_128_frequency_main,bigram,1000,21,3.2693546950841967,7413,353,42,data/runs_scaling/s1v5_128_frequency_main_fixed
s1v5_128_frequency_main,bigram,1000,231,1.7392454162215065,26796,116,42,data/runs_scaling/s1v5_128_frequency_main_fixed
s1v5_128_frequency_main,bigram,1000,154,2.4769414267310657,28644,186,42,data/runs_scaling/s1v5_128_frequency_main_fixed
s1v5_128_frequency_main,bigram,1000,437,2.207720760321805,23598,54,42,data/runs_scaling/s1v5_128_frequency_main_fixed
s1v5_128_frequency_main,bigram,1000,78,2.163172461295433,20748,266,42,data/runs_scaling/s1v5_128_frequency_main_fixed
s1v5_128_frequency_main,bigram,1000,591,0.7601696623585604,17139,29,42,data/runs_scaling/s1v5_128_frequency_main_fixed
s1v5_128_frequency_main,bigram,1000,847,0.6755716555532726,14399,17,42,data/runs_scaling/s1v5_128_frequency_main_fixed
s1v5_128_frequency_main,bigram,1000,371,0.97019230530844,24857,67,42,data/runs_scaling/s1v5_128_frequency_main_fixed
s1v5_128_frequency_main,bigram,1000,80,1.7967335942111053,19920,249,42,data/runs_scaling/s1v5_128_frequency_main_fixed
s1v5_128_frequency_main,bigram,1000,334,1.5903887222125326,29726,89,42,data/runs_scaling/s1v5_128_frequency_main_fixed
s1v5_128_frequency_main,bigram,1000,135,1.934582126414309,28350,210,42,data/runs_scaling/s1v5_128_frequency_main_fixed
s1v5_128_frequency_main,bigram,1000,87,2.57242818859184,25143,289,42,data/runs_scaling/s1v5_128_frequency_main_fixed
s1v5_128_frequency_main,bigram,1000,39,3.2215029490071685,11115,285,42,data/runs_scaling/s1v5_128_frequency_main_fixed
s1v5_128_frequency_main,bigram,1000,155,2.103819460424489,28830,186,42,data/runs_scaling/s1v5_128_frequency_main_fixed
s1v5_128_frequency_main,bigram,1000,340,1.7226488010881593,24140,71,42,data/runs_scaling/s1v5_128_frequency_main_fixed
s1v5_128_frequency_main,bigram,1000,73,2.371095328556337,21316,292,42,data/runs_scaling/s1v5_128_frequency_main_fixed
s1v5_128_frequency_main,bigram,1000,37,2.9745298790128865,12284,332,42,data/runs_scaling/s1v5_128_frequency_main_fixed
s1v5_128_frequency_main,bigram,1000,110,1.9473115996212509,23430,213,42,data/runs_scaling/s1v5_128_frequency_main_fixed
s1v5_128_frequency_main,bigram,1000,150,1.955802821791151,33900,226,42,data/runs_scaling/s1v5_128_frequency_main_fixed
s1v5_128_frequency_main,bigram,1000,36,2.7160201354699933,12456,346,42,data/runs_scaling/s1v5_128_frequency_main_fixed
s1v5_128_frequency_main,bigram,1000,9017,-2.7659215927124023,9017,1,42,data/runs_scaling/s1v5_128_frequency_main_fixed
s1v5_128_frequency_main,bigram,1000,198,2.6674179711469175,29304,148,42,data/runs_scaling/s1v5_128_frequency_main_fixed
s1v5_128_frequency_main,bigram,1000,292,1.1383725923301955,25112,86,42,data/runs_scaling/s1v5_128_frequency_main_fixed
s1v5_128_frequency_main,bigram,1000,440,1.1814485964702164,20680,47,42,data/runs_scaling/s1v5_128_frequency_main_fixed
s1v5_128_frequency_main,bigram,1000,859,1.9544053005943582,9449,11,42,data/runs_scaling/s1v5_128_frequency_main_fixed
s1v5_128_frequency_main,bigram,1000,3543,6.076286517083645,3543,1,42,data/runs_scaling/s1v5_128_frequency_main_fixed
s1v5_128_frequency_main,bigram,1000,32,3.044268312663442,10304,322,42,data/runs_scaling/s1v5_128_frequency_main_fixed
s1v5_128_frequency_main,bigram,1000,235,2.170454038061799,30785,131,42,data/runs_scaling/s1v5_128_frequency_main_fixed
s1v5_128_frequency_main,bigram,1000,332,1.8020961012713088,23240,70,42,data/runs_scaling/s1v5_128_frequency_main_fixed
s1v5_128_frequency_main,bigram,1000,396,1.7732598548989498,21384,54,42,data/runs_scaling/s1v5_128_frequency_main_fixed
s1v5_128_frequency_main,bigram,1000,90,2.2581797912819517,23220,258,42,data/runs_scaling/s1v5_128_frequency_main_fixed
s1v5_128_frequency_main,bigram,1000,1124,2.2360913176089525,4496,4,42,data/runs_scaling/s1v5_128_frequency_main_fixed
s1v5_128_frequency_main,bigram,1000,460,1.2939360797139197,21160,46,42,data/runs_scaling/s1v5_128_frequency_main_fixed
s1v5_128_frequency_main,bigram,1000,144,2.0257401189377693,30528,212,42,data/runs_scaling/s1v5_128_frequency_main_fixed
s1v5_128_frequency_main,bigram,1000,202,1.5012171432289465,27068,134,42,data/runs_scaling/s1v5_128_frequency_main_fixed
s1v5_128_frequency_main,bigram,1000,404,1.2915580398352493,18584,46,42,data/runs_scaling/s1v5_128_frequency_main_fixed
s1v5_128_frequency_main,bigram,1000,478,2.4686317033466008,15774,33,42,data/runs_scaling/s1v5_128_frequency_main_fixed
s1v5_128_frequency_main,bigram,1000,42,2.5045083826695,14364,342,42,data/runs_scaling/s1v5_128_frequency_main_fixed
s1v5_128_frequency_main,bigram,1000,326,1.5668579872613726,24776,76,42,data/runs_scaling/s1v5_128_frequency_main_fixed
s1v5_128_frequency_main,bigram,1000,573,0.9861623074554292,16617,29,42,data/runs_scaling/s1v5_128_frequency_main_fixed
s1v5_128_frequency_main,bigram,1000,103,2.6496266589431268,25544,248,42,data/runs_scaling/s1v5_128_frequency_main_fixed
s1v5_128_frequency_main,bigram,1000,256,2.124586065525506,26112,102,42,data/runs_scaling/s1v5_128_frequency_main_fixed
s1v5_128_frequency_main,bigram,1000,275,1.3719600165941725,29425,107,42,data/runs_scaling/s1v5_128_frequency_main_fixed
s1v5_128_frequency_main,bigram,1000,3583,-4.4871073961257935,3583,1,42,data/runs_scaling/s1v5_128_frequency_main_fixed
s1v5_128_frequency_main,bigram,1000,107,2.494943008048221,26429,247,42,data/runs_scaling/s1v5_128_frequency_main_fixed
s1v5_128_frequency_main,bigram,1000,2609,-1.2750380635261536,5218,2,42,data/runs_scaling/s1v5_128_frequency_main_fixed
s1v5_128_frequency_main,bigram,1000,123,2.4481427385205174,30012,244,42,data/runs_scaling/s1v5_128_frequency_main_fixed
s1v5_128_frequency_main,bigram,1000,170,1.4462168740459873,29410,173,42,data/runs_scaling/s1v5_128_frequency_main_fixed
s1v5_128_frequency_main,bigram,1000,911,2.7991132020950316,9110,10,42,data/runs_scaling/s1v5_128_frequency_main_fixed
s1v5_128_frequency_main,bigram,1000,173,2.053735397528726,30448,176,42,data/runs_scaling/s1v5_128_frequency_main_fixed
s1v5_128_frequency_main,bigram,1000,488,1.2746225991286337,15128,31,42,data/runs_scaling/s1v5_128_frequency_main_fixed
s1v5_128_frequency_main,bigram,1000,2484,5.081572532653809,2484,1,42,data/runs_scaling/s1v5_128_frequency_main_fixed
s1v5_128_frequency_main,bigram,1000,70,2.2024746376717363,21700,310,42,data/runs_scaling/s1v5_128_frequency_main_fixed
s1v5_128_frequency_main,bigram,1000,81,2.4167852509842285,24381,301,42,data/runs_scaling/s1v5_128_frequency_main_fixed
s1v5_128_frequency_main,bigram,1000,264,2.1070720126072047,22968,87,42,data/runs_scaling/s1v5_128_frequency_main_fixed
s1v5_128_frequency_main,bigram,1000,611,1.9001763956506952,17108,28,42,data/runs_scaling/s1v5_128_frequency_main_fixed
s1v5_128_frequency_main,bigram,1000,557,2.3643727557085055,15596,28,42,data/runs_scaling/s1v5_128_frequency_main_fixed
s1v5_128_frequency_main,bigram,1000,60,2.7214274009490587,18120,302,42,data/runs_scaling/s1v5_128_frequency_main_fixed
s1v5_128_frequency_main,bigram,1000,357,1.6769652105530426,24633,69,42,data/runs_scaling/s1v5_128_frequency_main_fixed
s1v5_128_frequency_main,bigram,1000,361,1.4660665458925886,16967,47,42,data/runs_scaling/s1v5_128_frequency_main_fixed
s1v5_128_frequency_main,bigram,1000,152,1.920863598123076,32680,215,42,data/runs_scaling/s1v5_128_frequency_main_fixed
s1v5_128_frequency_main,bigram,1000,516,1.0072051319293678,16512,32,42,data/runs_scaling/s1v5_128_frequency_main_fixed
s1v5_128_frequency_main,bigram,1000,512,2.369056097849702,19968,39,42,data/runs_scaling/s1v5_128_frequency_main_fixed
s1v5_128_frequency_main,bigram,1000,53,2.798668879808502,15847,299,42,data/runs_scaling/s1v5_128_frequency_main_fixed
s1v5_128_frequency_main,bigram,1000,157,2.114441492127722,27632,176,42,data/runs_scaling/s1v5_128_frequency_main_fixed
s1v5_128_frequency_main,bigram,1000,279,1.626043439016309,28179,101,42,data/runs_scaling/s1v5_128_frequency_main_fixed
s1v5_128_frequency_main,bigram,1000,297,1.9123963342403107,27621,93,42,data/runs_scaling/s1v5_128_frequency_main_fixed
s1v5_128_frequency_main,bigram,1000,251,1.523785848085276,25602,102,42,data/runs_scaling/s1v5_128_frequency_main_fixed
s1v5_128_frequency_main,bigram,1000,247,1.6769999478576032,30134,122,42,data/runs_scaling/s1v5_128_frequency_main_fixed
s1v5_128_frequency_main,bigram,1000,530,0.538631377900856,16960,32,42,data/runs_scaling/s1v5_128_frequency_main_fixed
s1v5_128_frequency_main,bigram,1000,31,3.0695560503071477,10199,329,42,data/runs_scaling/s1v5_128_frequency_main_fixed
s1v5_128_frequency_main,bigram,1000,343,0.9855377368775884,28812,84,42,data/runs_scaling/s1v5_128_frequency_main_fixed
s1v5_128_frequency_main,bigram,1000,331,1.9986702310784554,24825,75,42,data/runs_scaling/s1v5_128_frequency_main_fixed
s1v5_128_frequency_main,bigram,1000,109,2.3730112417746914,25397,233,42,data/runs_scaling/s1v5_128_frequency_main_fixed
s1v5_128_frequency_main,bigram,1000,186,1.935296648210571,30318,163,42,data/runs_scaling/s1v5_128_frequency_main_fixed
s1v5_128_frequency_main,bigram,1000,788,1.3286744460661297,17336,22,42,data/runs_scaling/s1v5_128_frequency_main_fixed
s1v5_128_frequency_main,bigram,1000,223,1.9688642136410581,30551,137,42,data/runs_scaling/s1v5_128_frequency_main_fixed
s1v5_128_frequency_main,bigram,1000,143,1.8724159302892338,24739,173,42,data/runs_scaling/s1v5_128_frequency_main_fixed
s1v5_128_frequency_main,bigram,1000,206,1.9948528262581091,32548,158,42,data/runs_scaling/s1v5_128_frequency_main_fixed
s1v5_128_frequency_main,bigram,1000,159,1.9132043068736573,28938,182,42,data/runs_scaling/s1v5_128_frequency_main_fixed
s1v5_128_frequency_main,bigram,1000,294,1.709776810597327,29694,101,42,data/runs_scaling/s1v5_128_frequency_main_fixed
s1v5_128_frequency_main,bigram,1000,290,1.070935539036131,29580,102,42,data/runs_scaling/s1v5_128_frequency_main_fixed
s1v5_128_frequency_main,bigram,1000,19,3.2012537875171065,6042,318,42,data/runs_scaling/s1v5_128_frequency_main_fixed
s1v5_128_frequency_main,bigram,1000,203,1.6040580536311826,27202,134,42,data/runs_scaling/s1v5_128_frequency_main_fixed
s1v5_128_frequency_main,bigram,1000,213,1.3344806461683456,27051,127,42,data/runs_scaling/s1v5_128_frequency_main_fixed
s1v5_128_frequency_main,bigram,1000,114,1.9897996195420298,27132,238,42,data/runs_scaling/s1v5_128_frequency_main_fixed
s1v5_128_frequency_main,bigram,1000,1289,1.1727354049682617,6445,5,42,data/runs_scaling/s1v5_128_frequency_main_fixed
s1v5_128_frequency_main,bigram,1000,260,1.3548128159382031,31200,120,42,data/runs_scaling/s1v5_128_frequency_main_fixed
s1v5_128_frequency_main,bigram,1000,414,1.8135561673708895,16974,41,42,data/runs_scaling/s1v5_128_frequency_main_fixed
s1v5_128_frequency_main,bigram,1000,242,1.66037498017138,32670,135,42,data/runs_scaling/s1v5_128_frequency_main_fixed
s1v5_128_frequency_main,bigram,1000,88,2.2548366059210867,25344,288,42,data/runs_scaling/s1v5_128_frequency_main_fixed
s1v5_128_frequency_main,bigram,1000,50,2.8632983016222187,14800,296,42,data/runs_scaling/s1v5_128_frequency_main_fixed
s1v5_128_frequency_main,bigram,1000,16,3.429823700989113,4912,307,42,data/runs_scaling/s1v5_128_frequency_main_fixed
s1v5_128_frequency_main,bigram,1000,66,2.6051579549392376,20196,306,42,data/runs_scaling/s1v5_128_frequency_main_fixed
s1v5_128_frequency_main,bigram,1000,27,3.1559705528431827,9423,349,42,data/runs_scaling/s1v5_128_frequency_main_fixed
s1v5_128_frequency_main,bigram,1000,141,1.770543113499447,27495,195,42,data/runs_scaling/s1v5_128_frequency_main_fixed
s1v5_128_frequency_main,bigram,1000,504,1.2306273998692632,16632,33,42,data/runs_scaling/s1v5_128_frequency_main_fixed
s1v5_128_frequency_main,bigram,1000,84,2.7169793082942375,21840,260,42,data/runs_scaling/s1v5_128_frequency_main_fixed
s1v5_128_frequency_main,bigram,1000,140,1.7061201952091396,24360,174,42,data/runs_scaling/s1v5_128_frequency_main_fixed
s1v5_128_frequency_main,bigram,1000,329,1.8472572305165134,23359,71,42,data/runs_scaling/s1v5_128_frequency_main_fixed
s1v5_128_frequency_main,bigram,1000,6,4.978148154839148,1572,262,42,data/runs_scaling/s1v5_128_frequency_main_fixed
s1v5_128_frequency_main,bigram,1000,581,1.0927394011386615,19754,34,42,data/runs_scaling/s1v5_128_frequency_main_fixed
s1v5_128_frequency_main,bigram,1000,642,1.5938732711132615,12840,20,42,data/runs_scaling/s1v5_128_frequency_main_fixed
s1v5_128_frequency_main,bigram,1000,265,1.5655750959705002,23055,87,42,data/runs_scaling/s1v5_128_frequency_main_fixed
s1v5_128_frequency_main,bigram,1000,112,2.343907553235082,26432,236,42,data/runs_scaling/s1v5_128_frequency_main_fixed
s1v5_128_frequency_main,bigram,1000,40,2.4063126865799087,14520,363,42,data/runs_scaling/s1v5_128_frequency_main_fixed
s1v5_128_frequency_main,bigram,1000,364,1.9755172990665484,23660,65,42,data/runs_scaling/s1v5_128_frequency_main_fixed
s1v5_128_frequency_main,bigram,1000,918,2.4173602535803287,8262,9,42,data/runs_scaling/s1v5_128_frequency_main_fixed
s1v5_128_frequency_main,bigram,1000,246,1.7007957398526374,28044,114,42,data/runs_scaling/s1v5_128_frequency_main_fixed
s1v5_128_frequency_main,bigram,1000,106,2.183575043115576,26500,250,42,data/runs_scaling/s1v5_128_frequency_main_fixed
s1v5_128_frequency_main,bigram,1000,220,1.2041430286260992,27060,123,42,data/runs_scaling/s1v5_128_frequency_main_fixed
s1v5_128_frequency_main,bigram,1000,176,1.8606169047168637,30624,174,42,data/runs_scaling/s1v5_128_frequency_main_fixed
s1v5_128_frequency_main,bigram,1000,227,2.2992363447147,29056,128,42,data/runs_scaling/s1v5_128_frequency_main_fixed
s1v5_128_frequency_main,bigram,1000,797,0.13707923251058673,12752,16,42,data/runs_scaling/s1v5_128_frequency_main_fixed
s1v5_128_frequency_main,bigram,1000,359,2.3941516970129064,21540,60,42,data/runs_scaling/s1v5_128_frequency_main_fixed
s1v5_128_frequency_main,bigram,1000,324,2.087702332711597,24948,77,42,data/runs_scaling/s1v5_128_frequency_main_fixed
s1v5_128_frequency_main,bigram,1000,179,1.7769366526726547,30609,171,42,data/runs_scaling/s1v5_128_frequency_main_fixed
s1v5_128_frequency_main,bigram,1000,129,1.9839974195377192,29541,229,42,data/runs_scaling/s1v5_128_frequency_main_fixed
s1v5_128_frequency_main,bigram,1000,718,3.7411889097017523,9334,13,42,data/runs_scaling/s1v5_128_frequency_main_fixed
s1v5_128_frequency_main,bigram,1000,208,2.5476132705121666,26208,126,42,data/runs_scaling/s1v5_128_frequency_main_fixed
s1v5_128_frequency_main,bigram,1000,281,1.6703464711432638,28662,102,42,data/runs_scaling/s1v5_128_frequency_main_fixed
s1v5_128_frequency_main,bigram,1000,158,2.0572492603213783,29704,188,42,data/runs_scaling/s1v5_128_frequency_main_fixed
s1v5_128_frequency_main,bigram,1000,288,1.800168514042331,29664,103,42,data/runs_scaling/s1v5_128_frequency_main_fixed
s1v5_128_frequency_main,bigram,1000,715,0.2524754099547863,17875,25,42,data/runs_scaling/s1v5_128_frequency_main_fixed
s1v5_128_frequency_main,bigram,1000,44,2.656849889387918,15136,344,42,data/runs_scaling/s1v5_128_frequency_main_fixed
s1v5_128_frequency_main,bigram,1000,390,1.6372804874541436,19890,51,42,data/runs_scaling/s1v5_128_frequency_main_fixed
s1v5_128_frequency_main,bigram,1000,381,0.9627820321608747,23241,61,42,data/runs_scaling/s1v5_128_frequency_main_fixed
s1v5_128_frequency_main,bigram,1000,209,1.844365209814729,30723,147,42,data/runs_scaling/s1v5_128_frequency_main_fixed
s1v5_128_frequency_main,bigram,1000,353,2.350167715432369,24004,68,42,data/runs_scaling/s1v5_128_frequency_main_fixed
s1v5_128_frequency_main,bigram,1000,789,0.8092992851804746,14991,19,42,data/runs_scaling/s1v5_128_frequency_main_fixed
s1v5_128_frequency_main,bigram,1000,250,1.336240967562723,30000,120,42,data/runs_scaling/s1v5_128_frequency_main_fixed
s1v5_128_frequency_main,bigram,1000,4,5.698061682611029,980,245,42,data/runs_scaling/s1v5_128_frequency_main_fixed
s1v5_128_frequency_main,bigram,1000,258,1.6603350581630985,24252,94,42,data/runs_scaling/s1v5_128_frequency_main_fixed
s1v5_128_frequency_main,bigram,1000,23,3.137232719275609,7291,317,42,data/runs_scaling/s1v5_128_frequency_main_fixed
s1v5_128_frequency_main,bigram,1000,161,1.9299739234744553,30590,190,42,data/runs_scaling/s1v5_128_frequency_main_fixed
s1v5_128_frequency_main,bigram,1000,282,2.0159902809187487,28764,102,42,data/runs_scaling/s1v5_128_frequency_main_fixed
s1v5_128_frequency_main,bigram,1000,52,2.679669751634992,16640,320,42,data/runs_scaling/s1v5_128_frequency_main_fixed
s1v5_128_frequency_main,bigram,1000,679,0.53957525822334,16975,25,42,data/runs_scaling/s1v5_128_frequency_main_fixed
s1v5_128_frequency_main,bigram,1000,41,2.7836580357912597,13325,325,42,data/runs_scaling/s1v5_128_frequency_main_fixed
s1v5_128_frequency_main,bigram,1000,4841,-0.9007271528244019,4841,1,42,data/runs_scaling/s1v5_128_frequency_main_fixed
s1v5_128_frequency_main,bigram,1000,650,1.5280244967938674,18200,28,42,data/runs_scaling/s1v5_128_frequency_main_fixed
s1v5_128_frequency_main,bigram,1000,75,2.5133279900759127,22350,298,42,data/runs_scaling/s1v5_128_frequency_main_fixed
s1v5_128_frequency_main,bigram,1000,189,2.296576852253501,32130,170,42,data/runs_scaling/s1v5_128_frequency_main_fixed
s1v5_128_frequency_main,bigram,1000,67,2.453109095325401,19966,298,42,data/runs_scaling/s1v5_128_frequency_main_fixed
s1v5_128_frequency_main,bigram,1000,89,2.4549488744139802,24475,275,42,data/runs_scaling/s1v5_128_frequency_main_fixed
s1v5_128_frequency_main,bigram,1000,374,1.8445147308619718,20944,56,42,data/runs_scaling/s1v5_128_frequency_main_fixed
s1v5_128_frequency_main,bigram,1000,77,2.1766407497760127,23485,305,42,data/runs_scaling/s1v5_128_frequency_main_fixed
s1v5_128_frequency_main,bigram,1000,132,2.090197050886553,29172,221,42,data/runs_scaling/s1v5_128_frequency_main_fixed
s1v5_128_frequency_main,bigram,1000,630,0.8196854429261293,15120,24,42,data/runs_scaling/s1v5_128_frequency_main_fixed
s1v5_128_frequency_main,bigram,1000,35,2.9475036872216522,10990,314,42,data/runs_scaling/s1v5_128_frequency_main_fixed
s1v5_128_frequency_main,bigram,1000,372,1.6565394163888414,22320,60,42,data/runs_scaling/s1v5_128_frequency_main_fixed
s1v5_128_frequency_main,bigram,1000,835,3.4541622978799484,14195,17,42,data/runs_scaling/s1v5_128_frequency_main_fixed
s1v5_128_frequency_main,bigram,1000,30,3.2033215919551243,10440,348,42,data/runs_scaling/s1v5_128_frequency_main_fixed
s1v5_128_frequency_main,bigram,1000,229,1.9023059519250942,26564,116,42,data/runs_scaling/s1v5_128_frequency_main_fixed
s1v5_128_frequency_main,bigram,1000,118,2.512671205371081,26196,222,42,data/runs_scaling/s1v5_128_frequency_main_fixed
s1v5_128_frequency_main,bigram,1000,116,1.8330057822860713,25984,224,42,data/runs_scaling/s1v5_128_frequency_main_fixed
s1v5_128_frequency_main,bigram,1000,345,2.1343920258384768,24840,72,42,data/runs_scaling/s1v5_128_frequency_main_fixed
s1v5_128_frequency_main,bigram,1000,744,1.3927972681958636,11904,16,42,data/runs_scaling/s1v5_128_frequency_main_fixed
s1v5_128_frequency_main,bigram,1000,603,1.9943433856885684,22914,38,42,data/runs_scaling/s1v5_128_frequency_main_fixed
s1v5_128_frequency_main,bigram,1000,450,1.5583185244596582,20250,45,42,data/runs_scaling/s1v5_128_frequency_main_fixed
s1v5_128_frequency_main,bigram,1000,79,2.1067223831651445,22594,286,42,data/runs_scaling/s1v5_128_frequency_main_fixed
s1v5_128_frequency_main,bigram,1000,318,1.6453981089876835,25440,80,42,data/runs_scaling/s1v5_128_frequency_main_fixed
s1v5_128_frequency_main,bigram,1000,131,2.2443979238717886,29606,226,42,data/runs_scaling/s1v5_128_frequency_main_fixed
s1v5_128_frequency_main,bigram,1000,188,1.9186189496382886,29704,158,42,data/runs_scaling/s1v5_128_frequency_main_fixed
s1v5_128_frequency_main,bigram,1000,7,5.221899610862905,1813,259,42,data/runs_scaling/s1v5_128_frequency_main_fixed
s1v5_128_frequency_main,bigram,1000,433,1.8263205330899064,22949,53,42,data/runs_scaling/s1v5_128_frequency_main_fixed
s1v5_128_frequency_main,bigram,1000,14,3.732180442698717,3948,282,42,data/runs_scaling/s1v5_128_frequency_main_fixed
s1v5_128_frequency_main,bigram,1000,9,4.435031111562005,2520,280,42,data/runs_scaling/s1v5_128_frequency_main_fixed
s1v5_128_frequency_main,bigram,1000,528,1.8249271187160048,16896,32,42,data/runs_scaling/s1v5_128_frequency_main_fixed
s1v5_128_frequency_main,bigram,1000,257,1.3761463461599464,32382,126,42,data/runs_scaling/s1v5_128_frequency_main_fixed
s1v5_128_frequency_main,bigram,1000,184,1.9026568634852083,29440,160,42,data/runs_scaling/s1v5_128_frequency_main_fixed
s1v5_128_frequency_main,bigram,1000,778,2.1548340406734496,15560,20,42,data/runs_scaling/s1v5_128_frequency_main_fixed
s1v5_128_frequency_main,bigram,1000,354,1.390030210887602,22656,64,42,data/runs_scaling/s1v5_128_frequency_main_fixed
s1v5_128_frequency_main,bigram,1000,51,2.7233825053047167,16626,326,42,data/runs_scaling/s1v5_128_frequency_main_fixed
s1v5_128_frequency_main,bigram,1000,272,0.9023896922067745,22576,83,42,data/runs_scaling/s1v5_128_frequency_main_fixed
s1v5_128_frequency_main,bigram,1000,563,1.4478210948166503,15764,28,42,data/runs_scaling/s1v5_128_frequency_main_fixed
s1v5_128_frequency_main,bigram,1000,187,1.826864826028202,30294,162,42,data/runs_scaling/s1v5_128_frequency_main_fixed
s1v5_128_frequency_main,bigram,1000,196,2.024295723924002,29008,148,42,data/runs_scaling/s1v5_128_frequency_main_fixed
s1v5_128_frequency_main,bigram,1000,148,2.0877620027703694,27676,187,42,data/runs_scaling/s1v5_128_frequency_main_fixed
s1v5_128_frequency_main,bigram,1000,234,1.9278775801009034,26910,115,42,data/runs_scaling/s1v5_128_frequency_main_fixed
s1v5_128_frequency_main,bigram,1000,151,2.454422524251226,30502,202,42,data/runs_scaling/s1v5_128_frequency_main_fixed
s1v5_128_frequency_main,bigram,1000,415,1.2369163423041882,23655,57,42,data/runs_scaling/s1v5_128_frequency_main_fixed
s1v5_128_frequency_main,bigram,1000,182,1.8894860585497983,29666,163,42,data/runs_scaling/s1v5_128_frequency_main_fixed
s1v5_128_frequency_main,bigram,1000,49,2.6049762022817715,16415,335,42,data/runs_scaling/s1v5_128_frequency_main_fixed
s1v5_128_frequency_main,bigram,1000,310,1.6075380708339666,27280,88,42,data/runs_scaling/s1v5_128_frequency_main_fixed
s1v5_128_frequency_main,bigram,1000,745,1.3916186243732227,12665,17,42,data/runs_scaling/s1v5_128_frequency_main_fixed
s1v5_128_frequency_main,bigram,1000,200,2.1140830521935086,29400,147,42,data/runs_scaling/s1v5_128_frequency_main_fixed
s1v5_128_frequency_main,bigram,1000,352,0.4759512675408323,21824,62,42,data/runs_scaling/s1v5_128_frequency_main_fixed
s1v5_128_frequency_main,bigram,1000,104,1.9972242016358197,24336,234,42,data/runs_scaling/s1v5_128_frequency_main_fixed
s1v5_128_frequency_main,bigram,1000,320,1.2042665444394216,23360,73,42,data/runs_scaling/s1v5_128_frequency_main_fixed
s1v5_128_frequency_main,bigram,1000,849,1.3801065895061653,11037,13,42,data/runs_scaling/s1v5_128_frequency_main_fixed
s1v5_128_frequency_main,bigram,1000,483,2.1103708706283943,24150,50,42,data/runs_scaling/s1v5_128_frequency_main_fixed
s1v5_128_frequency_main,bigram,1000,249,1.6498661814111402,31125,125,42,data/runs_scaling/s1v5_128_frequency_main_fixed
s1v5_128_frequency_main,bigram,1000,125,1.9916362284388116,26750,214,42,data/runs_scaling/s1v5_128_frequency_main_fixed
s1v5_128_frequency_main,bigram,1000,787,1.5933074152304068,14166,18,42,data/runs_scaling/s1v5_128_frequency_main_fixed
s1v5_128_frequency_main,bigram,1000,72,2.9882516725709887,22608,314,42,data/runs_scaling/s1v5_128_frequency_main_fixed
s1v5_128_frequency_main,bigram,1000,526,1.6132623955088023,20514,39,42,data/runs_scaling/s1v5_128_frequency_main_fixed
s1v5_128_frequency_main,bigram,1000,55,2.8963401200979813,17765,323,42,data/runs_scaling/s1v5_128_frequency_main_fixed
s1v5_128_frequency_main,bigram,1000,99,2.2586705128278073,24849,251,42,data/runs_scaling/s1v5_128_frequency_main_fixed
s1v5_128_frequency_main,bigram,1000,13,3.827245373415135,3770,290,42,data/runs_scaling/s1v5_128_frequency_main_fixed
s1v5_128_frequency_main,bigram,1000,716,1.6575287898833102,7876,11,42,data/runs_scaling/s1v5_128_frequency_main_fixed
s1v5_128_frequency_main,bigram,1000,1845,1.0434129238128662,1845,1,42,data/runs_scaling/s1v5_128_frequency_main_fixed
s1v5_128_frequency_main,bigram,1000,1577,1.9225643674532573,4731,3,42,data/runs_scaling/s1v5_128_frequency_main_fixed
s1v5_128_frequency_main,bigram,1000,25,3.7944732068523686,7950,318,42,data/runs_scaling/s1v5_128_frequency_main_fixed
s1v5_128_frequency_main,bigram,1000,457,1.4610223205391923,19651,43,42,data/runs_scaling/s1v5_128_frequency_main_fixed
s1v5_128_frequency_main,bigram,1000,97,2.318348721219167,27257,281,42,data/runs_scaling/s1v5_128_frequency_main_fixed
s1v5_128_frequency_main,bigram,1000,190,2.055431363498393,29640,156,42,data/runs_scaling/s1v5_128_frequency_main_fixed
s1v5_128_frequency_main,bigram,1000,551,1.9371051842603704,15979,29,42,data/runs_scaling/s1v5_128_frequency_main_fixed
s1v5_128_frequency_main,bigram,1000,508,1.1047002526047902,19812,39,42,data/runs_scaling/s1v5_128_frequency_main_fixed
s1v5_128_frequency_main,bigram,1000,761,1.2940510388143593,19025,25,42,data/runs_scaling/s1v5_128_frequency_main_fixed
s1v5_128_frequency_main,bigram,1000,34,2.906623513354102,11526,339,42,data/runs_scaling/s1v5_128_frequency_main_fixed
s1v5_128_frequency_main,bigram,1000,505,1.3235673573075069,22725,45,42,data/runs_scaling/s1v5_128_frequency_main_fixed
s1v5_128_frequency_main,bigram,1000,134,2.1470939304283676,28408,212,42,data/runs_scaling/s1v5_128_frequency_main_fixed
s1v5_128_frequency_main,bigram,1000,355,1.6212127554525995,18105,51,42,data/runs_scaling/s1v5_128_frequency_main_fixed
s1v5_128_frequency_main,bigram,1000,225,1.6828157560409382,27450,122,42,data/runs_scaling/s1v5_128_frequency_main_fixed
s1v5_128_frequency_main,bigram,1000,239,1.403616196225377,27485,115,42,data/runs_scaling/s1v5_128_frequency_main_fixed
s1v5_128_frequency_main,bigram,1000,47916,-0.786400318145752,47916,1,42,data/runs_scaling/s1v5_128_frequency_main_fixed
s1v5_128_frequency_main,bigram,1000,501,2.071858588962213,17034,34,42,data/runs_scaling/s1v5_128_frequency_main_fixed
s1v5_128_frequency_main,bigram,1000,47,2.9888099553316088,13348,284,42,data/runs_scaling/s1v5_128_frequency_main_fixed
s1v5_128_frequency_main,bigram,1000,605,1.565014211743167,19965,33,42,data/runs_scaling/s1v5_128_frequency_main_fixed
s1v5_128_frequency_main,bigram,1000,313,2.6267921599620885,22849,73,42,data/runs_scaling/s1v5_128_frequency_main_fixed
s1v5_128_frequency_main,bigram,1000,668,1.0433411155459216,14028,21,42,data/runs_scaling/s1v5_128_frequency_main_fixed
s1v5_128_frequency_main,bigram,1000,38,2.6886309022264174,12502,329,42,data/runs_scaling/s1v5_128_frequency_main_fixed
s1v5_128_frequency_main,bigram,1000,217,1.4370824612375912,32984,152,42,data/runs_scaling/s1v5_128_frequency_main_fixed
s1v5_128_frequency_main,bigram,1000,94,2.1736559866007945,25192,268,42,data/runs_scaling/s1v5_128_frequency_main_fixed
s1v5_128_frequency_main,bigram,1000,199,2.0010830855173785,27263,137,42,data/runs_scaling/s1v5_128_frequency_main_fixed
s1v5_128_frequency_main,bigram,1000,204,1.6889750450151042,26520,130,42,data/runs_scaling/s1v5_128_frequency_main_fixed
s1v5_128_frequency_main,bigram,1000,536,1.4551945442015553,16616,31,42,data/runs_scaling/s1v5_128_frequency_main_fixed
s1v5_128_frequency_main,bigram,1000,240,2.0554351438125824,26640,111,42,data/runs_scaling/s1v5_128_frequency_main_fixed
s1v5_128_frequency_main,bigram,1000,86,2.367089405589221,22102,257,42,data/runs_scaling/s1v5_128_frequency_main_fixed
s1v5_128_frequency_main,bigram,1000,83,2.8968535125459445,22742,274,42,data/runs_scaling/s1v5_128_frequency_main_fixed
s1v5_128_frequency_main,bigram,1000,137,2.0473150851340765,29866,218,42,data/runs_scaling/s1v5_128_frequency_main_fixed
s1v5_128_frequency_main,bigram,1000,572,1.057922373063775,18304,32,42,data/runs_scaling/s1v5_128_frequency_main_fixed
s1v5_128_frequency_main,bigram,1000,790,1.9343847127941747,14220,18,42,data/runs_scaling/s1v5_128_frequency_main_fixed
s1v5_128_frequency_main,bigram,1000,156,1.612901064846214,30108,193,42,data/runs_scaling/s1v5_128_frequency_main_fixed
s1v5_128_frequency_main,bigram,1000,687,1.041675039034869,14427,21,42,data/runs_scaling/s1v5_128_frequency_main_fixed
s1v5_128_frequency_main,bigram,1000,296,1.5660404562946628,24568,83,42,data/runs_scaling/s1v5_128_frequency_main_fixed
s1v5_128_frequency_main,bigram,1000,1078,0.635052592959255,4312,4,42,data/runs_scaling/s1v5_128_frequency_main_fixed
s1v5_128_frequency_main,bigram,1000,299,2.0327756784144624,29003,97,42,data/runs_scaling/s1v5_128_frequency_main_fixed
s1v5_128_frequency_main,bigram,1000,335,1.483596046311983,25460,76,42,data/runs_scaling/s1v5_128_frequency_main_fixed
s1v5_128_frequency_main,bigram,1000,236,2.110896778265588,31624,134,42,data/runs_scaling/s1v5_128_frequency_main_fixed
s1v5_128_frequency_main,bigram,1000,307,1.7298430785651242,23025,75,42,data/runs_scaling/s1v5_128_frequency_main_fixed
s1v5_128_frequency_main,bigram,1000,29,3.027311531807703,9222,318,42,data/runs_scaling/s1v5_128_frequency_main_fixed
s1v5_128_frequency_main,bigram,1000,136,2.452027439685731,27608,203,42,data/runs_scaling/s1v5_128_frequency_main_fixed
s1v5_128_frequency_main,bigram,1000,92,2.3576462341489632,25484,277,42,data/runs_scaling/s1v5_128_frequency_main_fixed
s1v5_128_frequency_main,bigram,1000,751,1.817386381206629,17273,23,42,data/runs_scaling/s1v5_128_frequency_main_fixed
s1v5_128_frequency_main,bigram,1000,742,2.527717145284017,11130,15,42,data/runs_scaling/s1v5_128_frequency_main_fixed
s1v5_128_frequency_main,bigram,1000,763,1.0124090231955052,11445,15,42,data/runs_scaling/s1v5_128_frequency_main_fixed
s1v5_128_frequency_main,bigram,1000,342,1.4139347607253092,26676,78,42,data/runs_scaling/s1v5_128_frequency_main_fixed
s1v5_128_frequency_main,bigram,1000,629,1.1855263277603727,11322,18,42,data/runs_scaling/s1v5_128_frequency_main_fixed
s1v5_128_frequency_main,bigram,1000,1390,-1.2903605606406927,5560,4,42,data/runs_scaling/s1v5_128_frequency_main_fixed
s1v5_128_frequency_main,bigram,1000,1036,1.478845437367757,3108,3,42,data/runs_scaling/s1v5_128_frequency_main_fixed
s1v5_128_frequency_main,bigram,1000,164,1.767902835866089,28208,172,42,data/runs_scaling/s1v5_128_frequency_main_fixed
s1v5_128_frequency_main,bigram,1000,607,1.751714779686279,17603,29,42,data/runs_scaling/s1v5_128_frequency_main_fixed
s1v5_128_frequency_main,bigram,1000,192,1.9292732058833182,32064,167,42,data/runs_scaling/s1v5_128_frequency_main_fixed
s1v5_128_frequency_main,bigram,1000,100,2.5274640360042446,25000,250,42,data/runs_scaling/s1v5_128_frequency_main_fixed
s1v5_128_frequency_main,bigram,1000,756,0.14984363196223663,13608,18,42,data/runs_scaling/s1v5_128_frequency_main_fixed
s1v5_128_frequency_main,bigram,1000,262,1.21319061312937,31178,119,42,data/runs_scaling/s1v5_128_frequency_main_fixed
s1v5_128_frequency_main,bigram,1000,33,3.0195768853799625,11352,344,42,data/runs_scaling/s1v5_128_frequency_main_fixed
s1v5_128_frequency_main,bigram,1000,539,1.29556642094758,17248,32,42,data/runs_scaling/s1v5_128_frequency_main_fixed
s1v5_128_frequency_main,bigram,1000,328,2.0142572790670172,25912,79,42,data/runs_scaling/s1v5_128_frequency_main_fixed
s1v5_128_frequency_main,bigram,1000,569,1.601702726654837,16501,29,42,data/runs_scaling/s1v5_128_frequency_main_fixed
s1v5_128_frequency_main,bigram,1000,5,5.637133420084138,1275,255,42,data/runs_scaling/s1v5_128_frequency_main_fixed
s1v5_128_frequency_main,bigram,1000,472,1.179226905068693,26904,57,42,data/runs_scaling/s1v5_128_frequency_main_fixed
s1v5_128_frequency_main,bigram,1000,95,2.314305070697913,24890,262,42,data/runs_scaling/s1v5_128_frequency_main_fixed
s1v5_128_frequency_main,bigram,1000,794,-0.26168387160739964,14292,18,42,data/runs_scaling/s1v5_128_frequency_main_fixed
s1v5_128_frequency_main,bigram,1000,879,0.37868752075346973,16701,19,42,data/runs_scaling/s1v5_128_frequency_main_fixed
s1v5_128_frequency_main,bigram,1000,793,1.6951214967827712,11102,14,42,data/runs_scaling/s1v5_128_frequency_main_fixed
s1v5_128_frequency_main,bigram,1000,869,-0.17121719537923732,10428,12,42,data/runs_scaling/s1v5_128_frequency_main_fixed
s1v5_128_frequency_main,bigram,1000,464,1.0101880116017128,22272,48,42,data/runs_scaling/s1v5_128_frequency_main_fixed
s1v5_128_frequency_main,bigram,1000,59,2.3392094668318735,17936,304,42,data/runs_scaling/s1v5_128_frequency_main_fixed
s1v5_128_frequency_main,bigram,1000,312,2.0650306804071885,22464,72,42,data/runs_scaling/s1v5_128_frequency_main_fixed
s1v5_128_frequency_main,bigram,1000,1247,1.9497946202754974,2494,2,42,data/runs_scaling/s1v5_128_frequency_main_fixed
s1v5_128_frequency_main,bigram,1000,1524,-0.2571507692337036,3048,2,42,data/runs_scaling/s1v5_128_frequency_main_fixed
s1v5_128_frequency_main,bigram,1000,253,2.1667624421266574,27830,110,42,data/runs_scaling/s1v5_128_frequency_main_fixed
s1v5_128_frequency_main,bigram,1000,421,1.1827173010361465,23155,55,42,data/runs_scaling/s1v5_128_frequency_main_fixed
s1v5_128_frequency_main,bigram,1000,21883,-0.25044575333595276,21883,1,42,data/runs_scaling/s1v5_128_frequency_main_fixed
s1v5_128_frequency_main,bigram,1000,903,2.8469954947630565,13545,15,42,data/runs_scaling/s1v5_128_frequency_main_fixed
s1v5_128_frequency_main,bigram,1000,101,2.129117647444933,23129,229,42,data/runs_scaling/s1v5_128_frequency_main_fixed
s1v5_128_frequency_main,bigram,1000,545,1.8365594021559037,26705,49,42,data/runs_scaling/s1v5_128_frequency_main_fixed
s1v5_128_frequency_main,bigram,1000,615,0.7590034805191681,15375,25,42,data/runs_scaling/s1v5_128_frequency_main_fixed
s1v5_128_frequency_main,bigram,1000,425,1.641552936785889,22950,54,42,data/runs_scaling/s1v5_128_frequency_main_fixed
s1v5_128_frequency_main,bigram,1000,178,1.8702558265580842,23318,131,42,data/runs_scaling/s1v5_128_frequency_main_fixed
s1v5_128_frequency_main,bigram,1000,523,1.2968232777872772,17259,33,42,data/runs_scaling/s1v5_128_frequency_main_fixed
s1v5_128_frequency_main,bigram,1000,454,0.22459595732685889,19976,44,42,data/runs_scaling/s1v5_128_frequency_main_fixed
s1v5_128_frequency_main,bigram,1000,735,2.4064846113712215,17640,24,42,data/runs_scaling/s1v5_128_frequency_main_fixed
s1v5_128_frequency_main,bigram,1000,327,1.089900989707962,19293,59,42,data/runs_scaling/s1v5_128_frequency_main_fixed
s1v5_128_frequency_main,bigram,1000,248,1.290887981444986,24056,97,42,data/runs_scaling/s1v5_128_frequency_main_fixed
s1v5_128_frequency_main,bigram,1000,1040,1.8284154532011598,4160,4,42,data/runs_scaling/s1v5_128_frequency_main_fixed
s1v5_128_frequency_main,bigram,1000,263,2.073411333665845,29982,114,42,data/runs_scaling/s1v5_128_frequency_main_fixed
s1v5_128_frequency_main,bigram,1000,19784,-1.5958080291748047,19784,1,42,data/runs_scaling/s1v5_128_frequency_main_fixed
s1v5_128_frequency_main,bigram,1000,54,2.519581488993745,18576,344,42,data/runs_scaling/s1v5_128_frequency_main_fixed
s1v5_128_frequency_main,bigram,1000,820,1.1947116702795029,6560,8,42,data/runs_scaling/s1v5_128_frequency_main_fixed
s1v5_128_frequency_main,bigram,1000,424,1.6293430089779508,22472,53,42,data/runs_scaling/s1v5_128_frequency_main_fixed
s1v5_128_frequency_main,bigram,1000,228,1.871401570560819,26676,117,42,data/runs_scaling/s1v5_128_frequency_main_fixed
s1v5_128_frequency_main,bigram,1000,423,1.9399535624620816,25380,60,42,data/runs_scaling/s1v5_128_frequency_main_fixed
s1v5_128_frequency_main,bigram,1000,484,1.322530238327625,16456,34,42,data/runs_scaling/s1v5_128_frequency_main_fixed
s1v5_128_frequency_main,bigram,1000,283,2.1364316149559706,26036,92,42,data/runs_scaling/s1v5_128_frequency_main_fixed
s1v5_128_frequency_main,bigram,1000,185,2.2644000068818593,30895,167,42,data/runs_scaling/s1v5_128_frequency_main_fixed
s1v5_128_frequency_main,bigram,1000,819,1.6108832255772807,13923,17,42,data/runs_scaling/s1v5_128_frequency_main_fixed
s1v5_128_frequency_main,bigram,1000,43,3.299395708959846,13631,317,42,data/runs_scaling/s1v5_128_frequency_main_fixed
s1v5_128_frequency_main,bigram,1000,548,2.900372572334163,17536,32,42,data/runs_scaling/s1v5_128_frequency_main_fixed
s1v5_128_frequency_main,bigram,1000,146,2.0041172445665287,28762,197,42,data/runs_scaling/s1v5_128_frequency_main_fixed
s1v5_128_frequency_main,bigram,1000,791,1.5295651201158762,15820,20,42,data/runs_scaling/s1v5_128_frequency_main_fixed
s1v5_128_frequency_main,bigram,1000,48,2.3124378756787864,14256,297,42,data/runs_scaling/s1v5_128_frequency_main_fixed
s1v5_128_frequency_main,bigram,1000,349,0.5456487313231264,22336,64,42,data/runs_scaling/s1v5_128_frequency_main_fixed
s1v5_128_frequency_main,bigram,1000,1272,3.6594472539921603,7632,6,42,data/runs_scaling/s1v5_128_frequency_main_fixed
s1v5_128_frequency_main,bigram,1000,3153,0.08210314065217972,6306,2,42,data/runs_scaling/s1v5_128_frequency_main_fixed
s1v5_128_frequency_main,bigram,1000,729,0.06550231740887587,17496,24,42,data/runs_scaling/s1v5_128_frequency_main_fixed
s1v5_128_frequency_main,bigram,1000,697,2.1498317221800485,8364,12,42,data/runs_scaling/s1v5_128_frequency_main_fixed
s1v5_128_frequency_main,bigram,1000,255,1.9297422610561625,27795,109,42,data/runs_scaling/s1v5_128_frequency_main_fixed
s1v5_128_frequency_main,bigram,1000,166,1.755386299114181,32204,194,42,data/runs_scaling/s1v5_128_frequency_main_fixed
s1v5_128_frequency_main,bigram,1000,592,1.656136723658578,19536,33,42,data/runs_scaling/s1v5_128_frequency_main_fixed
s1v5_128_frequency_main,bigram,1000,463,1.6105317737452232,26391,57,42,data/runs_scaling/s1v5_128_frequency_main_fixed
s1v5_128_frequency_main,bigram,1000,113,2.774915192349289,28363,251,42,data/runs_scaling/s1v5_128_frequency_main_fixed
s1v5_128_frequency_main,bigram,1000,529,2.0466663873754443,15870,30,42,data/runs_scaling/s1v5_128_frequency_main_fixed
s1v5_128_frequency_main,bigram,1000,339,1.1867015200824174,28137,83,42,data/runs_scaling/s1v5_128_frequency_main_fixed
s1v5_128_frequency_main,bigram,1000,8,4.171695175174981,2024,253,42,data/runs_scaling/s1v5_128_frequency_main_fixed
s1v5_128_frequency_main,bigram,1000,121,2.2708467739244558,29403,243,42,data/runs_scaling/s1v5_128_frequency_main_fixed
s1v5_128_frequency_main,bigram,1000,490,2.107303424544322,19110,39,42,data/runs_scaling/s1v5_128_frequency_main_fixed
s1v5_128_frequency_main,bigram,1000,837,0.9409834485162388,9207,11,42,data/runs_scaling/s1v5_128_frequency_main_fixed
s1v5_128_frequency_main,bigram,1000,486,1.8418121217937191,24786,51,42,data/runs_scaling/s1v5_128_frequency_main_fixed
s1v5_128_frequency_main,bigram,1000,422,1.2680189956582206,21522,51,42,data/runs_scaling/s1v5_128_frequency_main_fixed
s1v5_128_frequency_main,bigram,1000,175,1.5627886768612491,31675,181,42,data/runs_scaling/s1v5_128_frequency_main_fixed
s1v5_128_frequency_main,bigram,1000,243,1.353088786179609,31833,131,42,data/runs_scaling/s1v5_128_frequency_main_fixed
s1v5_128_frequency_main,bigram,1000,126,2.074242108151138,29736,236,42,data/runs_scaling/s1v5_128_frequency_main_fixed
s1v5_128_frequency_main,bigram,1000,949,1.5616501151040818,11388,12,42,data/runs_scaling/s1v5_128_frequency_main_fixed
s1v5_128_frequency_main,bigram,1000,300,1.5284503140853134,27300,91,42,data/runs_scaling/s1v5_128_frequency_main_fixed
s1v5_128_frequency_main,bigram,1000,303,1.2532185469319155,26361,87,42,data/runs_scaling/s1v5_128_frequency_main_fixed
s1v5_128_frequency_main,bigram,1000,291,1.5691589818514633,27936,96,42,data/runs_scaling/s1v5_128_frequency_main_fixed
s1v5_128_frequency_main,bigram,1000,710,1.1779752300963515,14910,21,42,data/runs_scaling/s1v5_128_frequency_main_fixed
s1v5_128_frequency_main,bigram,1000,595,2.5682291556346173,23800,40,42,data/runs_scaling/s1v5_128_frequency_main_fixed
s1v5_128_frequency_main,bigram,1000,96,1.8105110241424456,22368,233,42,data/runs_scaling/s1v5_128_frequency_main_fixed
s1v5_128_frequency_main,bigram,1000,579,2.4365670749587784,12159,21,42,data/runs_scaling/s1v5_128_frequency_main_fixed
s1v5_128_frequency_main,bigram,1000,149,2.559947942247378,27714,186,42,data/runs_scaling/s1v5_128_frequency_main_fixed
s1v5_128_frequency_main,bigram,1000,420,1.3425007981742965,16800,40,42,data/runs_scaling/s1v5_128_frequency_main_fixed
s1v5_128_frequency_main,bigram,1000,316,1.247598334555423,29704,94,42,data/runs_scaling/s1v5_128_frequency_main_fixed
s1v5_128_frequency_main,bigram,1000,476,1.1345729339279245,18088,38,42,data/runs_scaling/s1v5_128_frequency_main_fixed
s1v5_128_frequency_main,bigram,1000,1,6.970514042263338,112,112,42,data/runs_scaling/s1v5_128_frequency_main_fixed
s1v5_128_frequency_main,bigram,1000,153,1.850847178067843,31671,207,42,data/runs_scaling/s1v5_128_frequency_main_fixed
s1v5_128_frequency_main,bigram,1000,74,2.472466085759944,22940,310,42,data/runs_scaling/s1v5_128_frequency_main_fixed
s1v5_128_frequency_main,bigram,1000,798,0.95122256590163,13566,17,42,data/runs_scaling/s1v5_128_frequency_main_fixed
s1v5_128_frequency_main,bigram,1000,139,1.8609293547997368,23908,172,42,data/runs_scaling/s1v5_128_frequency_main_fixed
s1v5_128_frequency_main,bigram,1000,521,0.8903838275031917,19277,37,42,data/runs_scaling/s1v5_128_frequency_main_fixed
s1v5_128_frequency_main,bigram,1000,105,2.399533687806213,25410,242,42,data/runs_scaling/s1v5_128_frequency_main_fixed
s1v5_128_frequency_main,bigram,1000,698,1.3866666967377943,11866,17,42,data/runs_scaling/s1v5_128_frequency_main_fixed
s1v5_128_frequency_main,bigram,1000,191,1.4905579734936407,25785,135,42,data/runs_scaling/s1v5_128_frequency_main_fixed
s1v5_128_frequency_main,bigram,1000,469,1.5706058948441963,22043,47,42,data/runs_scaling/s1v5_128_frequency_main_fixed
s1v5_128_frequency_main,bigram,1000,382,0.7831211095087033,24830,65,42,data/runs_scaling/s1v5_128_frequency_main_fixed
s1v5_128_frequency_main,bigram,1000,781,2.643082247877663,17182,22,42,data/runs_scaling/s1v5_128_frequency_main_fixed
s1v5_128_frequency_main,bigram,1000,261,2.42804334489235,24534,94,42,data/runs_scaling/s1v5_128_frequency_main_fixed
s1v5_128_frequency_main,bigram,1000,197,2.0877449413752203,32702,166,42,data/runs_scaling/s1v5_128_frequency_main_fixed
s1v5_128_frequency_main,bigram,1000,267,1.6109154643898043,27234,102,42,data/runs_scaling/s1v5_128_frequency_main_fixed
s1v5_128_frequency_main,bigram,1000,162,2.019077586395793,29970,185,42,data/runs_scaling/s1v5_128_frequency_main_fixed
s1v5_128_frequency_main,bigram,1000,298,1.8414917870085437,29502,99,42,data/runs_scaling/s1v5_128_frequency_main_fixed
s1v5_128_frequency_main,bigram,1000,8271,-2.0784521102905273,8271,1,42,data/runs_scaling/s1v5_128_frequency_main_fixed
s1v5_128_frequency_main,bigram,1000,117,2.0358588170935614,23985,205,42,data/runs_scaling/s1v5_128_frequency_main_fixed
s1v5_128_frequency_main,bigram,1000,1245,3.147205352783203,3735,3,42,data/runs_scaling/s1v5_128_frequency_main_fixed
s1v5_128_frequency_main,bigram,1000,325,1.562945468562417,27950,86,42,data/runs_scaling/s1v5_128_frequency_main_fixed
s1v5_128_frequency_main,bigram,1000,238,1.5849400721052007,28560,120,42,data/runs_scaling/s1v5_128_frequency_main_fixed
s1v5_128_frequency_main,bigram,1000,774,1.0629629380030867,18576,24,42,data/runs_scaling/s1v5_128_frequency_main_fixed
s1v5_128_frequency_main,bigram,1000,641,3.24521424804282,8974,14,42,data/runs_scaling/s1v5_128_frequency_main_fixed
s1v5_128_frequency_main,bigram,1000,458,1.1713051528669893,20610,45,42,data/runs_scaling/s1v5_128_frequency_main_fixed
s1v5_128_frequency_main,bigram,1000,632,1.0315283267659001,17696,28,42,data/runs_scaling/s1v5_128_frequency_main_fixed
s1v5_128_frequency_main,bigram,1000,553,1.6562355525791645,16590,30,42,data/runs_scaling/s1v5_128_frequency_main_fixed
s1v5_128_frequency_main,bigram,1000,667,-0.05785993358381347,21344,32,42,data/runs_scaling/s1v5_128_frequency_main_fixed
s1v5_128_frequency_main,bigram,1000,284,1.9979993767835182,29252,103,42,data/runs_scaling/s1v5_128_frequency_main_fixed
s1v5_128_frequency_main,bigram,1000,76,2.451218787665362,20444,269,42,data/runs_scaling/s1v5_128_frequency_main_fixed
s1v5_128_frequency_main,bigram,1000,7360,0.097525954246521,7360,1,42,data/runs_scaling/s1v5_128_frequency_main_fixed
s1v5_128_frequency_main,bigram,1000,350,1.9538609248477978,22750,65,42,data/runs_scaling/s1v5_128_frequency_main_fixed
s1v5_128_frequency_main,bigram,1000,8316,7.884174149483442,8316,1,42,data/runs_scaling/s1v5_128_frequency_main_fixed
s1v5_128_frequency_main,bigram,1000,344,1.7362171601658167,29240,85,42,data/runs_scaling/s1v5_128_frequency_main_fixed
s1v5_128_frequency_main,bigram,1000,471,1.2346298788275039,16485,35,42,data/runs_scaling/s1v5_128_frequency_main_fixed
s1v5_128_frequency_main,bigram,1000,7658,0.8788201808929443,7658,1,42,data/runs_scaling/s1v5_128_frequency_main_fixed
s1v5_128_frequency_main,bigram,1000,1236,2.0798979911953213,6180,5,42,data/runs_scaling/s1v5_128_frequency_main_fixed
s1v5_128_frequency_main,bigram,1000,2,6.339232100968073,338,169,42,data/runs_scaling/s1v5_128_frequency_main_fixed
s1v5_128_frequency_main,bigram,1000,451,1.001479710352693,17138,38,42,data/runs_scaling/s1v5_128_frequency_main_fixed
s1v5_128_frequency_main,bigram,1000,721,1.557584534824855,11536,16,42,data/runs_scaling/s1v5_128_frequency_main_fixed
s1v5_128_frequency_main,bigram,1000,489,1.897149399819186,21516,44,42,data/runs_scaling/s1v5_128_frequency_main_fixed
s1v5_128_frequency_main,bigram,1000,728,1.289720780820062,11648,16,42,data/runs_scaling/s1v5_128_frequency_main_fixed
s1v5_128_frequency_main,bigram,1000,455,1.6518148593155535,15925,35,42,data/runs_scaling/s1v5_128_frequency_main_fixed
s1v5_128_frequency_main,bigram,1000,336,2.005909443656694,24192,72,42,data/runs_scaling/s1v5_128_frequency_main_fixed
s1v5_128_frequency_main,bigram,1000,7094,-0.3733510971069336,7094,1,42,data/runs_scaling/s1v5_128_frequency_main_fixed
s1v5_128_frequency_main,bigram,1000,122,2.471656989552343,26962,221,42,data/runs_scaling/s1v5_128_frequency_main_fixed
s1v5_128_frequency_main,bigram,1000,795,2.2371677001938224,6360,8,42,data/runs_scaling/s1v5_128_frequency_main_fixed
s1v5_128_frequency_main,bigram,1000,147,2.1284170378732963,29400,200,42,data/runs_scaling/s1v5_128_frequency_main_fixed
s1v5_128_frequency_main,bigram,1000,519,2.0440586396960883,19722,38,42,data/runs_scaling/s1v5_128_frequency_main_fixed
s1v5_128_frequency_main,bigram,1000,4996,-2.1262489557266235,4996,1,42,data/runs_scaling/s1v5_128_frequency_main_fixed
s1v5_128_frequency_main,bigram,1000,285,1.909237737756815,25080,88,42,data/runs_scaling/s1v5_128_frequency_main_fixed
s1v5_128_frequency_main,bigram,1000,368,2.22722179786304,22816,62,42,data/runs_scaling/s1v5_128_frequency_main_fixed
s1v5_128_frequency_main,bigram,1000,688,1.7534147542543137,17888,26,42,data/runs_scaling/s1v5_128_frequency_main_fixed
s1v5_128_frequency_main,bigram,1000,514,1.843223564637204,21588,42,42,data/runs_scaling/s1v5_128_frequency_main_fixed
s1v5_128_frequency_main,bigram,1000,917,0.7315265326337381,10087,11,42,data/runs_scaling/s1v5_128_frequency_main_fixed
s1v5_128_frequency_main,bigram,1000,211,2.229547055368357,27008,128,42,data/runs_scaling/s1v5_128_frequency_main_fixed
s1v5_128_frequency_main,bigram,1000,207,1.6371622147231812,30429,147,42,data/runs_scaling/s1v5_128_frequency_main_fixed
s1v5_128_frequency_main,bigram,1000,4611,-0.812957763671875,4611,1,42,data/runs_scaling/s1v5_128_frequency_main_fixed
s1v5_128_frequency_main,bigram,1000,853,1.7490430444478988,8530,10,42,data/runs_scaling/s1v5_128_frequency_main_fixed
s1v5_128_frequency_main,bigram,1000,305,1.8455923278947182,26230,86,42,data/runs_scaling/s1v5_128_frequency_main_fixed
s1v5_128_frequency_main,bigram,1000,534,1.8308421369908112,18690,35,42,data/runs_scaling/s1v5_128_frequency_main_fixed
s1v5_128_frequency_main,bigram,1000,4274,4.030406177043915,4274,1,42,data/runs_scaling/s1v5_128_frequency_main_fixed
s1v5_128_frequency_main,bigram,1000,174,2.300321215116128,28884,166,42,data/runs_scaling/s1v5_128_frequency_main_fixed
s1v5_128_frequency_main,bigram,1000,180,1.823471266836739,28620,159,42,data/runs_scaling/s1v5_128_frequency_main_fixed
s1v5_128_frequency_main,bigram,1000,330,1.6550195928637499,24090,73,42,data/runs_scaling/s1v5_128_frequency_main_fixed
s1v5_128_frequency_main,bigram,1000,232,2.3690179631002692,26680,115,42,data/runs_scaling/s1v5_128_frequency_main_fixed
s1v5_128_frequency_main,bigram,1000,252,2.3307830088081456,25452,101,42,data/runs_scaling/s1v5_128_frequency_main_fixed
s1v5_128_frequency_main,bigram,1000,600,0.11931300954893231,9600,16,42,data/runs_scaling/s1v5_128_frequency_main_fixed
s1v5_128_frequency_main,bigram,1000,543,1.5284689623793517,14661,27,42,data/runs_scaling/s1v5_128_frequency_main_fixed
s1v5_128_frequency_main,bigram,1000,419,1.2749561821684665,26816,64,42,data/runs_scaling/s1v5_128_frequency_main_fixed
s1v5_128_frequency_main,bigram,1000,461,1.9509229776325279,18901,41,42,data/runs_scaling/s1v5_128_frequency_main_fixed
s1v5_128_frequency_main,bigram,1000,3891,-0.17869234085083008,3891,1,42,data/runs_scaling/s1v5_128_frequency_main_fixed
s1v5_128_frequency_main,bigram,1000,3778,1.1935135126113892,7556,2,42,data/runs_scaling/s1v5_128_frequency_main_fixed
s1v5_128_frequency_main,bigram,1000,691,1.543639699742198,13820,20,42,data/runs_scaling/s1v5_128_frequency_main_fixed
s1v5_128_frequency_main,bigram,1000,409,0.6113435232694796,19223,47,42,data/runs_scaling/s1v5_128_frequency_main_fixed
s1v5_128_frequency_main,bigram,1000,127,2.530542097355741,25527,201,42,data/runs_scaling/s1v5_128_frequency_main_fixed
s1v5_128_frequency_main,bigram,1000,165,1.8953288645073205,29865,181,42,data/runs_scaling/s1v5_128_frequency_main_fixed
s1v5_128_frequency_main,bigram,1000,780,0.8653548752601423,13260,17,42,data/runs_scaling/s1v5_128_frequency_main_fixed
s1v5_128_frequency_main,bigram,1000,494,0.14261289912229946,21242,43,42,data/runs_scaling/s1v5_128_frequency_main_fixed
s1v5_128_frequency_main,bigram,1000,5052,0.2731645107269287,5052,1,42,data/runs_scaling/s1v5_128_frequency_main_fixed
s1v5_128_frequency_main,bigram,1000,405,1.998275264516528,23895,59,42,data/runs_scaling/s1v5_128_frequency_main_fixed
s1v5_128_frequency_main,bigram,1000,4763,3.4354730620980263,4763,1,42,data/runs_scaling/s1v5_128_frequency_main_fixed
s1v5_128_frequency_main,bigram,1000,245,1.8307320201505228,25480,104,42,data/runs_scaling/s1v5_128_frequency_main_fixed
s1v5_128_frequency_main,bigram,1000,212,1.434206510299013,30316,143,42,data/runs_scaling/s1v5_128_frequency_main_fixed
s1v5_128_frequency_main,bigram,1000,68,2.431615083499672,23052,339,42,data/runs_scaling/s1v5_128_frequency_main_fixed
s1v5_128_frequency_main,bigram,1000,379,1.9970451823871147,29183,77,42,data/runs_scaling/s1v5_128_frequency_main_fixed
s1v5_128_frequency_main,bigram,1000,960,3.0473248100218675,11520,12,42,data/runs_scaling/s1v5_128_frequency_main_fixed
s1v5_128_frequency_main,bigram,1000,686,1.7096448315839683,14406,21,42,data/runs_scaling/s1v5_128_frequency_main_fixed
s1v5_128_frequency_main,bigram,1000,233,1.9536610349205425,30523,131,42,data/runs_scaling/s1v5_128_frequency_main_fixed
s1v5_128_frequency_main,bigram,1000,218,1.5542671549507245,25070,115,42,data/runs_scaling/s1v5_128_frequency_main_fixed
s1v5_128_frequency_main,bigram,1000,222,1.8995543283098653,27084,122,42,data/runs_scaling/s1v5_128_frequency_main_fixed
s1v5_128_frequency_main,bigram,1000,649,3.421507230130027,13629,21,42,data/runs_scaling/s1v5_128_frequency_main_fixed
s1v5_128_frequency_main,bigram,1000,810,0.5582254932739618,11340,14,42,data/runs_scaling/s1v5_128_frequency_main_fixed
s1v5_128_frequency_main,bigram,1000,609,1.4206819190038475,16443,27,42,data/runs_scaling/s1v5_128_frequency_main_fixed
s1v5_128_frequency_main,bigram,1000,3799,-5.229537725448608,3799,1,42,data/runs_scaling/s1v5_128_frequency_main_fixed
s1v5_128_frequency_main,bigram,1000,416,1.1237373537234683,22464,54,42,data/runs_scaling/s1v5_128_frequency_main_fixed
s1v5_128_frequency_main,bigram,1000,768,2.6491800431783,11520,15,42,data/runs_scaling/s1v5_128_frequency_main_fixed
s1v5_128_frequency_main,bigram,1000,2709,-0.10076731443405151,2709,1,42,data/runs_scaling/s1v5_128_frequency_main_fixed
s1v5_128_frequency_main,bigram,1000,2094,-0.18323183059692383,2094,1,42,data/runs_scaling/s1v5_128_frequency_main_fixed
s1v5_128_frequency_main,bigram,1000,1463,4.701952278614044,5852,4,42,data/runs_scaling/s1v5_128_frequency_main_fixed
s1v5_128_frequency_main,bigram,1000,244,1.9096857140733239,32208,132,42,data/runs_scaling/s1v5_128_frequency_main_fixed
s1v5_128_frequency_main,bigram,1000,3596,5.823153018951416,3596,1,42,data/runs_scaling/s1v5_128_frequency_main_fixed
s1v5_128_frequency_main,bigram,1000,807,0.47709804053107896,12105,15,42,data/runs_scaling/s1v5_128_frequency_main_fixed
s1v5_128_frequency_main,bigram,1000,771,1.932514532469213,9252,12,42,data/runs_scaling/s1v5_128_frequency_main_fixed
s1v5_128_frequency_main,bigram,1000,946,2.533612945629284,14190,15,42,data/runs_scaling/s1v5_128_frequency_main_fixed
s1v5_128_frequency_main,bigram,1000,2348,2.9887154698371887,4696,2,42,data/runs_scaling/s1v5_128_frequency_main_fixed
s1v5_128_frequency_main,bigram,1000,163,2.273447756663265,29992,184,42,data/runs_scaling/s1v5_128_frequency_main_fixed
s1v5_128_frequency_main,bigram,1000,562,0.9565147375396919,24728,44,42,data/runs_scaling/s1v5_128_frequency_main_fixed
s1v5_128_frequency_main,bigram,1000,479,0.9620645970026863,22513,47,42,data/runs_scaling/s1v5_128_frequency_main_fixed
s1v5_128_frequency_main,bigram,1000,482,0.7285749973741839,17834,37,42,data/runs_scaling/s1v5_128_frequency_main_fixed
s1v5_128_frequency_main,bigram,1000,3025,-7.16228723526001,3025,1,42,data/runs_scaling/s1v5_128_frequency_main_fixed
s1v5_128_frequency_main,bigram,1000,111,2.031653788032152,27972,252,42,data/runs_scaling/s1v5_128_frequency_main_fixed
s1v5_128_frequency_main,bigram,1000,168,2.490467941527704,26376,157,42,data/runs_scaling/s1v5_128_frequency_main_fixed
s1v5_128_frequency_main,bigram,1000,193,1.6365799627057602,27599,143,42,data/runs_scaling/s1v5_128_frequency_main_fixed
s1v5_128_frequency_main,bigram,1000,1538,4.073561668395996,1538,1,42,data/runs_scaling/s1v5_128_frequency_main_fixed
s1v5_128_frequency_main,bigram,1000,1168,3.4555280747202537,3504,3,42,data/runs_scaling/s1v5_128_frequency_main_fixed
s1v5_128_frequency_main,bigram,1000,3,5.288839291930344,636,212,42,data/runs_scaling/s1v5_128_frequency_main_fixed
s1v5_128_frequency_main,bigram,1000,805,2.2713865378808062,17710,22,42,data/runs_scaling/s1v5_128_frequency_main_fixed
s1v5_128_frequency_main,bigram,1000,492,0.9803026499331838,15252,31,42,data/runs_scaling/s1v5_128_frequency_main_fixed
s1v5_128_frequency_main,bigram,1000,4037,-0.047602033242583275,4037,1,42,data/runs_scaling/s1v5_128_frequency_main_fixed
s1v5_128_frequency_main,bigram,1000,183,2.099552095826859,26901,147,42,data/runs_scaling/s1v5_128_frequency_main_fixed
s1v5_128_frequency_main,bigram,1000,302,1.9151252717804794,29294,97,42,data/runs_scaling/s1v5_128_frequency_main_fixed
s1v5_128_frequency_main,bigram,1000,133,2.249137251610803,27398,206,42,data/runs_scaling/s1v5_128_frequency_main_fixed
s1v5_128_frequency_main,bigram,1000,293,2.1609986618651282,27542,94,42,data/runs_scaling/s1v5_128_frequency_main_fixed
s1v5_128_frequency_main,bigram,1000,177,1.7774401826253678,31860,180,42,data/runs_scaling/s1v5_128_frequency_main_fixed
s1v5_128_frequency_main,bigram,1000,928,0.8234958149814269,19488,21,42,data/runs_scaling/s1v5_128_frequency_main_fixed
s1v5_128_frequency_main,bigram,1000,1914,2.645142078399658,3828,2,42,data/runs_scaling/s1v5_128_frequency_main_fixed
s1v5_128_frequency_main,bigram,1000,2530,0.5936459302902222,10120,4,42,data/runs_scaling/s1v5_128_frequency_main_fixed
s1v5_128_frequency_main,bigram,1000,799,1.0997048006247496,12784,16,42,data/runs_scaling/s1v5_128_frequency_main_fixed
s1v5_128_frequency_main,bigram,1000,542,1.7338892463241902,17886,33,42,data/runs_scaling/s1v5_128_frequency_main_fixed
s1v5_128_frequency_main,bigram,1000,413,1.8764159234063602,19824,48,42,data/runs_scaling/s1v5_128_frequency_main_fixed
s1v5_128_frequency_main,bigram,1000,2621,3.903351037763059,10484,4,42,data/runs_scaling/s1v5_128_frequency_main_fixed
s1v5_128_frequency_main,bigram,1000,356,1.7574458074824006,26344,74,42,data/runs_scaling/s1v5_128_frequency_main_fixed
s1v5_128_frequency_main,bigram,1000,857,2.2594569132810363,16283,19,42,data/runs_scaling/s1v5_128_frequency_main_fixed
s1v5_128_frequency_main,bigram,1000,705,0.9098688626347666,11280,16,42,data/runs_scaling/s1v5_128_frequency_main_fixed
s1v5_128_frequency_main,bigram,1000,713,1.288278605369851,7130,10,42,data/runs_scaling/s1v5_128_frequency_main_fixed
s1v5_128_frequency_main,bigram,1000,962,0.541259731565203,6734,7,42,data/runs_scaling/s1v5_128_frequency_main_fixed
s1v5_128_frequency_main,bigram,1000,765,1.719945703506131,16830,22,42,data/runs_scaling/s1v5_128_frequency_main_fixed
s1v5_128_frequency_main,bigram,1000,739,2.0818481305959047,19953,27,42,data/runs_scaling/s1v5_128_frequency_main_fixed
s1v5_128_frequency_main,bigram,1000,2092,-1.5040562152862549,2092,1,42,data/runs_scaling/s1v5_128_frequency_main_fixed
s1v5_128_frequency_main,bigram,1000,773,0.6468261134411607,10822,14,42,data/runs_scaling/s1v5_128_frequency_main_fixed
s1v5_128_frequency_main,bigram,1000,811,-0.5267844876417747,10543,13,42,data/runs_scaling/s1v5_128_frequency_main_fixed
s1v5_128_frequency_main,bigram,1000,627,2.758964721306131,18183,29,42,data/runs_scaling/s1v5_128_frequency_main_fixed
s1v5_128_frequency_main,bigram,1000,230,1.8902797077321039,31510,137,42,data/runs_scaling/s1v5_128_frequency_main_fixed
s1v5_128_frequency_main,bigram,1000,393,1.2183427868658327,25152,64,42,data/runs_scaling/s1v5_128_frequency_main_fixed
s1v5_128_frequency_main,bigram,1000,481,1.0415040300401226,25493,53,42,data/runs_scaling/s1v5_128_frequency_main_fixed
s1v5_128_frequency_main,bigram,1000,758,2.8582605517784336,18192,24,42,data/runs_scaling/s1v5_128_frequency_main_fixed
s1v5_128_frequency_main,bigram,1000,531,1.919835735182278,10620,20,42,data/runs_scaling/s1v5_128_frequency_main_fixed
s1v5_128_frequency_main,bigram,1000,720,1.3384149240754435,12240,17,42,data/runs_scaling/s1v5_128_frequency_main_fixed
s1v5_128_frequency_main,bigram,1000,544,1.841542542474722,20128,37,42,data/runs_scaling/s1v5_128_frequency_main_fixed
s1v5_128_frequency_main,bigram,1000,280,2.1593751749746373,24360,87,42,data/runs_scaling/s1v5_128_frequency_main_fixed
s1v5_128_frequency_main,bigram,1000,737,0.49541629076396165,14003,19,42,data/runs_scaling/s1v5_128_frequency_main_fixed
s1v5_128_frequency_main,bigram,1000,431,1.752777104109626,21981,51,42,data/runs_scaling/s1v5_128_frequency_main_fixed
s1v5_128_frequency_main,bigram,1000,951,4.473972859792411,5706,6,42,data/runs_scaling/s1v5_128_frequency_main_fixed
s1v5_128_frequency_main,bigram,1000,398,1.0652098515374024,25074,63,42,data/runs_scaling/s1v5_128_frequency_main_fixed
s1v5_128_frequency_main,bigram,1000,24,3.0898372302601214,7632,318,42,data/runs_scaling/s1v5_128_frequency_main_fixed
s1v5_128_frequency_main,bigram,1000,1917,-7.129754662513733,1917,1,42,data/runs_scaling/s1v5_128_frequency_main_fixed
s1v5_128_frequency_main,bigram,1000,1743,0.46015673875808716,3486,2,42,data/runs_scaling/s1v5_128_frequency_main_fixed
s1v5_128_frequency_main,bigram,1000,369,1.0067780356232625,25830,70,42,data/runs_scaling/s1v5_128_frequency_main_fixed
s1v5_128_frequency_main,bigram,1000,467,1.770049452299772,20081,43,42,data/runs_scaling/s1v5_128_frequency_main_fixed
s1v5_128_frequency_main,bigram,1000,410,1.332587377886739,26240,64,42,data/runs_scaling/s1v5_128_frequency_main_fixed
s1v5_128_frequency_main,bigram,1000,1038,1.4836013168096542,4152,4,42,data/runs_scaling/s1v5_128_frequency_main_fixed
s1v5_128_frequency_main,bigram,1000,338,1.1606807191038906,24674,73,42,data/runs_scaling/s1v5_128_frequency_main_fixed
s1v5_128_frequency_main,bigram,1000,617,0.7119096520822495,18510,30,42,data/runs_scaling/s1v5_128_frequency_main_fixed
s1v5_128_frequency_main,bigram,1000,1708,-2.5393038789431253,5124,3,42,data/runs_scaling/s1v5_128_frequency_main_fixed
s1v5_128_frequency_main,bigram,1000,659,1.7015322203792276,13839,21,42,data/runs_scaling/s1v5_128_frequency_main_fixed
s1v5_128_frequency_main,bigram,1000,91,1.907539924537885,24388,268,42,data/runs_scaling/s1v5_128_frequency_main_fixed
s1v5_128_frequency_main,bigram,1000,1629,1.9714951794594526,3258,2,42,data/runs_scaling/s1v5_128_frequency_main_fixed
s1v5_128_frequency_main,bigram,1000,1986,3.4635573625564575,3972,2,42,data/runs_scaling/s1v5_128_frequency_main_fixed
s1v5_128_frequency_main,bigram,1000,1747,-1.2696901472906272,5241,3,42,data/runs_scaling/s1v5_128_frequency_main_fixed
s1v5_128_frequency_main,bigram,1000,289,1.4011275855962515,26299,91,42,data/runs_scaling/s1v5_128_frequency_main_fixed
s1v5_128_frequency_main,bigram,1000,1398,2.936786249279976,5592,4,42,data/runs_scaling/s1v5_128_frequency_main_fixed
s1v5_128_frequency_main,bigram,1000,910,1.948147197254002,14560,16,42,data/runs_scaling/s1v5_128_frequency_main_fixed
s1v5_128_frequency_main,bigram,1000,57,2.5479308175429582,14820,260,42,data/runs_scaling/s1v5_128_frequency_main_fixed
s1v5_128_frequency_main,bigram,1000,401,2.1966999837726084,24060,60,42,data/runs_scaling/s1v5_128_frequency_main_fixed
s1v5_128_frequency_main,bigram,1000,753,0.8920253110883701,15813,21,42,data/runs_scaling/s1v5_128_frequency_main_fixed
s1v5_128_frequency_main,bigram,1000,226,1.4121776416376233,28250,125,42,data/runs_scaling/s1v5_128_frequency_main_fixed
s1v5_128_frequency_main,bigram,1000,1401,2.63507878780365,2802,2,42,data/runs_scaling/s1v5_128_frequency_main_fixed
s1v5_128_frequency_main,bigram,1000,337,1.7342791823543582,22916,68,42,data/runs_scaling/s1v5_128_frequency_main_fixed
s1v5_128_frequency_main,bigram,1000,552,2.0704507906859937,20976,38,42,data/runs_scaling/s1v5_128_frequency_main_fixed
s1v5_128_frequency_main,bigram,1000,1292,-2.2624436020851135,2584,2,42,data/runs_scaling/s1v5_128_frequency_main_fixed
s1v5_128_frequency_main,bigram,1000,898,0.7595763103147626,9878,11,42,data/runs_scaling/s1v5_128_frequency_main_fixed
s1v5_128_frequency_main,bigram,1000,1110,2.63288501650095,4440,4,42,data/runs_scaling/s1v5_128_frequency_main_fixed
s1v5_128_frequency_main,bigram,1000,1350,2.699040986597538,5400,4,42,data/runs_scaling/s1v5_128_frequency_main_fixed
s1v5_128_frequency_main,bigram,1000,276,1.405519107102203,20700,75,42,data/runs_scaling/s1v5_128_frequency_main_fixed
s1v5_128_frequency_main,bigram,1000,1192,-1.0087008198024705,3576,3,42,data/runs_scaling/s1v5_128_frequency_main_fixed
s1v5_128_frequency_main,bigram,1000,397,1.175419630348333,19850,50,42,data/runs_scaling/s1v5_128_frequency_main_fixed
s1v5_128_frequency_main,bigram,1000,684,1.7112044812289668,11628,17,42,data/runs_scaling/s1v5_128_frequency_main_fixed
s1v5_128_frequency_main,bigram,1000,376,1.6015126626921559,19928,53,42,data/runs_scaling/s1v5_128_frequency_main_fixed
s1v5_128_frequency_main,bigram,1000,1921,-2.9634847790002823,1921,1,42,data/runs_scaling/s1v5_128_frequency_main_fixed
s1v5_128_frequency_main,bigram,1000,554,0.8654485936794016,14958,27,42,data/runs_scaling/s1v5_128_frequency_main_fixed
s1v5_128_frequency_main,bigram,1000,706,2.153444830102451,23298,33,42,data/runs_scaling/s1v5_128_frequency_main_fixed
s1v5_128_frequency_main,bigram,1000,841,1.2650541920447722,13456,16,42,data/runs_scaling/s1v5_128_frequency_main_fixed
s1v5_128_frequency_main,bigram,1000,1037,1.7267096638679504,7259,7,42,data/runs_scaling/s1v5_128_frequency_main_fixed
s1v5_128_frequency_main,bigram,1000,876,2.79677763537449,14892,17,42,data/runs_scaling/s1v5_128_frequency_main_fixed
s1v5_128_frequency_main,bigram,1000,333,1.8808864440939104,21645,65,42,data/runs_scaling/s1v5_128_frequency_main_fixed
s1v5_128_frequency_main,bigram,1000,834,0.6858852577875041,13344,16,42,data/runs_scaling/s1v5_128_frequency_main_fixed
s1v5_128_frequency_main,bigram,1000,2412,-1.902585431933403,4824,2,42,data/runs_scaling/s1v5_128_frequency_main_fixed
s1v5_128_frequency_main,bigram,1000,613,1.581267306783601,14099,23,42,data/runs_scaling/s1v5_128_frequency_main_fixed
s1v5_128_frequency_main,bigram,1000,664,-0.19751581722327197,15936,24,42,data/runs_scaling/s1v5_128_frequency_main_fixed
s1v5_128_frequency_main,bigram,1000,727,2.2723527841178863,16721,23,42,data/runs_scaling/s1v5_128_frequency_main_fixed
s1v5_128_frequency_main,bigram,1000,707,2.373414801295709,19089,27,42,data/runs_scaling/s1v5_128_frequency_main_fixed
s1v5_128_frequency_main,bigram,1000,62,2.729005802198899,18662,301,42,data/runs_scaling/s1v5_128_frequency_main_fixed
s1v5_128_frequency_main,bigram,1000,717,1.0642288231152903,19359,27,42,data/runs_scaling/s1v5_128_frequency_main_fixed
s1v5_128_frequency_main,bigram,1000,219,1.9876001992508043,25623,117,42,data/runs_scaling/s1v5_128_frequency_main_fixed
s1v5_128_frequency_main,bigram,1000,430,1.8384936338860465,18490,43,42,data/runs_scaling/s1v5_128_frequency_main_fixed
s1v5_128_frequency_main,bigram,1000,535,1.8283388664387166,13375,25,42,data/runs_scaling/s1v5_128_frequency_main_fixed
s1v5_128_frequency_main,bigram,1000,452,1.0508938386076492,22148,49,42,data/runs_scaling/s1v5_128_frequency_main_fixed
s1v5_128_frequency_main,bigram,1000,540,1.1893237801692025,17820,33,42,data/runs_scaling/s1v5_128_frequency_main_fixed
s1v5_128_frequency_main,bigram,1000,216,1.3426879696177496,29592,137,42,data/runs_scaling/s1v5_128_frequency_main_fixed
s1v5_128_frequency_main,bigram,1000,221,1.5622047261099643,28509,129,42,data/runs_scaling/s1v5_128_frequency_main_fixed
s1v5_128_frequency_main,bigram,1000,499,1.3272351931728836,17964,36,42,data/runs_scaling/s1v5_128_frequency_main_fixed
s1v5_128_frequency_main,bigram,1000,653,1.3924874204691378,20896,32,42,data/runs_scaling/s1v5_128_frequency_main_fixed
s1v5_128_frequency_main,bigram,1000,347,1.584073216406212,26372,76,42,data/runs_scaling/s1v5_128_frequency_main_fixed
s1v5_128_frequency_main,bigram,1000,657,0.6625953165485579,11169,17,42,data/runs_scaling/s1v5_128_frequency_main_fixed
s1v5_128_frequency_main,bigram,1000,594,2.4819043249719672,16038,27,42,data/runs_scaling/s1v5_128_frequency_main_fixed
s1v5_128_frequency_main,bigram,1000,670,0.9862551896157028,12060,18,42,data/runs_scaling/s1v5_128_frequency_main_fixed
s1v5_128_frequency_main,bigram,1000,388,1.8710463263636425,23668,61,42,data/runs_scaling/s1v5_128_frequency_main_fixed
s1v5_128_frequency_main,bigram,1000,485,0.8364379076883779,15520,32,42,data/runs_scaling/s1v5_128_frequency_main_fixed
s1v5_128_frequency_main,bigram,1000,525,1.2859271764058289,19950,38,42,data/runs_scaling/s1v5_128_frequency_main_fixed
s1v5_128_frequency_main,bigram,1000,477,2.150326050864856,25758,54,42,data/runs_scaling/s1v5_128_frequency_main_fixed
s1v5_128_frequency_main,bigram,1000,406,2.049218504494903,22330,55,42,data/runs_scaling/s1v5_128_frequency_main_fixed
s1v5_128_frequency_main,bigram,1000,887,-0.5789157026089155,11531,13,42,data/runs_scaling/s1v5_128_frequency_main_fixed
s1v5_128_frequency_main,bigram,1000,351,1.9992915845865413,21411,61,42,data/runs_scaling/s1v5_128_frequency_main_fixed
s1v5_128_frequency_main,bigram,1000,920,0.44259896998604137,11040,12,42,data/runs_scaling/s1v5_128_frequency_main_fixed
s1v5_128_frequency_main,bigram,1000,599,1.720194271816581,14376,24,42,data/runs_scaling/s1v5_128_frequency_main_fixed
s1v5_128_frequency_main,bigram,1000,309,2.62392240204506,25956,84,42,data/runs_scaling/s1v5_128_frequency_main_fixed
s1v5_128_frequency_main,bigram,1000,392,2.6942624843933367,21560,55,42,data/runs_scaling/s1v5_128_frequency_main_fixed
s1v5_128_frequency_main,bigram,1000,988,1.708029493689537,5928,6,42,data/runs_scaling/s1v5_128_frequency_main_fixed
s1v5_128_frequency_main,bigram,1000,274,1.9342960879093014,28770,105,42,data/runs_scaling/s1v5_128_frequency_main_fixed
s1v5_128_frequency_main,bigram,1000,365,1.7639510915664087,19345,53,42,data/runs_scaling/s1v5_128_frequency_main_fixed
s1v5_128_frequency_main,bigram,1000,785,2.9657671489277044,18055,23,42,data/runs_scaling/s1v5_128_frequency_main_fixed
s1v5_128_frequency_main,bigram,1000,400,1.4841978233916135,17600,44,42,data/runs_scaling/s1v5_128_frequency_main_fixed
s1v5_128_frequency_main,bigram,1000,387,1.22447683405592,22446,58,42,data/runs_scaling/s1v5_128_frequency_main_fixed
s1v5_128_frequency_main,bigram,1000,648,0.96802145460554,13608,21,42,data/runs_scaling/s1v5_128_frequency_main_fixed
s1v5_128_frequency_main,bigram,1000,322,2.0312035559955426,21896,68,42,data/runs_scaling/s1v5_128_frequency_main_fixed
s1v5_128_frequency_main,bigram,1000,315,2.1040252803345645,27090,86,42,data/runs_scaling/s1v5_128_frequency_main_fixed
s1v5_128_frequency_main,bigram,1000,622,1.2006588216871024,9330,15,42,data/runs_scaling/s1v5_128_frequency_main_fixed
s1v5_128_frequency_main,bigram,1000,846,2.4924172752847276,15228,18,42,data/runs_scaling/s1v5_128_frequency_main_fixed
s1v5_128_frequency_main,bigram,1000,363,1.5933414615069257,24684,68,42,data/runs_scaling/s1v5_128_frequency_main_fixed
s1v5_128_frequency_main,bigram,1000,341,1.4764856279459644,25916,76,42,data/runs_scaling/s1v5_128_frequency_main_fixed
s1v5_128_frequency_main,bigram,1000,468,1.1889776694189225,16380,35,42,data/runs_scaling/s1v5_128_frequency_main_fixed
s1v5_128_frequency_main,bigram,1000,559,1.2969365249754805,18447,33,42,data/runs_scaling/s1v5_128_frequency_main_fixed
s1v5_128_frequency_main,bigram,1000,295,1.5640646507087137,24485,83,42,data/runs_scaling/s1v5_128_frequency_main_fixed
s1v5_128_frequency_main,bigram,1000,373,1.3916619959602792,27602,74,42,data/runs_scaling/s1v5_128_frequency_main_fixed
s1v5_128_frequency_main,bigram,1000,2770,-0.9833362102508545,5540,2,42,data/runs_scaling/s1v5_128_frequency_main_fixed
s1v5_128_frequency_main,bigram,1000,475,0.7530992516556072,20425,43,42,data/runs_scaling/s1v5_128_frequency_main_fixed
s1v5_128_frequency_main,bigram,1000,731,1.7053161565835278,10965,15,42,data/runs_scaling/s1v5_128_frequency_main_fixed
s1v5_128_frequency_main,bigram,1000,286,0.9704773386567846,26026,91,42,data/runs_scaling/s1v5_128_frequency_main_fixed
s1v5_128_frequency_main,bigram,1000,1705,-4.763269424438477,1705,1,42,data/runs_scaling/s1v5_128_frequency_main_fixed
s1v5_128_frequency_main,bigram,1000,1953,2.113636096318563,5859,3,42,data/runs_scaling/s1v5_128_frequency_main_fixed
s1v5_128_frequency_main,bigram,1000,9684,4.25497829914093,9684,1,42,data/runs_scaling/s1v5_128_frequency_main_fixed
s1v5_128_frequency_main,bigram,1000,1714,4.2785782019297285,5142,3,42,data/runs_scaling/s1v5_128_frequency_main_fixed
s1v5_128_frequency_main,bigram,1000,2855,0.36118221282958984,2855,1,42,data/runs_scaling/s1v5_128_frequency_main_fixed
s1v5_128_frequency_main,bigram,1000,306,2.463073848925351,23868,78,42,data/runs_scaling/s1v5_128_frequency_main_fixed
s1v5_128_frequency_main,bigram,1000,271,1.9089735188426475,25745,95,42,data/runs_scaling/s1v5_128_frequency_main_fixed
s1v5_128_frequency_main,bigram,1000,1049,1.3604665398597717,4196,4,42,data/runs_scaling/s1v5_128_frequency_main_fixed
s1v5_128_frequency_main,bigram,1000,844,0.9996226676381551,10972,13,42,data/runs_scaling/s1v5_128_frequency_main_fixed
s1v5_128_frequency_main,bigram,1000,934,2.392117668868741,18680,20,42,data/runs_scaling/s1v5_128_frequency_main_fixed
s1v5_128_frequency_main,bigram,1000,500,0.4115657625992879,14500,29,42,data/runs_scaling/s1v5_128_frequency_main_fixed
s1v5_128_frequency_main,bigram,1000,736,1.6885166178806685,14720,20,42,data/runs_scaling/s1v5_128_frequency_main_fixed
s1v5_128_frequency_main,bigram,1000,652,2.0005593946283358,17604,27,42,data/runs_scaling/s1v5_128_frequency_main_fixed
s1v5_128_frequency_main,bigram,1000,428,1.857941140860038,22684,53,42,data/runs_scaling/s1v5_128_frequency_main_fixed
s1v5_128_frequency_main,bigram,1000,779,2.153739719006878,10127,13,42,data/runs_scaling/s1v5_128_frequency_main_fixed
s1v5_128_frequency_main,bigram,1000,882,-0.032226645786847384,12348,14,42,data/runs_scaling/s1v5_128_frequency_main_fixed
s1v5_128_frequency_main,bigram,1000,866,2.440192294555406,12990,15,42,data/runs_scaling/s1v5_128_frequency_main_fixed
s1v5_128_frequency_main,bigram,1000,321,1.6798951844438579,18297,57,42,data/runs_scaling/s1v5_128_frequency_main_fixed
s1v5_128_frequency_main,bigram,1000,524,0.9839728429660681,16768,32,42,data/runs_scaling/s1v5_128_frequency_main_fixed
s1v5_128_frequency_main,bigram,1000,456,1.5726079431005928,23712,52,42,data/runs_scaling/s1v5_128_frequency_main_fixed
s1v5_128_frequency_main,bigram,1000,873,1.2837679589788118,13095,15,42,data/runs_scaling/s1v5_128_frequency_main_fixed
s1v5_128_frequency_main,bigram,1000,919,1.830577871524094,10109,11,42,data/runs_scaling/s1v5_128_frequency_main_fixed
s1v5_128_frequency_main,bigram,1000,886,2.8117204638307585,15062,17,42,data/runs_scaling/s1v5_128_frequency_main_fixed
s1v5_128_frequency_main,bigram,1000,503,1.381642717286013,20120,40,42,data/runs_scaling/s1v5_128_frequency_main_fixed
s1v5_128_frequency_main,bigram,1000,432,2.019113088348464,22464,52,42,data/runs_scaling/s1v5_128_frequency_main_fixed
s1v5_128_frequency_main,bigram,1000,254,2.15233516299103,28956,114,42,data/runs_scaling/s1v5_128_frequency_main_fixed
s1v5_128_frequency_main,bigram,1000,6600,1.3225148916244507,13200,2,42,data/runs_scaling/s1v5_128_frequency_main_fixed
s1v5_128_frequency_main,bigram,1000,26851,-0.08299829624593258,26851,1,42,data/runs_scaling/s1v5_128_frequency_main_fixed
s1v5_128_frequency_main,bigram,1000,23466,0.7881231009960175,23466,1,42,data/runs_scaling/s1v5_128_frequency_main_fixed
s1v5_128_frequency_main,bigram,1000,26822,9.038174152374268,26822,1,42,data/runs_scaling/s1v5_128_frequency_main_fixed
s1v5_128_frequency_main,bigram,1000,2504,4.117558002471924,2504,1,42,data/runs_scaling/s1v5_128_frequency_main_fixed
s1v5_128_frequency_main,bigram,1000,16603,8.018171668052673,16603,1,42,data/runs_scaling/s1v5_128_frequency_main_fixed
s1v5_128_frequency_main,bigram,1000,772,2.043753168484392,14668,19,42,data/runs_scaling/s1v5_128_frequency_main_fixed
s1v5_128_frequency_main,bigram,1000,941,2.1245900702662768,9410,10,42,data/runs_scaling/s1v5_128_frequency_main_fixed
s1v5_128_frequency_main,bigram,1000,1295,-3.6525558829307556,2590,2,42,data/runs_scaling/s1v5_128_frequency_main_fixed
s1v5_128_frequency_main,bigram,1000,385,2.096480605274303,20405,53,42,data/runs_scaling/s1v5_128_frequency_main_fixed
s1v5_128_frequency_main,bigram,1000,3159,-5.005911309272051,3159,1,42,data/runs_scaling/s1v5_128_frequency_main_fixed
s1v5_128_frequency_main,bigram,1000,1991,1.7019047737121582,1991,1,42,data/runs_scaling/s1v5_128_frequency_main_fixed
s1v5_128_frequency_main,bigram,1000,1557,0.5588086644808451,4671,3,42,data/runs_scaling/s1v5_128_frequency_main_fixed
s1v5_128_frequency_main,bigram,1000,1112,-0.40596726536750793,4448,4,42,data/runs_scaling/s1v5_128_frequency_main_fixed
s1v5_128_frequency_main,bigram,1000,1220,0.8449007987976074,6100,5,42,data/runs_scaling/s1v5_128_frequency_main_fixed
s1v5_128_frequency_main,bigram,1000,377,1.9871821820033493,22243,59,42,data/runs_scaling/s1v5_128_frequency_main_fixed
s1v5_128_frequency_main,bigram,1000,367,1.6749462829879942,18717,51,42,data/runs_scaling/s1v5_128_frequency_main_fixed
s1v5_128_frequency_main,bigram,1000,2292,0.3007469177246094,2292,1,42,data/runs_scaling/s1v5_128_frequency_main_fixed
s1v5_128_frequency_main,bigram,1000,639,1.0222636155175189,16614,26,42,data/runs_scaling/s1v5_128_frequency_main_fixed
s1v5_128_frequency_main,bigram,1000,836,1.838978808905397,11704,14,42,data/runs_scaling/s1v5_128_frequency_main_fixed
s1v5_128_frequency_main,bigram,1000,2075,0.7373131513595581,4150,2,42,data/runs_scaling/s1v5_128_frequency_main_fixed
s1v5_128_frequency_main,bigram,1000,360,1.5513386668522575,26280,73,42,data/runs_scaling/s1v5_128_frequency_main_fixed
s1v5_128_frequency_main,bigram,1000,724,0.9915211393308709,11584,16,42,data/runs_scaling/s1v5_128_frequency_main_fixed
s1v5_128_frequency_main,bigram,1000,3948,-1.8819776773452759,3948,1,42,data/runs_scaling/s1v5_128_frequency_main_fixed
s1v5_128_frequency_main,bigram,1000,502,1.1035249121754245,19076,38,42,data/runs_scaling/s1v5_128_frequency_main_fixed
s1v5_128_frequency_main,bigram,1000,1490,7.571462659165263,2980,2,42,data/runs_scaling/s1v5_128_frequency_main_fixed
s1v5_128_frequency_main,bigram,1000,560,2.141824055789934,14560,26,42,data/runs_scaling/s1v5_128_frequency_main_fixed
s1v5_128_frequency_main,bigram,1000,358,1.1536230981283178,24344,68,42,data/runs_scaling/s1v5_128_frequency_main_fixed
s1v5_128_frequency_main,bigram,1000,1497,3.0873074531555176,1497,1,42,data/runs_scaling/s1v5_128_frequency_main_fixed
s1v5_128_frequency_main,bigram,1000,5904,3.031304359436035,5904,1,42,data/runs_scaling/s1v5_128_frequency_main_fixed
s1v5_128_frequency_main,bigram,1000,408,1.435163471680298,23256,57,42,data/runs_scaling/s1v5_128_frequency_main_fixed
s1v5_128_frequency_main,bigram,1000,1852,3.1959524378180504,5556,3,42,data/runs_scaling/s1v5_128_frequency_main_fixed
s1v5_128_frequency_main,bigram,1000,311,2.042149882594293,20526,66,42,data/runs_scaling/s1v5_128_frequency_main_fixed
s1v5_128_frequency_main,bigram,1000,4860,3.511427164077759,9720,2,42,data/runs_scaling/s1v5_128_frequency_main_fixed
s1v5_128_frequency_main,bigram,1000,445,2.8895222402947103,20470,46,42,data/runs_scaling/s1v5_128_frequency_main_fixed
s1v5_128_frequency_main,bigram,1000,491,-0.2490370820667262,17185,35,42,data/runs_scaling/s1v5_128_frequency_main_fixed
s1v5_128_frequency_main,bigram,1000,660,0.9397905190976766,17160,26,42,data/runs_scaling/s1v5_128_frequency_main_fixed
s1v5_128_frequency_main,bigram,1000,568,2.463985773513559,25560,45,42,data/runs_scaling/s1v5_128_frequency_main_fixed
s1v5_128_frequency_main,bigram,1000,556,1.28331149227329,10564,19,42,data/runs_scaling/s1v5_128_frequency_main_fixed
s1v5_128_frequency_main,bigram,1000,871,1.596936423331499,6968,8,42,data/runs_scaling/s1v5_128_frequency_main_fixed
s1v5_128_frequency_main,bigram,1000,1152,0.7798811495304108,3456,3,42,data/runs_scaling/s1v5_128_frequency_main_fixed
s1v5_128_frequency_main,bigram,1000,766,1.8033999364885789,9958,13,42,data/runs_scaling/s1v5_128_frequency_main_fixed
s1v5_128_frequency_main,bigram,1000,435,1.5118713188182809,23055,53,42,data/runs_scaling/s1v5_128_frequency_main_fixed
s1v5_128_frequency_main,bigram,1000,947,0.48216034601708607,6629,7,42,data/runs_scaling/s1v5_128_frequency_main_fixed
s1v5_128_frequency_main,bigram,1000,839,1.080768234600934,10068,12,42,data/runs_scaling/s1v5_128_frequency_main_fixed
s1v5_128_frequency_main,bigram,1000,130,1.9993075179281201,26780,206,42,data/runs_scaling/s1v5_128_frequency_main_fixed
s1v5_128_frequency_main,bigram,1000,959,1.2606377005577087,4795,5,42,data/runs_scaling/s1v5_128_frequency_main_fixed
s1v5_128_frequency_main,bigram,1000,1199,3.9868995428085325,5995,5,42,data/runs_scaling/s1v5_128_frequency_main_fixed
s1v5_128_frequency_main,bigram,1000,740,1.5681874224101193,14800,20,42,data/runs_scaling/s1v5_128_frequency_main_fixed
s1v5_128_frequency_main,bigram,1000,1153,6.776381540298462,5765,5,42,data/runs_scaling/s1v5_128_frequency_main_fixed
s1v5_128_frequency_main,bigram,1000,588,2.15565436958938,14112,24,42,data/runs_scaling/s1v5_128_frequency_main_fixed
s1v5_128_frequency_main,bigram,1000,1003,3.4240405559539795,1003,1,42,data/runs_scaling/s1v5_128_frequency_main_fixed
s1v5_128_frequency_main,bigram,1000,362,1.7925249203205265,21720,60,42,data/runs_scaling/s1v5_128_frequency_main_fixed
s1v5_128_frequency_main,bigram,1000,711,1.490603404518749,14931,21,42,data/runs_scaling/s1v5_128_frequency_main_fixed
s1v5_128_frequency_main,bigram,1000,1382,3.161521852016449,6910,5,42,data/runs_scaling/s1v5_128_frequency_main_fixed
s1v5_128_frequency_main,bigram,1000,606,1.9396533337499327,18180,30,42,data/runs_scaling/s1v5_128_frequency_main_fixed
s1v5_128_frequency_main,bigram,1000,241,1.9454769349026986,28679,119,42,data/runs_scaling/s1v5_128_frequency_main_fixed
s1v5_128_frequency_main,bigram,1000,5311,5.00620473921299,5311,1,42,data/runs_scaling/s1v5_128_frequency_main_fixed
s1v5_128_frequency_main,bigram,1000,870,0.23473698274901836,8700,10,42,data/runs_scaling/s1v5_128_frequency_main_fixed
s1v5_128_frequency_main,bigram,1000,665,1.6121509371749947,22610,34,42,data/runs_scaling/s1v5_128_frequency_main_fixed
s1v5_128_frequency_main,bigram,1000,434,2.1737901827542703,23870,55,42,data/runs_scaling/s1v5_128_frequency_main_fixed
s1v5_128_frequency_main,bigram,1000,558,1.7327756918602972,17856,32,42,data/runs_scaling/s1v5_128_frequency_main_fixed
s1v5_128_frequency_main,bigram,1000,658,0.4768658108813198,12502,19,42,data/runs_scaling/s1v5_128_frequency_main_fixed
s1v5_128_frequency_main,bigram,1000,620,1.0819316839512725,16120,26,42,data/runs_scaling/s1v5_128_frequency_main_fixed
s1v5_128_frequency_main,bigram,1000,4370,-3.4156813621520996,4370,1,42,data/runs_scaling/s1v5_128_frequency_main_fixed
s1v5_128_frequency_main,bigram,1000,314,1.58955080592703,25434,81,42,data/runs_scaling/s1v5_128_frequency_main_fixed
s1v5_128_frequency_main,bigram,1000,383,2.443899458667588,25278,66,42,data/runs_scaling/s1v5_128_frequency_main_fixed
s1v5_128_frequency_main,bigram,1000,169,1.7555585542058385,26533,157,42,data/runs_scaling/s1v5_128_frequency_main_fixed
s1v5_128_frequency_main,bigram,1000,596,0.2060581698654763,14304,24,42,data/runs_scaling/s1v5_128_frequency_main_fixed
s1v5_128_frequency_main,bigram,1000,2424,2.3316633701324463,2424,1,42,data/runs_scaling/s1v5_128_frequency_main_fixed
s1v5_128_frequency_main,bigram,1000,733,1.3114336481849023,16126,22,42,data/runs_scaling/s1v5_128_frequency_main_fixed
s1v5_128_frequency_main,bigram,1000,308,0.5470988762472189,19712,64,42,data/runs_scaling/s1v5_128_frequency_main_fixed
s1v5_128_frequency_main,bigram,1000,287,1.7986500600549804,26691,93,42,data/runs_scaling/s1v5_128_frequency_main_fixed
s1v5_128_frequency_main,bigram,1000,201,1.4510418299440062,26130,130,42,data/runs_scaling/s1v5_128_frequency_main_fixed
s1v5_128_frequency_main,bigram,1000,2057,4.243059039115906,4114,2,42,data/runs_scaling/s1v5_128_frequency_main_fixed
s1v5_128_frequency_main,bigram,1000,3244,0.5282114520668983,6488,2,42,data/runs_scaling/s1v5_128_frequency_main_fixed
s1v5_128_frequency_main,bigram,1000,1352,4.713391617871821,5408,4,42,data/runs_scaling/s1v5_128_frequency_main_fixed
s1v5_128_frequency_main,bigram,1000,10804,-9.206331498920918,10804,1,42,data/runs_scaling/s1v5_128_frequency_main_fixed
s1v5_128_frequency_main,bigram,1000,2814,-4.819708347320557,2814,1,42,data/runs_scaling/s1v5_128_frequency_main_fixed
s1v5_128_frequency_main,bigram,1000,818,3.1585957310162485,13088,16,42,data/runs_scaling/s1v5_128_frequency_main_fixed
s1v5_128_frequency_main,bigram,1000,885,1.7729251243290491,12390,14,42,data/runs_scaling/s1v5_128_frequency_main_fixed
s1v5_128_frequency_main,bigram,1000,378,0.9058142414765565,21168,56,42,data/runs_scaling/s1v5_128_frequency_main_fixed
s1v5_128_frequency_main,bigram,1000,666,1.219226879600543,17316,26,42,data/runs_scaling/s1v5_128_frequency_main_fixed
s1v5_128_frequency_main,bigram,1000,2090,4.435277760028839,4180,2,42,data/runs_scaling/s1v5_128_frequency_main_fixed
s1v5_128_frequency_main,bigram,1000,963,1.3065707094967365,9630,10,42,data/runs_scaling/s1v5_128_frequency_main_fixed
s1v5_128_frequency_main,bigram,1000,473,1.1180504987194964,17974,38,42,data/runs_scaling/s1v5_128_frequency_main_fixed
s1v5_128_frequency_main,bigram,1000,1474,1.94127390285333,4422,3,42,data/runs_scaling/s1v5_128_frequency_main_fixed
s1v5_128_frequency_main,bigram,1000,1607,0.213845207542181,8035,5,42,data/runs_scaling/s1v5_128_frequency_main_fixed
s1v5_128_frequency_main,bigram,1000,752,0.049259578291740685,13536,18,42,data/runs_scaling/s1v5_128_frequency_main_fixed
s1v5_128_frequency_main,bigram,1000,2310,2.2240993976593018,6930,3,42,data/runs_scaling/s1v5_128_frequency_main_fixed
s1v5_128_frequency_main,bigram,1000,453,1.6023156071284739,17667,39,42,data/runs_scaling/s1v5_128_frequency_main_fixed
s1v5_128_frequency_main,bigram,1000,671,3.4670637889842815,18117,27,42,data/runs_scaling/s1v5_128_frequency_main_fixed
s1v5_128_frequency_main,bigram,1000,3409,5.345246076583862,3409,1,42,data/runs_scaling/s1v5_128_frequency_main_fixed
s1v5_128_frequency_main,bigram,1000,2123,2.369090974330902,4246,2,42,data/runs_scaling/s1v5_128_frequency_main_fixed
s1v5_128_frequency_main,bigram,1000,1260,-0.24126182794570922,6300,5,42,data/runs_scaling/s1v5_128_frequency_main_fixed
s1v5_128_frequency_main,bigram,1000,865,0.9941690936684608,10380,12,42,data/runs_scaling/s1v5_128_frequency_main_fixed
s1v5_128_frequency_main,bigram,1000,567,0.5509266781221543,19845,35,42,data/runs_scaling/s1v5_128_frequency_main_fixed
s1v5_128_frequency_main,bigram,1000,210,2.0393229877221826,29610,141,42,data/runs_scaling/s1v5_128_frequency_main_fixed
s1v5_128_frequency_main,bigram,1000,1603,2.953679144382477,8015,5,42,data/runs_scaling/s1v5_128_frequency_main_fixed
s1v5_128_frequency_main,bigram,1000,402,1.4030235011083216,23718,59,42,data/runs_scaling/s1v5_128_frequency_main_fixed
s1v5_128_frequency_main,bigram,1000,509,1.07642263836566,16797,33,42,data/runs_scaling/s1v5_128_frequency_main_fixed
s1v5_128_frequency_main,bigram,1000,465,1.640498516459151,16275,35,42,data/runs_scaling/s1v5_128_frequency_main_fixed
s1v5_128_frequency_main,bigram,1000,237,2.209722909017898,25359,107,42,data/runs_scaling/s1v5_128_frequency_main_fixed
s1v5_128_frequency_main,bigram,1000,1081,1.5540037751197815,7567,7,42,data/runs_scaling/s1v5_128_frequency_main_fixed
s1v5_128_frequency_main,bigram,1000,644,1.7661960923609772,18032,28,42,data/runs_scaling/s1v5_128_frequency_main_fixed
s1v5_128_frequency_main,bigram,1000,843,2.088869004377297,11802,14,42,data/runs_scaling/s1v5_128_frequency_main_fixed
s1v5_128_frequency_main,bigram,1000,2116,-4.18183696269989,2116,1,42,data/runs_scaling/s1v5_128_frequency_main_fixed
s1v5_128_frequency_main,bigram,1000,555,1.4674281928533068,16650,30,42,data/runs_scaling/s1v5_128_frequency_main_fixed
s1v5_128_frequency_main,bigram,1000,1239,3.2425809800624847,2478,2,42,data/runs_scaling/s1v5_128_frequency_main_fixed
s1v5_128_frequency_main,bigram,1000,384,2.072528822090605,22272,58,42,data/runs_scaling/s1v5_128_frequency_main_fixed
s1v5_128_frequency_main,bigram,1000,2772,1.1869828701019287,2772,1,42,data/runs_scaling/s1v5_128_frequency_main_fixed
s1v5_128_frequency_main,bigram,1000,389,1.6441486573984059,20228,52,42,data/runs_scaling/s1v5_128_frequency_main_fixed
s1v5_128_frequency_main,bigram,1000,8341,-0.7365889549255371,8341,1,42,data/runs_scaling/s1v5_128_frequency_main_fixed
s1v5_128_frequency_main,bigram,1000,2138,-1.6118826866149902,2138,1,42,data/runs_scaling/s1v5_128_frequency_main_fixed
s1v5_128_frequency_main,bigram,1000,1025,4.794887172058225,2050,2,42,data/runs_scaling/s1v5_128_frequency_main_fixed
s1v5_128_frequency_main,bigram,1000,832,1.3039710387820378,12480,15,42,data/runs_scaling/s1v5_128_frequency_main_fixed
s1v5_128_frequency_main,bigram,1000,633,1.1823677011020481,15825,25,42,data/runs_scaling/s1v5_128_frequency_main_fixed
s1v5_128_frequency_main,bigram,1000,598,1.6913879943129264,11362,19,42,data/runs_scaling/s1v5_128_frequency_main_fixed
s1v5_128_frequency_main,bigram,1000,564,1.2844739454280165,17484,31,42,data/runs_scaling/s1v5_128_frequency_main_fixed
s1v5_128_frequency_main,bigram,1000,932,1.33079732754933,13048,14,42,data/runs_scaling/s1v5_128_frequency_main_fixed
s1v5_128_frequency_main,bigram,1000,1079,1.1065340638160706,4316,4,42,data/runs_scaling/s1v5_128_frequency_main_fixed
s1v5_128_frequency_main,bigram,1000,813,2.745478107465065,11382,14,42,data/runs_scaling/s1v5_128_frequency_main_fixed
s1v5_128_frequency_main,bigram,1000,982,1.0716061040293425,7856,8,42,data/runs_scaling/s1v5_128_frequency_main_fixed
s1v5_128_frequency_main,bigram,1000,429,1.1371020711996578,26169,61,42,data/runs_scaling/s1v5_128_frequency_main_fixed
s1v5_128_frequency_main,bigram,1000,927,0.33769317468007404,11124,12,42,data/runs_scaling/s1v5_128_frequency_main_fixed
s1v5_128_frequency_main,bigram,1000,1187,0.8807626217603683,4748,4,42,data/runs_scaling/s1v5_128_frequency_main_fixed
s1v5_128_frequency_main,bigram,1000,1480,0.8226450532674789,5920,4,42,data/runs_scaling/s1v5_128_frequency_main_fixed
s1v5_128_frequency_main,bigram,1000,970,2.926753087176217,8730,9,42,data/runs_scaling/s1v5_128_frequency_main_fixed
s1v5_128_frequency_main,bigram,1000,626,0.6980777133039038,16276,26,42,data/runs_scaling/s1v5_128_frequency_main_fixed
s1v5_128_frequency_main,bigram,1000,3273,4.84989595413208,3273,1,42,data/runs_scaling/s1v5_128_frequency_main_fixed
s1v5_128_frequency_main,bigram,1000,1318,4.440215627352397,3954,3,42,data/runs_scaling/s1v5_128_frequency_main_fixed
s1v5_128_frequency_main,bigram,1000,13614,-2.0620459765195847,13614,1,42,data/runs_scaling/s1v5_128_frequency_main_fixed
s1v5_128_frequency_main,bigram,1000,722,0.8043390564701479,16606,23,42,data/runs_scaling/s1v5_128_frequency_main_fixed
s1v5_128_frequency_main,bigram,1000,2466,1.2817035913467407,4932,2,42,data/runs_scaling/s1v5_128_frequency_main_fixed
s1v5_128_frequency_main,bigram,1000,678,0.9135185078614287,12204,18,42,data/runs_scaling/s1v5_128_frequency_main_fixed
s1v5_128_frequency_main,bigram,1000,459,1.5394159374322662,21573,47,42,data/runs_scaling/s1v5_128_frequency_main_fixed
s1v5_128_frequency_main,bigram,1000,442,1.3476610057785785,17238,39,42,data/runs_scaling/s1v5_128_frequency_main_fixed
s1v5_128_frequency_main,bigram,1000,2661,4.777927398681641,2661,1,42,data/runs_scaling/s1v5_128_frequency_main_fixed
s1v5_128_frequency_main,bigram,1000,4029,-1.290093719959259,4029,1,42,data/runs_scaling/s1v5_128_frequency_main_fixed
s1v5_128_frequency_main,bigram,1000,1619,6.053107403218746,1619,1,42,data/runs_scaling/s1v5_128_frequency_main_fixed
s1v5_128_frequency_main,bigram,1000,1303,-0.10041707381606102,1303,1,42,data/runs_scaling/s1v5_128_frequency_main_fixed
s1v5_128_frequency_main,bigram,1000,399,1.5045825303858147,19950,50,42,data/runs_scaling/s1v5_128_frequency_main_fixed
s1v5_128_frequency_main,bigram,1000,755,3.3956673840459968,10570,14,42,data/runs_scaling/s1v5_128_frequency_main_fixed
s1v5_128_frequency_main,bigram,1000,955,3.2761958360672,4775,5,42,data/runs_scaling/s1v5_128_frequency_main_fixed
s1v5_128_frequency_main,bigram,1000,674,2.0812328534031455,14828,22,42,data/runs_scaling/s1v5_128_frequency_main_fixed
s1v5_128_frequency_main,bigram,1000,759,-0.06539395717637879,10626,14,42,data/runs_scaling/s1v5_128_frequency_main_fixed
s1v5_128_frequency_main,bigram,1000,462,0.6944472422897392,20328,44,42,data/runs_scaling/s1v5_128_frequency_main_fixed
s1v5_128_frequency_main,bigram,1000,3830,-2.7150683403015137,3830,1,42,data/runs_scaling/s1v5_128_frequency_main_fixed
s1v5_128_frequency_main,bigram,1000,580,1.949737674108258,15660,27,42,data/runs_scaling/s1v5_128_frequency_main_fixed
s1v5_128_frequency_main,bigram,1000,681,1.344982563407809,9534,14,42,data/runs_scaling/s1v5_128_frequency_main_fixed
s1v5_128_frequency_main,bigram,1000,412,1.6062469046052186,12772,31,42,data/runs_scaling/s1v5_128_frequency_main_fixed
s1v5_128_frequency_main,bigram,1000,1106,3.341857827135495,7742,7,42,data/runs_scaling/s1v5_128_frequency_main_fixed
s1v5_128_frequency_main,bigram,1000,4558,-0.9140214920043945,4558,1,42,data/runs_scaling/s1v5_128_frequency_main_fixed
s1v5_128_frequency_main,bigram,1000,515,2.247328358758629,15450,30,42,data/runs_scaling/s1v5_128_frequency_main_fixed
s1v5_128_frequency_main,bigram,1000,796,1.3452495208808355,5572,7,42,data/runs_scaling/s1v5_128_frequency_main_fixed
s1v5_128_frequency_main,bigram,1000,2566,7.876431938260794,5132,2,42,data/runs_scaling/s1v5_128_frequency_main_fixed
s1v5_128_frequency_main,bigram,1000,470,1.7594325931931962,18800,40,42,data/runs_scaling/s1v5_128_frequency_main_fixed
s1v5_128_frequency_main,bigram,1000,2367,-0.17744886875152588,4734,2,42,data/runs_scaling/s1v5_128_frequency_main_fixed
s1v5_128_frequency_main,bigram,1000,448,2.397768353271048,18368,41,42,data/runs_scaling/s1v5_128_frequency_main_fixed
s1v5_128_frequency_main,bigram,1000,634,1.7419329152209684,12680,20,42,data/runs_scaling/s1v5_128_frequency_main_fixed
s1v5_128_frequency_main,bigram,1000,804,1.8390938723276486,20100,25,42,data/runs_scaling/s1v5_128_frequency_main_fixed
s1v5_128_frequency_main,bigram,1000,803,0.31468003659563903,13651,17,42,data/runs_scaling/s1v5_128_frequency_main_fixed
s1v5_128_frequency_main,bigram,1000,1855,-2.161270208656788,3710,2,42,data/runs_scaling/s1v5_128_frequency_main_fixed
s1v5_128_frequency_main,bigram,1000,7470,6.269858479499817,14940,2,42,data/runs_scaling/s1v5_128_frequency_main_fixed
s1v5_128_frequency_main,bigram,1000,1224,2.1076131369918585,4896,4,42,data/runs_scaling/s1v5_128_frequency_main_fixed
s1v5_128_frequency_main,bigram,1000,565,1.9669726121798157,14125,25,42,data/runs_scaling/s1v5_128_frequency_main_fixed
s1v5_128_frequency_main,bigram,1000,986,2.9799455696982995,6902,7,42,data/runs_scaling/s1v5_128_frequency_main_fixed
s1v5_128_frequency_main,bigram,1000,1091,2.7477754515906176,6546,6,42,data/runs_scaling/s1v5_128_frequency_main_fixed
s1v5_128_frequency_main,bigram,1000,636,1.474586229765555,19080,30,42,data/runs_scaling/s1v5_128_frequency_main_fixed
s1v5_128_frequency_main,bigram,1000,5066,0.5904254913330078,5066,1,42,data/runs_scaling/s1v5_128_frequency_main_fixed
s1v5_128_frequency_main,bigram,1000,268,2.423084299502587,23048,86,42,data/runs_scaling/s1v5_128_frequency_main_fixed
s1v5_128_frequency_main,bigram,1000,693,-0.0319801698455454,14553,21,42,data/runs_scaling/s1v5_128_frequency_main_fixed
s1v5_128_frequency_main,bigram,1000,677,3.270957955433165,11509,17,42,data/runs_scaling/s1v5_128_frequency_main_fixed
s1v5_128_frequency_main,bigram,1000,661,3.7904246851844206,14542,22,42,data/runs_scaling/s1v5_128_frequency_main_fixed
s1v5_128_frequency_main,bigram,1000,1228,3.3262020349502563,2456,2,42,data/runs_scaling/s1v5_128_frequency_main_fixed
s1v5_128_frequency_main,bigram,1000,860,2.0510007307554283,10320,12,42,data/runs_scaling/s1v5_128_frequency_main_fixed
s1v5_128_frequency_main,bigram,1000,498,1.1561272140793704,18426,37,42,data/runs_scaling/s1v5_128_frequency_main_fixed
s1v5_128_frequency_main,bigram,1000,1923,4.849076251188914,5769,3,42,data/runs_scaling/s1v5_128_frequency_main_fixed
s1v5_128_frequency_main,bigram,1000,497,1.8264315511610634,16401,33,42,data/runs_scaling/s1v5_128_frequency_main_fixed
s1v5_128_frequency_main,bigram,1000,167,1.9285224747838157,30561,183,42,data/runs_scaling/s1v5_128_frequency_main_fixed
s1v5_128_frequency_main,bigram,1000,816,2.8571497423367367,7344,9,42,data/runs_scaling/s1v5_128_frequency_main_fixed
s1v5_128_frequency_main,bigram,1000,672,2.8299706855221936,15456,23,42,data/runs_scaling/s1v5_128_frequency_main_fixed
s1v5_128_frequency_main,bigram,1000,346,1.0087472612640875,17646,51,42,data/runs_scaling/s1v5_128_frequency_main_fixed
s1v5_128_frequency_main,bigram,1000,2438,0.5382483974099159,4876,2,42,data/runs_scaling/s1v5_128_frequency_main_fixed
s1v5_128_frequency_main,bigram,1000,619,1.3917651382008833,17332,28,42,data/runs_scaling/s1v5_128_frequency_main_fixed
s1v5_128_frequency_main,bigram,1000,3100,-2.38154137134552,3100,1,42,data/runs_scaling/s1v5_128_frequency_main_fixed
s1v5_128_frequency_main,bigram,1000,897,1.4634948791219637,11661,13,42,data/runs_scaling/s1v5_128_frequency_main_fixed
s1v5_128_frequency_main,bigram,1000,770,1.7883902483894913,8470,11,42,data/runs_scaling/s1v5_128_frequency_main_fixed
s1v5_128_frequency_main,bigram,1000,585,1.8886851724237204,12870,22,42,data/runs_scaling/s1v5_128_frequency_main_fixed
s1v5_128_frequency_main,bigram,1000,570,1.7206018219391506,8550,15,42,data/runs_scaling/s1v5_128_frequency_main_fixed
s1v5_128_frequency_main,bigram,1000,683,1.0429751929271636,16392,24,42,data/runs_scaling/s1v5_128_frequency_main_fixed
s1v5_128_frequency_main,bigram,1000,466,0.1734752753774491,21902,47,42,data/runs_scaling/s1v5_128_frequency_main_fixed
s1v5_128_frequency_main,bigram,1000,1214,1.0449474155902863,6070,5,42,data/runs_scaling/s1v5_128_frequency_main_fixed
s1v5_128_frequency_main,bigram,1000,510,1.9142506214476371,18360,36,42,data/runs_scaling/s1v5_128_frequency_main_fixed
s1v5_128_frequency_main,bigram,1000,893,0.9646375146029251,12502,14,42,data/runs_scaling/s1v5_128_frequency_main_fixed
s1v5_128_frequency_main,bigram,1000,806,1.6618142211809754,10478,13,42,data/runs_scaling/s1v5_128_frequency_main_fixed
s1v5_128_frequency_main,bigram,1000,366,1.5740898493151632,22692,62,42,data/runs_scaling/s1v5_128_frequency_main_fixed
s1v5_128_frequency_main,bigram,1000,2866,-0.879165768623352,5732,2,42,data/runs_scaling/s1v5_128_frequency_main_fixed
s1v5_128_frequency_main,bigram,1000,2042,0.48478007316589355,4084,2,42,data/runs_scaling/s1v5_128_frequency_main_fixed
s1v5_128_frequency_main,bigram,1000,1169,1.2590992450714111,2338,2,42,data/runs_scaling/s1v5_128_frequency_main_fixed
s1v5_128_frequency_main,bigram,1000,777,1.3252679843921213,15540,20,42,data/runs_scaling/s1v5_128_frequency_main_fixed
s1v5_128_frequency_main,bigram,1000,576,1.3947449606675946,21312,37,42,data/runs_scaling/s1v5_128_frequency_main_fixed
s1v5_128_frequency_main,bigram,1000,939,-0.9242154909655007,10329,11,42,data/runs_scaling/s1v5_128_frequency_main_fixed
s1v5_128_frequency_main,bigram,1000,746,1.39025922113596,21634,29,42,data/runs_scaling/s1v5_128_frequency_main_fixed
s1v5_128_frequency_main,bigram,1000,496,1.0274844951284314,18848,38,42,data/runs_scaling/s1v5_128_frequency_main_fixed
s1v5_128_frequency_main,bigram,1000,850,0.7869760055169039,9350,11,42,data/runs_scaling/s1v5_128_frequency_main_fixed
s1v5_128_frequency_main,bigram,1000,908,0.33136943441170913,11804,13,42,data/runs_scaling/s1v5_128_frequency_main_fixed
s1v5_128_frequency_main,bigram,1000,438,1.0003194191217624,18834,43,42,data/runs_scaling/s1v5_128_frequency_main_fixed
s1v5_128_frequency_main,bigram,1000,651,2.0294788643303843,17577,27,42,data/runs_scaling/s1v5_128_frequency_main_fixed
s1v5_128_frequency_main,bigram,1000,1230,-0.759275309741497,7380,6,42,data/runs_scaling/s1v5_128_frequency_main_fixed
s1v5_128_frequency_main,bigram,1000,1883,2.342557430267334,1883,1,42,data/runs_scaling/s1v5_128_frequency_main_fixed
s1v5_128_frequency_main,bigram,1000,493,2.0014510552804823,19227,39,42,data/runs_scaling/s1v5_128_frequency_main_fixed
s1v5_128_frequency_main,bigram,1000,974,2.9374591833394437,8766,9,42,data/runs_scaling/s1v5_128_frequency_main_fixed
s1v5_128_frequency_main,bigram,1000,1460,1.0482620894908905,5840,4,42,data/runs_scaling/s1v5_128_frequency_main_fixed
s1v5_128_frequency_main,bigram,1000,2199,0.7788443565368652,2199,1,42,data/runs_scaling/s1v5_128_frequency_main_fixed
s1v5_128_frequency_main,bigram,1000,171,2.2982253072126366,30096,176,42,data/runs_scaling/s1v5_128_frequency_main_fixed
s1v5_128_frequency_main,bigram,1000,5497,-2.5159308910369873,5497,1,42,data/runs_scaling/s1v5_128_frequency_main_fixed
s1v5_128_frequency_main,bigram,1000,3127,-0.01043107733130455,3127,1,42,data/runs_scaling/s1v5_128_frequency_main_fixed
s1v5_128_frequency_main,bigram,1000,1090,0.3941260774930318,6540,6,42,data/runs_scaling/s1v5_128_frequency_main_fixed
s1v5_128_frequency_main,bigram,1000,889,0.31167678833783913,10668,12,42,data/runs_scaling/s1v5_128_frequency_main_fixed
s1v5_128_frequency_main,bigram,1000,645,0.8742360675876791,14190,22,42,data/runs_scaling/s1v5_128_frequency_main_fixed
s1v5_128_frequency_main,bigram,1000,1097,0.6023517668247222,5485,5,42,data/runs_scaling/s1v5_128_frequency_main_fixed
s1v5_128_frequency_main,bigram,1000,616,1.36164477859134,17864,29,42,data/runs_scaling/s1v5_128_frequency_main_fixed
s1v5_128_frequency_main,bigram,1000,1098,0.2341986656188965,5490,5,42,data/runs_scaling/s1v5_128_frequency_main_fixed
s1v5_128_frequency_main,bigram,1000,3968,1.4642574787139893,3968,1,42,data/runs_scaling/s1v5_128_frequency_main_fixed
s1v5_128_frequency_main,bigram,1000,10682,-1.7758698463439941,10682,1,42,data/runs_scaling/s1v5_128_frequency_main_fixed
s1v5_128_frequency_main,bigram,1000,577,3.262494829685792,13271,23,42,data/runs_scaling/s1v5_128_frequency_main_fixed
s1v5_128_frequency_main,bigram,1000,518,1.6749490964761333,15022,29,42,data/runs_scaling/s1v5_128_frequency_main_fixed
s1v5_128_frequency_main,bigram,1000,1189,3.0043026896476346,8323,7,42,data/runs_scaling/s1v5_128_frequency_main_fixed
s1v5_128_frequency_main,bigram,1000,1496,0.8290986493229866,2992,2,42,data/runs_scaling/s1v5_128_frequency_main_fixed
s1v5_128_frequency_main,bigram,1000,1225,5.712074398994446,2450,2,42,data/runs_scaling/s1v5_128_frequency_main_fixed
s1v5_128_frequency_main,bigram,1000,513,0.9307997433270196,20007,39,42,data/runs_scaling/s1v5_128_frequency_main_fixed
s1v5_128_frequency_main,bigram,1000,597,0.9882608728948981,13134,22,42,data/runs_scaling/s1v5_128_frequency_main_fixed
s1v5_128_frequency_main,bigram,1000,709,1.5361318919213227,17725,25,42,data/runs_scaling/s1v5_128_frequency_main_fixed
s1v5_128_frequency_main,bigram,1000,1427,0.5153309963643551,2854,2,42,data/runs_scaling/s1v5_128_frequency_main_fixed
s1v5_128_frequency_main,bigram,1000,1064,-3.4664432406425476,4256,4,42,data/runs_scaling/s1v5_128_frequency_main_fixed
s1v5_128_frequency_main,bigram,1000,618,1.3547063250544256,17922,29,42,data/runs_scaling/s1v5_128_frequency_main_fixed
s1v5_128_frequency_main,bigram,1000,637,0.8989263591559037,14651,23,42,data/runs_scaling/s1v5_128_frequency_main_fixed
s1v5_128_frequency_main,bigram,1000,614,1.2470766586521942,19034,31,42,data/runs_scaling/s1v5_128_frequency_main_fixed
s1v5_128_frequency_main,bigram,1000,1161,0.7998174726963043,9288,8,42,data/runs_scaling/s1v5_128_frequency_main_fixed
s1v5_128_frequency_main,bigram,1000,537,2.24866885700774,14499,27,42,data/runs_scaling/s1v5_128_frequency_main_fixed
s1v5_128_frequency_main,bigram,1000,538,2.874215898370104,15064,28,42,data/runs_scaling/s1v5_128_frequency_main_fixed
s1v5_128_frequency_main,bigram,1000,1454,2.3677936792373657,2908,2,42,data/runs_scaling/s1v5_128_frequency_main_fixed
s1v5_128_frequency_main,bigram,1000,838,0.21108952667564154,8380,10,42,data/runs_scaling/s1v5_128_frequency_main_fixed
s1v5_128_frequency_main,bigram,1000,2287,4.534757375717163,2287,1,42,data/runs_scaling/s1v5_128_frequency_main_fixed
s1v5_128_frequency_main,bigram,1000,2901,0.0850490927696228,5802,2,42,data/runs_scaling/s1v5_128_frequency_main_fixed
s1v5_128_frequency_main,bigram,1000,10325,0.6566129475831985,10325,1,42,data/runs_scaling/s1v5_128_frequency_main_fixed
s1v5_128_frequency_main,bigram,1000,945,1.1140994979068637,11340,12,42,data/runs_scaling/s1v5_128_frequency_main_fixed
s1v5_128_frequency_main,bigram,1000,407,2.447551057147746,19943,49,42,data/runs_scaling/s1v5_128_frequency_main_fixed
s1v5_128_frequency_main,bigram,1000,441,1.0287456172663951,21168,48,42,data/runs_scaling/s1v5_128_frequency_main_fixed
s1v5_128_frequency_main,bigram,1000,533,0.33092125270216327,18655,35,42,data/runs_scaling/s1v5_128_frequency_main_fixed
s1v5_128_frequency_main,bigram,1000,5123,-3.4278457164764404,5123,1,42,data/runs_scaling/s1v5_128_frequency_main_fixed
s1v5_128_frequency_main,bigram,1000,3478,5.181118488311768,3478,1,42,data/runs_scaling/s1v5_128_frequency_main_fixed
s1v5_128_frequency_main,bigram,1000,1370,-1.6241725031286478,2740,2,42,data/runs_scaling/s1v5_128_frequency_main_fixed
s1v5_128_frequency_main,bigram,1000,610,1.4158881762996316,19520,32,42,data/runs_scaling/s1v5_128_frequency_main_fixed
s1v5_128_frequency_main,bigram,1000,1219,0.4060940345128377,3657,3,42,data/runs_scaling/s1v5_128_frequency_main_fixed
s1v5_128_frequency_main,bigram,1000,1744,-1.0868930697441102,8720,5,42,data/runs_scaling/s1v5_128_frequency_main_fixed
s1v5_128_frequency_main,bigram,1000,625,2.5512345514514227,13750,22,42,data/runs_scaling/s1v5_128_frequency_main_fixed
s1v5_128_frequency_main,bigram,1000,1999,-0.018685711547732353,1999,1,42,data/runs_scaling/s1v5_128_frequency_main_fixed
s1v5_128_frequency_main,bigram,1000,1779,0.016387619078159332,1779,1,42,data/runs_scaling/s1v5_128_frequency_main_fixed
s1v5_128_frequency_main,bigram,1000,2776,-2.9166700169444084,2776,1,42,data/runs_scaling/s1v5_128_frequency_main_fixed
s1v5_128_frequency_main,bigram,1000,940,-0.12168807288010915,8460,9,42,data/runs_scaling/s1v5_128_frequency_main_fixed
s1v5_128_frequency_main,bigram,1000,1015,0.5425081082752773,7105,7,42,data/runs_scaling/s1v5_128_frequency_main_fixed
s1v5_128_frequency_main,bigram,1000,914,1.5147444615987213,10054,11,42,data/runs_scaling/s1v5_128_frequency_main_fixed
s1v5_128_frequency_main,bigram,1000,1060,1.8812365191323417,7420,7,42,data/runs_scaling/s1v5_128_frequency_main_fixed
s1v5_128_frequency_main,bigram,1000,2307,-0.20103496313095093,9228,4,42,data/runs_scaling/s1v5_128_frequency_main_fixed
s1v5_128_frequency_main,bigram,1000,831,1.9831279917405202,10803,13,42,data/runs_scaling/s1v5_128_frequency_main_fixed
s1v5_128_frequency_main,bigram,1000,575,0.8139874726995185,14375,25,42,data/runs_scaling/s1v5_128_frequency_main_fixed
s1v5_128_frequency_main,bigram,1000,590,1.3589942740760639,12980,22,42,data/runs_scaling/s1v5_128_frequency_main_fixed
s1v5_128_frequency_main,bigram,1000,936,0.9146035562347,5616,6,42,data/runs_scaling/s1v5_128_frequency_main_fixed
s1v5_128_frequency_main,bigram,1000,1650,-0.3645396730862558,6600,4,42,data/runs_scaling/s1v5_128_frequency_main_fixed
s1v5_128_frequency_main,bigram,1000,1379,-1.9037232398986816,1379,1,42,data/runs_scaling/s1v5_128_frequency_main_fixed
s1v5_128_frequency_main,bigram,1000,1115,3.8112237888077893,6690,6,42,data/runs_scaling/s1v5_128_frequency_main_fixed
s1v5_128_frequency_main,bigram,1000,708,-1.0057716548908502,11328,16,42,data/runs_scaling/s1v5_128_frequency_main_fixed
s1v5_128_frequency_main,bigram,1000,808,2.2807997920982808,16968,21,42,data/runs_scaling/s1v5_128_frequency_main_fixed
s1v5_128_frequency_main,bigram,1000,375,1.1970519444712409,21000,56,42,data/runs_scaling/s1v5_128_frequency_main_fixed
s1v5_128_frequency_main,bigram,1000,1075,3.833797527477145,4300,4,42,data/runs_scaling/s1v5_128_frequency_main_fixed
s1v5_128_frequency_main,bigram,1000,1194,1.2625038442867142,8358,7,42,data/runs_scaling/s1v5_128_frequency_main_fixed
s1v5_128_frequency_main,bigram,1000,1082,4.936711132526398,2164,2,42,data/runs_scaling/s1v5_128_frequency_main_fixed
s1v5_128_frequency_main,bigram,1000,1587,0.1678101271390915,1587,1,42,data/runs_scaling/s1v5_128_frequency_main_fixed
s1v5_128_frequency_main,bigram,1000,593,2.5714919178200693,17197,29,42,data/runs_scaling/s1v5_128_frequency_main_fixed
s1v5_128_frequency_main,bigram,1000,1555,-1.8890011310577393,3110,2,42,data/runs_scaling/s1v5_128_frequency_main_fixed
s1v5_128_frequency_main,bigram,1000,1027,-0.19369199446269444,7189,7,42,data/runs_scaling/s1v5_128_frequency_main_fixed
s1v5_128_frequency_main,bigram,1000,965,1.3334088795818388,7720,8,42,data/runs_scaling/s1v5_128_frequency_main_fixed
s1v5_128_frequency_main,bigram,1000,1553,3.3882229924201965,3106,2,42,data/runs_scaling/s1v5_128_frequency_main_fixed
s1v5_128_frequency_main,bigram,1000,1753,-0.6526057720184326,1753,1,42,data/runs_scaling/s1v5_128_frequency_main_fixed
s1v5_128_frequency_main,bigram,1000,2360,6.541695833206177,2360,1,42,data/runs_scaling/s1v5_128_frequency_main_fixed
s1v5_128_frequency_main,bigram,1000,829,2.9071122644779583,12435,15,42,data/runs_scaling/s1v5_128_frequency_main_fixed
s1v5_128_frequency_main,bigram,1000,1013,-0.31467638371719253,9117,9,42,data/runs_scaling/s1v5_128_frequency_main_fixed
s1v5_128_frequency_main,bigram,1000,1912,-2.9981436282396317,3824,2,42,data/runs_scaling/s1v5_128_frequency_main_fixed
s1v5_128_frequency_main,bigram,1000,1302,-1.485223650932312,2604,2,42,data/runs_scaling/s1v5_128_frequency_main_fixed
s1v5_128_frequency_main,bigram,1000,2127,-0.022746562957763672,8508,4,42,data/runs_scaling/s1v5_128_frequency_main_fixed
s1v5_128_frequency_main,bigram,1000,1053,3.6851665794849398,5265,5,42,data/runs_scaling/s1v5_128_frequency_main_fixed
s1v5_128_frequency_main,bigram,1000,1299,0.9786626764883598,3897,3,42,data/runs_scaling/s1v5_128_frequency_main_fixed
s1v5_128_frequency_main,bigram,1000,900,0.3995412480086088,9000,10,42,data/runs_scaling/s1v5_128_frequency_main_fixed
s1v5_128_frequency_main,bigram,1000,1898,2.9881644239649177,7592,4,42,data/runs_scaling/s1v5_128_frequency_main_fixed
s1v5_128_frequency_main,bigram,1000,317,2.34151583617828,26311,83,42,data/runs_scaling/s1v5_128_frequency_main_fixed
s1v5_128_frequency_main,bigram,1000,1786,2.437923843661944,10716,6,42,data/runs_scaling/s1v5_128_frequency_main_fixed
s1v5_128_frequency_main,bigram,1000,877,-0.15229731272248662,14909,17,42,data/runs_scaling/s1v5_128_frequency_main_fixed
s1v5_128_frequency_main,bigram,1000,764,-0.7650332175738489,9168,12,42,data/runs_scaling/s1v5_128_frequency_main_fixed
s1v5_128_frequency_main,bigram,1000,922,1.4999936961685307,12908,14,42,data/runs_scaling/s1v5_128_frequency_main_fixed
s1v5_128_frequency_main,bigram,1000,566,1.5074583482595958,15848,28,42,data/runs_scaling/s1v5_128_frequency_main_fixed
s1v5_128_frequency_main,bigram,1000,1652,1.3575774828592937,4956,3,42,data/runs_scaling/s1v5_128_frequency_main_fixed
s1v5_128_frequency_main,bigram,1000,511,0.4265188589641774,18907,37,42,data/runs_scaling/s1v5_128_frequency_main_fixed
s1v5_128_frequency_main,bigram,1000,726,0.38565227844082983,23232,32,42,data/runs_scaling/s1v5_128_frequency_main_fixed
s1v5_128_frequency_main,bigram,1000,587,2.0538690389631054,11153,19,42,data/runs_scaling/s1v5_128_frequency_main_fixed
s1v5_128_frequency_main,bigram,1000,1423,2.012854704633355,5692,4,42,data/runs_scaling/s1v5_128_frequency_main_fixed
s1v5_128_frequency_main,bigram,1000,1033,1.9527074239615883,7231,7,42,data/runs_scaling/s1v5_128_frequency_main_fixed
s1v5_128_frequency_main,bigram,1000,1109,1.8489341100677847,5545,5,42,data/runs_scaling/s1v5_128_frequency_main_fixed
s1v5_128_frequency_main,bigram,1000,851,0.9111193630652612,14467,17,42,data/runs_scaling/s1v5_128_frequency_main_fixed
s1v5_128_frequency_main,bigram,1000,1337,-1.9031020998954773,2674,2,42,data/runs_scaling/s1v5_128_frequency_main_fixed
s1v5_128_frequency_main,bigram,1000,4181,5.3497761487960815,8362,2,42,data/runs_scaling/s1v5_128_frequency_main_fixed
s1v5_128_frequency_main,bigram,1000,3124,-0.93205376714468,3124,1,42,data/runs_scaling/s1v5_128_frequency_main_fixed
s1v5_128_frequency_main,bigram,1000,1907,-0.7027802467346191,1907,1,42,data/runs_scaling/s1v5_128_frequency_main_fixed
s1v5_128_frequency_main,bigram,1000,701,2.3197639918306288,18226,26,42,data/runs_scaling/s1v5_128_frequency_main_fixed
s1v5_128_frequency_main,bigram,1000,447,1.0259132985766901,21903,49,42,data/runs_scaling/s1v5_128_frequency_main_fixed
s1v5_128_frequency_main,bigram,1000,436,1.13823939630422,21364,49,42,data/runs_scaling/s1v5_128_frequency_main_fixed
s1v5_128_frequency_main,bigram,1000,394,2.181318937748967,21670,55,42,data/runs_scaling/s1v5_128_frequency_main_fixed
s1v5_128_frequency_main,bigram,1000,608,1.7264500646706438,19456,32,42,data/runs_scaling/s1v5_128_frequency_main_fixed
s1v5_128_frequency_main,bigram,1000,702,1.7773524574697062,14742,21,42,data/runs_scaling/s1v5_128_frequency_main_fixed
s1v5_128_frequency_main,bigram,1000,712,0.8432985406169402,19936,28,42,data/runs_scaling/s1v5_128_frequency_main_fixed
s1v5_128_frequency_main,bigram,1000,4423,-0.03473142080474645,4423,1,42,data/runs_scaling/s1v5_128_frequency_main_fixed
s1v5_128_frequency_main,bigram,1000,1197,1.3439065217971802,2394,2,42,data/runs_scaling/s1v5_128_frequency_main_fixed
s1v5_128_frequency_main,bigram,1000,822,2.354201778769493,9864,12,42,data/runs_scaling/s1v5_128_frequency_main_fixed
s1v5_128_frequency_main,bigram,1000,821,2.19131086568129,13957,17,42,data/runs_scaling/s1v5_128_frequency_main_fixed
s1v5_128_frequency_main,bigram,1000,547,1.3440740042336101,18051,33,42,data/runs_scaling/s1v5_128_frequency_main_fixed
s1v5_128_frequency_main,bigram,1000,802,0.2727163331396878,20050,25,42,data/runs_scaling/s1v5_128_frequency_main_fixed
s1v5_128_frequency_main,bigram,1000,747,2.338149927983371,17928,24,42,data/runs_scaling/s1v5_128_frequency_main_fixed
s1v5_128_frequency_main,bigram,1000,1827,-2.7598479986190796,3654,2,42,data/runs_scaling/s1v5_128_frequency_main_fixed
s1v5_128_frequency_main,bigram,1000,1421,4.940498622134328,5684,4,42,data/runs_scaling/s1v5_128_frequency_main_fixed
s1v5_128_frequency_main,bigram,1000,864,0.7706166038910548,12960,15,42,data/runs_scaling/s1v5_128_frequency_main_fixed
s1v5_128_frequency_main,bigram,1000,1684,5.661664605140686,3368,2,42,data/runs_scaling/s1v5_128_frequency_main_fixed
s1v5_128_frequency_main,bigram,1000,905,-0.9926722632662859,11765,13,42,data/runs_scaling/s1v5_128_frequency_main_fixed
s1v5_128_frequency_main,bigram,1000,1089,0.40967625081539155,10890,10,42,data/runs_scaling/s1v5_128_frequency_main_fixed
s1v5_128_frequency_main,bigram,1000,426,0.9963319923696747,21726,51,42,data/runs_scaling/s1v5_128_frequency_main_fixed
s1v5_128_frequency_main,bigram,1000,1416,3.983300526936849,4248,3,42,data/runs_scaling/s1v5_128_frequency_main_fixed
s1v5_128_frequency_main,bigram,1000,348,1.7827989163834759,24708,71,42,data/runs_scaling/s1v5_128_frequency_main_fixed
s1v5_128_frequency_main,bigram,1000,673,0.4296815153211355,14806,22,42,data/runs_scaling/s1v5_128_frequency_main_fixed
s1v5_128_frequency_main,bigram,1000,1451,5.726447811350226,2902,2,42,data/runs_scaling/s1v5_128_frequency_main_fixed
s1v5_128_frequency_main,bigram,1000,1464,-0.19350879192352294,7320,5,42,data/runs_scaling/s1v5_128_frequency_main_fixed
s1v5_128_frequency_main,bigram,1000,574,0.8793637817012026,17794,31,42,data/runs_scaling/s1v5_128_frequency_main_fixed
s1v5_128_frequency_main,bigram,1000,1693,-0.5500176604837179,3386,2,42,data/runs_scaling/s1v5_128_frequency_main_fixed
s1v5_128_frequency_main,bigram,1000,792,1.8998491207603365,13464,17,42,data/runs_scaling/s1v5_128_frequency_main_fixed
s1v5_128_frequency_main,bigram,1000,978,0.3850802058974902,8802,9,42,data/runs_scaling/s1v5_128_frequency_main_fixed
s1v5_128_frequency_main,bigram,1000,984,-0.7775354215076992,6888,7,42,data/runs_scaling/s1v5_128_frequency_main_fixed
s1v5_128_frequency_main,bigram,1000,4502,1.2537555694580078,4502,1,42,data/runs_scaling/s1v5_128_frequency_main_fixed
s1v5_128_frequency_main,bigram,1000,1017,-0.8226794362068176,5085,5,42,data/runs_scaling/s1v5_128_frequency_main_fixed
s1v5_128_frequency_main,bigram,1000,386,1.8411804967831509,17370,45,42,data/runs_scaling/s1v5_128_frequency_main_fixed
s1v5_128_frequency_main,bigram,1000,762,1.6076509585836902,12192,16,42,data/runs_scaling/s1v5_128_frequency_main_fixed
s1v5_128_frequency_main,bigram,1000,474,1.1255553849041462,19908,42,42,data/runs_scaling/s1v5_128_frequency_main_fixed
s1v5_128_frequency_main,bigram,1000,480,1.0065015300739713,17280,36,42,data/runs_scaling/s1v5_128_frequency_main_fixed
s1v5_128_frequency_main,bigram,1000,1127,0.3080412745475769,4508,4,42,data/runs_scaling/s1v5_128_frequency_main_fixed
s1v5_128_frequency_main,bigram,1000,584,1.8263440266824686,15184,26,42,data/runs_scaling/s1v5_128_frequency_main_fixed
s1v5_128_frequency_main,bigram,1000,1102,2.0956062575181327,3306,3,42,data/runs_scaling/s1v5_128_frequency_main_fixed
s1v5_128_frequency_main,bigram,1000,5347,6.297176837921143,5347,1,42,data/runs_scaling/s1v5_128_frequency_main_fixed
s1v5_128_frequency_main,bigram,1000,2189,-2.9440859953562417,6567,3,42,data/runs_scaling/s1v5_128_frequency_main_fixed
s1v5_128_frequency_main,bigram,1000,3671,-2.6257816553115845,7342,2,42,data/runs_scaling/s1v5_128_frequency_main_fixed
s1v5_128_frequency_main,bigram,1000,1484,-1.7201283996303876,4452,3,42,data/runs_scaling/s1v5_128_frequency_main_fixed
s1v5_128_frequency_main,bigram,1000,623,0.11605308853493977,19313,31,42,data/runs_scaling/s1v5_128_frequency_main_fixed
s1v5_128_frequency_main,bigram,1000,1875,3.1190594732761383,3750,2,42,data/runs_scaling/s1v5_128_frequency_main_fixed
s1v5_128_frequency_main,bigram,1000,703,1.0153092452221446,12654,18,42,data/runs_scaling/s1v5_128_frequency_main_fixed
s1v5_128_frequency_main,bigram,1000,3465,8.598160743713379,3465,1,42,data/runs_scaling/s1v5_128_frequency_main_fixed
s1v5_128_frequency_main,bigram,1000,391,1.8058314578533132,22287,57,42,data/runs_scaling/s1v5_128_frequency_main_fixed
s1v5_128_frequency_main,bigram,1000,1186,4.336703610674401,7116,6,42,data/runs_scaling/s1v5_128_frequency_main_fixed
s1v5_128_frequency_main,bigram,1000,948,0.3829734174069017,11376,12,42,data/runs_scaling/s1v5_128_frequency_main_fixed
s1v5_128_frequency_main,bigram,1000,968,5.174294716545513,6776,7,42,data/runs_scaling/s1v5_128_frequency_main_fixed
s1v5_128_frequency_main,bigram,1000,403,1.8698059380374616,24180,60,42,data/runs_scaling/s1v5_128_frequency_main_fixed
s1v5_128_frequency_main,bigram,1000,301,1.4748222634119734,21973,73,42,data/runs_scaling/s1v5_128_frequency_main_fixed
s1v5_128_frequency_main,bigram,1000,1336,0.3540995915730794,4008,3,42,data/runs_scaling/s1v5_128_frequency_main_fixed
s1v5_128_frequency_main,bigram,1000,1172,1.8784374620765447,5860,5,42,data/runs_scaling/s1v5_128_frequency_main_fixed
s1v5_128_frequency_main,bigram,1000,1583,-0.6467658281326294,3166,2,42,data/runs_scaling/s1v5_128_frequency_main_fixed
s1v5_128_frequency_main,bigram,1000,1051,4.3369408051172895,3153,3,42,data/runs_scaling/s1v5_128_frequency_main_fixed
s1v5_128_frequency_main,bigram,1000,896,1.1919925980843031,11648,13,42,data/runs_scaling/s1v5_128_frequency_main_fixed
s1v5_128_frequency_main,bigram,1000,446,1.8252853768988346,19178,43,42,data/runs_scaling/s1v5_128_frequency_main_fixed
s1v5_128_frequency_main,bigram,1000,1881,0.03126120567321777,1881,1,42,data/runs_scaling/s1v5_128_frequency_main_fixed
s1v5_128_frequency_main,bigram,1000,621,1.7746776728373435,11178,18,42,data/runs_scaling/s1v5_128_frequency_main_fixed
s1v5_128_frequency_main,bigram,1000,1140,3.1876955032348633,3420,3,42,data/runs_scaling/s1v5_128_frequency_main_fixed
s1v5_128_frequency_main,bigram,1000,3384,3.9569692611694336,3384,1,42,data/runs_scaling/s1v5_128_frequency_main_fixed
s1v5_128_frequency_main,bigram,1000,1031,4.648909558852513,3093,3,42,data/runs_scaling/s1v5_128_frequency_main_fixed
s1v5_128_frequency_main,bigram,1000,1920,-0.515005350112915,1920,1,42,data/runs_scaling/s1v5_128_frequency_main_fixed
s1v5_128_frequency_main,bigram,1000,925,0.16149578802287579,11100,12,42,data/runs_scaling/s1v5_128_frequency_main_fixed
s1v5_128_frequency_main,bigram,1000,1014,1.6374596118927003,5070,5,42,data/runs_scaling/s1v5_128_frequency_main_fixed
s1v5_128_frequency_main,bigram,1000,1103,0.5773963828881582,6618,6,42,data/runs_scaling/s1v5_128_frequency_main_fixed
s1v5_128_frequency_main,bigram,1000,913,2.3399976236479625,6391,7,42,data/runs_scaling/s1v5_128_frequency_main_fixed
s1v5_128_frequency_main,bigram,1000,2032,8.158219695091248,2032,1,42,data/runs_scaling/s1v5_128_frequency_main_fixed
s1v5_128_frequency_main,bigram,1000,714,0.6241825445938636,12138,17,42,data/runs_scaling/s1v5_128_frequency_main_fixed
s1v5_128_frequency_main,bigram,1000,1491,6.784259578213096,1491,1,42,data/runs_scaling/s1v5_128_frequency_main_fixed
s1v5_128_frequency_main,bigram,1000,734,1.1092490979159872,13212,18,42,data/runs_scaling/s1v5_128_frequency_main_fixed
s1v5_128_frequency_main,bigram,1000,589,1.7349436076890146,20615,35,42,data/runs_scaling/s1v5_128_frequency_main_fixed
s1v5_128_frequency_main,bigram,1000,696,1.5971345457434654,17400,25,42,data/runs_scaling/s1v5_128_frequency_main_fixed
s1v5_128_frequency_main,bigram,1000,3171,7.929568894207478,3171,1,42,data/runs_scaling/s1v5_128_frequency_main_fixed
s1v5_128_frequency_main,bigram,1000,656,1.523893524230899,12464,19,42,data/runs_scaling/s1v5_128_frequency_main_fixed
s1v5_128_frequency_main,bigram,1000,550,2.0158493427734356,16500,30,42,data/runs_scaling/s1v5_128_frequency_main_fixed
s1v5_128_frequency_main,bigram,1000,891,3.137976850476116,13365,15,42,data/runs_scaling/s1v5_128_frequency_main_fixed
s1v5_128_frequency_main,bigram,1000,1482,2.5531953275203705,2964,2,42,data/runs_scaling/s1v5_128_frequency_main_fixed
s1v5_128_frequency_main,bigram,1000,582,1.771043840889115,17460,30,42,data/runs_scaling/s1v5_128_frequency_main_fixed
s1v5_128_frequency_main,bigram,1000,1139,3.136543597620039,5695,5,42,data/runs_scaling/s1v5_128_frequency_main_fixed
s1v5_128_frequency_main,bigram,1000,1059,3.2510653734207153,4236,4,42,data/runs_scaling/s1v5_128_frequency_main_fixed
s1v5_128_frequency_main,bigram,1000,842,1.727980794241795,10946,13,42,data/runs_scaling/s1v5_128_frequency_main_fixed
s1v5_128_frequency_main,bigram,1000,699,1.4228818144183606,11184,16,42,data/runs_scaling/s1v5_128_frequency_main_fixed
s1v5_128_frequency_main,bigram,1000,3148,-4.048374354839325,6296,2,42,data/runs_scaling/s1v5_128_frequency_main_fixed
s1v5_128_frequency_main,bigram,1000,1541,1.4454370021820069,7705,5,42,data/runs_scaling/s1v5_128_frequency_main_fixed
s1v5_128_frequency_main,bigram,1000,700,0.40335124029832725,11900,17,42,data/runs_scaling/s1v5_128_frequency_main_fixed
s1v5_128_frequency_main,bigram,1000,1963,3.6516852378845215,1963,1,42,data/runs_scaling/s1v5_128_frequency_main_fixed
s1v5_128_frequency_main,bigram,1000,1439,1.280993789434433,5756,4,42,data/runs_scaling/s1v5_128_frequency_main_fixed
s1v5_128_frequency_main,bigram,1000,1762,0.024448871612548828,1762,1,42,data/runs_scaling/s1v5_128_frequency_main_fixed
s1v5_128_frequency_main,bigram,1000,743,0.8047773797782914,17832,24,42,data/runs_scaling/s1v5_128_frequency_main_fixed
s1v5_128_frequency_main,bigram,1000,3222,1.2887911796569824,6444,2,42,data/runs_scaling/s1v5_128_frequency_main_fixed
s1v5_128_frequency_main,bigram,1000,527,1.2956246371071882,15283,29,42,data/runs_scaling/s1v5_128_frequency_main_fixed
s1v5_128_frequency_main,bigram,1000,2142,4.892221212387085,2142,1,42,data/runs_scaling/s1v5_128_frequency_main_fixed
s1v5_128_frequency_main,bigram,1000,3619,4.435878276824951,3619,1,42,data/runs_scaling/s1v5_128_frequency_main_fixed
s1v5_128_frequency_main,bigram,1000,2203,2.5014671683311462,4406,2,42,data/runs_scaling/s1v5_128_frequency_main_fixed
s1v5_128_frequency_main,bigram,1000,3257,2.331162691116333,3257,1,42,data/runs_scaling/s1v5_128_frequency_main_fixed
s1v5_128_frequency_main,bigram,1000,1088,0.935231606165568,3264,3,42,data/runs_scaling/s1v5_128_frequency_main_fixed
s1v5_128_frequency_main,bigram,1000,1605,6.349650144577026,3210,2,42,data/runs_scaling/s1v5_128_frequency_main_fixed
s1v5_128_frequency_main,bigram,1000,5415,5.881915807723999,5415,1,42,data/runs_scaling/s1v5_128_frequency_main_fixed
s1v5_128_frequency_main,bigram,1000,1105,0.1360241651535034,5525,5,42,data/runs_scaling/s1v5_128_frequency_main_fixed
s1v5_128_frequency_main,bigram,1000,1733,1.3635963797569275,6932,4,42,data/runs_scaling/s1v5_128_frequency_main_fixed
s1v5_128_frequency_main,bigram,1000,532,0.4042124598396613,18088,34,42,data/runs_scaling/s1v5_128_frequency_main_fixed
s1v5_128_frequency_main,bigram,1000,906,0.7938241845695302,14496,16,42,data/runs_scaling/s1v5_128_frequency_main_fixed
s1v5_128_frequency_main,bigram,1000,654,0.37050125947488205,18312,28,42,data/runs_scaling/s1v5_128_frequency_main_fixed
s1v5_128_frequency_main,bigram,1000,3215,1.3873784356207277,9645,3,42,data/runs_scaling/s1v5_128_frequency_main_fixed
s1v5_128_frequency_main,bigram,1000,784,1.9405836877413094,15680,20,42,data/runs_scaling/s1v5_128_frequency_main_fixed
s1v5_128_frequency_main,bigram,1000,1656,2.5243951797485353,8280,5,42,data/runs_scaling/s1v5_128_frequency_main_fixed
s1v5_128_frequency_main,bigram,1000,1066,0.11473989486694336,5330,5,42,data/runs_scaling/s1v5_128_frequency_main_fixed
s1v5_128_frequency_main,bigram,1000,506,1.7145989086194378,13662,27,42,data/runs_scaling/s1v5_128_frequency_main_fixed
s1v5_128_frequency_main,bigram,1000,541,1.978886595282417,14066,26,42,data/runs_scaling/s1v5_128_frequency_main_fixed
s1v5_128_frequency_main,bigram,1000,676,1.2150942333042623,13520,20,42,data/runs_scaling/s1v5_128_frequency_main_fixed
s1v5_128_frequency_main,bigram,1000,2628,-1.551882266998291,2628,1,42,data/runs_scaling/s1v5_128_frequency_main_fixed
s1v5_128_frequency_main,bigram,1000,1000,2.653750026767904,11000,11,42,data/runs_scaling/s1v5_128_frequency_main_fixed
s1v5_128_frequency_main,bigram,1000,507,1.1024541740616163,15210,30,42,data/runs_scaling/s1v5_128_frequency_main_fixed
s1v5_128_frequency_main,bigram,1000,561,-0.10123195391235426,19074,34,42,data/runs_scaling/s1v5_128_frequency_main_fixed
s1v5_128_frequency_main,bigram,1000,3748,-0.042997539043426514,3748,1,42,data/runs_scaling/s1v5_128_frequency_main_fixed
s1v5_128_frequency_main,bigram,1000,601,1.8022258147919694,15626,26,42,data/runs_scaling/s1v5_128_frequency_main_fixed
s1v5_128_frequency_main,bigram,1000,14497,8.351223230361938,14497,1,42,data/runs_scaling/s1v5_128_frequency_main_fixed
s1v5_128_frequency_main,bigram,1000,875,2.2682216266791024,10500,12,42,data/runs_scaling/s1v5_128_frequency_main_fixed
s1v5_128_frequency_main,bigram,1000,2766,1.0895733833312988,2766,1,42,data/runs_scaling/s1v5_128_frequency_main_fixed
s1v5_128_frequency_main,bigram,1000,750,1.9622521710527294,12750,17,42,data/runs_scaling/s1v5_128_frequency_main_fixed
s1v5_128_frequency_main,bigram,1000,444,1.6110583990812302,19980,45,42,data/runs_scaling/s1v5_128_frequency_main_fixed
s1v5_128_frequency_main,bigram,1000,41809,-5.268815948511474e-05,41809,1,42,data/runs_scaling/s1v5_128_frequency_main_fixed
s1v5_128_frequency_main,bigram,1000,937,-0.6461618608898587,8433,9,42,data/runs_scaling/s1v5_128_frequency_main_fixed
s1v5_128_frequency_main,bigram,1000,520,1.0289669889158437,18200,35,42,data/runs_scaling/s1v5_128_frequency_main_fixed
s1v5_128_frequency_main,bigram,1000,3229,0.7921023368835449,3229,1,42,data/runs_scaling/s1v5_128_frequency_main_fixed
s1v5_128_frequency_main,bigram,1000,646,2.4865242101630427,12920,20,42,data/runs_scaling/s1v5_128_frequency_main_fixed
s1v5_128_frequency_main,bigram,1000,3286,0.3867228031158447,6572,2,42,data/runs_scaling/s1v5_128_frequency_main_fixed
s1v5_128_frequency_main,bigram,1000,872,1.9145766287668569,10464,12,42,data/runs_scaling/s1v5_128_frequency_main_fixed
s1v5_128_frequency_main,bigram,1000,689,2.1141729844151995,13780,20,42,data/runs_scaling/s1v5_128_frequency_main_fixed
s1v5_128_frequency_main,bigram,1000,522,1.3234181610906186,15660,30,42,data/runs_scaling/s1v5_128_frequency_main_fixed
s1v5_128_frequency_main,bigram,1000,5368,2.227850914001465,5368,1,42,data/runs_scaling/s1v5_128_frequency_main_fixed
s1v5_128_frequency_main,bigram,1000,2650,1.879591703414917,5300,2,42,data/runs_scaling/s1v5_128_frequency_main_fixed
s1v5_128_frequency_main,bigram,1000,942,2.221090072688336,8478,9,42,data/runs_scaling/s1v5_128_frequency_main_fixed
s1v5_128_frequency_main,bigram,1000,4588,1.2958526611328125,4588,1,42,data/runs_scaling/s1v5_128_frequency_main_fixed
s1v5_128_frequency_main,bigram,1000,954,1.7509315354483468,13356,14,42,data/runs_scaling/s1v5_128_frequency_main_fixed
s1v5_128_frequency_main,bigram,1000,2850,-1.7293119430541992,2850,1,42,data/runs_scaling/s1v5_128_frequency_main_fixed
s1v5_128_frequency_main,bigram,1000,3577,0.18658113479614258,3577,1,42,data/runs_scaling/s1v5_128_frequency_main_fixed
s1v5_128_frequency_main,bigram,1000,2828,-1.2968673706054688,2828,1,42,data/runs_scaling/s1v5_128_frequency_main_fixed
s1v5_128_frequency_main,bigram,1000,748,1.4658723676370249,20196,27,42,data/runs_scaling/s1v5_128_frequency_main_fixed
s1v5_128_frequency_main,bigram,1000,602,1.148769742466975,15050,25,42,data/runs_scaling/s1v5_128_frequency_main_fixed
s1v5_128_frequency_main,bigram,1000,695,1.2783632600383663,15290,22,42,data/runs_scaling/s1v5_128_frequency_main_fixed
s1v5_128_frequency_main,bigram,1000,3054,-0.2610616385936737,3054,1,42,data/runs_scaling/s1v5_128_frequency_main_fixed
s1v5_128_frequency_main,bigram,1000,3481,1.0775465965270996,3481,1,42,data/runs_scaling/s1v5_128_frequency_main_fixed
s1v5_128_frequency_main,bigram,1000,2550,-0.6514742771784464,7650,3,42,data/runs_scaling/s1v5_128_frequency_main_fixed
s1v5_128_frequency_main,bigram,1000,909,2.700174367210517,10908,12,42,data/runs_scaling/s1v5_128_frequency_main_fixed
s1v5_128_frequency_main,bigram,1000,631,1.549431449870336,14513,23,42,data/runs_scaling/s1v5_128_frequency_main_fixed
s1v5_128_frequency_main,bigram,1000,952,1.0653948664665223,9520,10,42,data/runs_scaling/s1v5_128_frequency_main_fixed
s1v5_128_frequency_main,bigram,1000,1052,-3.57908411026001,5260,5,42,data/runs_scaling/s1v5_128_frequency_main_fixed
s1v5_128_frequency_main,bigram,1000,1869,3.848603017628193,5607,3,42,data/runs_scaling/s1v5_128_frequency_main_fixed
s1v5_128_frequency_main,bigram,1000,1833,3.0956865668296816,9165,5,42,data/runs_scaling/s1v5_128_frequency_main_fixed
s1v5_128_frequency_main,bigram,1000,3882,4.464779376983643,7764,2,42,data/runs_scaling/s1v5_128_frequency_main_fixed
s1v5_128_frequency_main,bigram,1000,1771,0.19192713499069214,7084,4,42,data/runs_scaling/s1v5_128_frequency_main_fixed
s1v5_128_frequency_main,bigram,1000,549,1.3464856174440407,12627,23,42,data/runs_scaling/s1v5_128_frequency_main_fixed
s1v5_128_frequency_main,bigram,1000,680,1.4750368242384866,10880,16,42,data/runs_scaling/s1v5_128_frequency_main_fixed
s1v5_128_frequency_main,bigram,1000,1773,8.142334938049316,1773,1,42,data/runs_scaling/s1v5_128_frequency_main_fixed
s1v5_128_frequency_main,bigram,1000,1615,2.487720227241516,8075,5,42,data/runs_scaling/s1v5_128_frequency_main_fixed
s1v5_128_frequency_main,bigram,1000,1525,1.5252252419789631,4575,3,42,data/runs_scaling/s1v5_128_frequency_main_fixed
s1v5_128_frequency_main,bigram,1000,1435,2.3111968114972115,5740,4,42,data/runs_scaling/s1v5_128_frequency_main_fixed
s1v5_128_frequency_main,bigram,1000,848,0.8915053108199076,9328,11,42,data/runs_scaling/s1v5_128_frequency_main_fixed
s1v5_128_frequency_main,bigram,1000,1595,4.764947712421417,3190,2,42,data/runs_scaling/s1v5_128_frequency_main_fixed
s1v5_128_frequency_main,bigram,1000,1599,0.2052452266216278,9594,6,42,data/runs_scaling/s1v5_128_frequency_main_fixed
s1v5_128_frequency_main,bigram,1000,546,0.7855691244879078,16380,30,42,data/runs_scaling/s1v5_128_frequency_main_fixed
s1v5_128_frequency_main,bigram,1000,899,1.036503270578881,10788,12,42,data/runs_scaling/s1v5_128_frequency_main_fixed
s1v5_128_frequency_main,bigram,1000,1086,1.39586769257273,7602,7,42,data/runs_scaling/s1v5_128_frequency_main_fixed
s1v5_128_frequency_main,bigram,1000,1240,3.41497503221035,4960,4,42,data/runs_scaling/s1v5_128_frequency_main_fixed
s1v5_128_frequency_main,bigram,1000,754,0.7719335328130161,12818,17,42,data/runs_scaling/s1v5_128_frequency_main_fixed
s1v5_128_frequency_main,bigram,1000,1407,0.6856886148452759,2814,2,42,data/runs_scaling/s1v5_128_frequency_main_fixed
s1v5_128_frequency_main,bigram,1000,1638,-1.8989629978896119,6552,4,42,data/runs_scaling/s1v5_128_frequency_main_fixed
s1v5_128_frequency_main,bigram,1000,858,1.963170074298978,8580,10,42,data/runs_scaling/s1v5_128_frequency_main_fixed
s1v5_128_frequency_main,bigram,1000,1007,0.01780446106567979,1007,1,42,data/runs_scaling/s1v5_128_frequency_main_fixed
s1v5_128_frequency_main,bigram,1000,929,0.8433531603295705,14864,16,42,data/runs_scaling/s1v5_128_frequency_main_fixed
s1v5_128_frequency_main,bigram,1000,1332,2.612960398197174,2664,2,42,data/runs_scaling/s1v5_128_frequency_main_fixed
s1v5_128_frequency_main,bigram,1000,961,2.674002250035604,5766,6,42,data/runs_scaling/s1v5_128_frequency_main_fixed
s1v5_128_frequency_main,bigram,1000,812,2.0166900411048636,11368,14,42,data/runs_scaling/s1v5_128_frequency_main_fixed
s1v5_128_frequency_main,bigram,1000,1267,3.4357494711875916,2534,2,42,data/runs_scaling/s1v5_128_frequency_main_fixed
s1v5_128_frequency_main,bigram,1000,16929,0.04167604446411133,16929,1,42,data/runs_scaling/s1v5_128_frequency_main_fixed
s1v5_128_frequency_main,bigram,1000,10760,-3.098313331604004,10760,1,42,data/runs_scaling/s1v5_128_frequency_main_fixed
s1v5_128_frequency_main,bigram,1000,1364,1.8405532538890839,4092,3,42,data/runs_scaling/s1v5_128_frequency_main_fixed
s1v5_128_frequency_main,bigram,1000,3439,3.596737861633301,3439,1,42,data/runs_scaling/s1v5_128_frequency_main_fixed
s1v5_128_frequency_main,bigram,1000,5331,0.7769556045532227,5331,1,42,data/runs_scaling/s1v5_128_frequency_main_fixed
s1v5_128_frequency_main,bigram,1000,1630,-0.36307183901468915,4890,3,42,data/runs_scaling/s1v5_128_frequency_main_fixed
s1v5_128_frequency_main,bigram,1000,6345,6.998805999755859,6345,1,42,data/runs_scaling/s1v5_128_frequency_main_fixed
s1v5_128_frequency_main,bigram,1000,4284,4.630934834480286,4284,1,42,data/runs_scaling/s1v5_128_frequency_main_fixed
s1v5_128_frequency_main,bigram,1000,10421,-2.433920383453369,10421,1,42,data/runs_scaling/s1v5_128_frequency_main_fixed
s1v5_128_frequency_main,bigram,1000,1179,-0.20807323791086674,4716,4,42,data/runs_scaling/s1v5_128_frequency_main_fixed
s1v5_128_frequency_main,bigram,1000,2703,1.4697800676027934,8109,3,42,data/runs_scaling/s1v5_128_frequency_main_fixed
s1v5_128_frequency_main,bigram,1000,2739,8.675815641880035,2739,1,42,data/runs_scaling/s1v5_128_frequency_main_fixed
s1v5_128_frequency_main,bigram,1000,2297,-0.11739331483840942,4594,2,42,data/runs_scaling/s1v5_128_frequency_main_fixed
s1v5_128_frequency_main,bigram,1000,2616,2.9078198671340942,2616,1,42,data/runs_scaling/s1v5_128_frequency_main_fixed
s1v5_128_frequency_main,bigram,1000,2166,-1.5056400299072266,2166,1,42,data/runs_scaling/s1v5_128_frequency_main_fixed
s1v5_128_frequency_main,bigram,1000,1710,1.1620628833770752,1710,1,42,data/runs_scaling/s1v5_128_frequency_main_fixed
s1v5_128_frequency_main,bigram,1000,1519,5.693801015615463,3038,2,42,data/runs_scaling/s1v5_128_frequency_main_fixed
s1v5_128_frequency_main,bigram,1000,1104,1.6885776817798615,2208,2,42,data/runs_scaling/s1v5_128_frequency_main_fixed
s1v5_128_frequency_main,bigram,1000,3157,3.7347524166107178,3157,1,42,data/runs_scaling/s1v5_128_frequency_main_fixed
s1v5_128_frequency_main,bigram,1000,996,2.5852372087538242,5976,6,42,data/runs_scaling/s1v5_128_frequency_main_fixed
s1v5_128_frequency_main,bigram,1000,439,1.3850936043257307,19755,45,42,data/runs_scaling/s1v5_128_frequency_main_fixed
s1v5_128_frequency_main,bigram,1000,888,1.441475500782522,11544,13,42,data/runs_scaling/s1v5_128_frequency_main_fixed
s1v5_128_frequency_main,bigram,1000,880,2.153419119971139,6160,7,42,data/runs_scaling/s1v5_128_frequency_main_fixed
s1v5_128_frequency_main,bigram,1000,1769,-0.8300603117261615,12383,7,42,data/runs_scaling/s1v5_128_frequency_main_fixed
s1v5_128_frequency_main,bigram,1000,833,0.498922698572278,8330,10,42,data/runs_scaling/s1v5_128_frequency_main_fixed
s1v5_128_frequency_main,bigram,1000,1173,-1.3478775501251221,5865,5,42,data/runs_scaling/s1v5_128_frequency_main_fixed
s1v5_128_frequency_main,bigram,1000,1831,-0.9257407486438751,3662,2,42,data/runs_scaling/s1v5_128_frequency_main_fixed
s1v5_128_frequency_main,bigram,1000,643,1.7265374422810662,15432,24,42,data/runs_scaling/s1v5_128_frequency_main_fixed
s1v5_128_frequency_main,bigram,1000,2760,4.386489470799764,8280,3,42,data/runs_scaling/s1v5_128_frequency_main_fixed
s1v5_128_frequency_main,bigram,1000,828,2.1130416244268417,14076,17,42,data/runs_scaling/s1v5_128_frequency_main_fixed
s1v5_128_frequency_main,bigram,1000,923,1.0753747080430354,11999,13,42,data/runs_scaling/s1v5_128_frequency_main_fixed
s1v5_128_frequency_main,bigram,1000,814,3.0735590091118445,10582,13,42,data/runs_scaling/s1v5_128_frequency_main_fixed
s1v5_128_frequency_main,bigram,1000,2259,2.15899521112442,4518,2,42,data/runs_scaling/s1v5_128_frequency_main_fixed
s1v5_128_frequency_main,bigram,1000,1164,0.8819133115932345,5820,5,42,data/runs_scaling/s1v5_128_frequency_main_fixed
s1v5_128_frequency_main,bigram,1000,1131,1.8176454703013103,6786,6,42,data/runs_scaling/s1v5_128_frequency_main_fixed
s1v5_128_frequency_main,bigram,1000,2835,-2.8929079174995422,2835,1,42,data/runs_scaling/s1v5_128_frequency_main_fixed
s1v5_128_frequency_main,bigram,1000,944,4.664114055120283,8496,9,42,data/runs_scaling/s1v5_128_frequency_main_fixed
s1v5_128_frequency_main,bigram,1000,1592,3.8151302337646484,7960,5,42,data/runs_scaling/s1v5_128_frequency_main_fixed
s1v5_128_frequency_main,bigram,1000,578,1.2222058057648548,16762,29,42,data/runs_scaling/s1v5_128_frequency_main_fixed
s1v5_128_frequency_main,bigram,1000,12899,2.0905656218528748,25798,2,42,data/runs_scaling/s1v5_128_frequency_main_fixed
s1v5_128_frequency_main,bigram,1000,1593,-0.9681428273518881,4779,3,42,data/runs_scaling/s1v5_128_frequency_main_fixed
s1v5_128_frequency_main,bigram,1000,1280,-0.2069683074951172,1280,1,42,data/runs_scaling/s1v5_128_frequency_main_fixed
s1v5_128_frequency_main,bigram,1000,1065,-0.8737106919288635,3195,3,42,data/runs_scaling/s1v5_128_frequency_main_fixed
s1v5_128_frequency_main,bigram,1000,916,2.44239781901706,7328,8,42,data/runs_scaling/s1v5_128_frequency_main_fixed
s1v5_128_frequency_main,bigram,1000,12969,-1.041724681854248,12969,1,42,data/runs_scaling/s1v5_128_frequency_main_fixed
s1v5_128_frequency_main,bigram,1000,690,1.6603105066072505,12420,18,42,data/runs_scaling/s1v5_128_frequency_main_fixed
s1v5_128_frequency_main,bigram,1000,1533,0.9640513559182485,4599,3,42,data/runs_scaling/s1v5_128_frequency_main_fixed
s1v5_128_frequency_main,bigram,1000,2420,1.312476634979248,2420,1,42,data/runs_scaling/s1v5_128_frequency_main_fixed
s1v5_128_frequency_main,bigram,1000,1237,1.4031790662556887,4948,4,42,data/runs_scaling/s1v5_128_frequency_main_fixed
s1v5_128_frequency_main,bigram,1000,854,1.3264369329437613,17080,20,42,data/runs_scaling/s1v5_128_frequency_main_fixed
s1v5_128_frequency_main,bigram,1000,901,3.4827000515483126,8109,9,42,data/runs_scaling/s1v5_128_frequency_main_fixed
s1v5_128_frequency_main,bigram,1000,931,1.9456846190329928,12103,13,42,data/runs_scaling/s1v5_128_frequency_main_fixed
s1v5_128_frequency_main,bigram,1000,571,-0.4029775816508426,14846,26,42,data/runs_scaling/s1v5_128_frequency_main_fixed
s1v5_128_frequency_main,bigram,1000,640,1.7475704266875982,16000,25,42,data/runs_scaling/s1v5_128_frequency_main_fixed
s1v5_128_frequency_main,bigram,1000,3753,4.863703370094299,3753,1,42,data/runs_scaling/s1v5_128_frequency_main_fixed
s1v5_128_frequency_main,bigram,1000,669,1.2754274616988066,16056,24,42,data/runs_scaling/s1v5_128_frequency_main_fixed
s1v5_128_frequency_main,bigram,1000,1312,-2.212427392601967,3936,3,42,data/runs_scaling/s1v5_128_frequency_main_fixed
s1v5_128_frequency_main,bigram,1000,3061,-2.7286560237407684,3061,1,42,data/runs_scaling/s1v5_128_frequency_main_fixed
s1v5_128_frequency_main,bigram,1000,935,1.3201173024082726,10285,11,42,data/runs_scaling/s1v5_128_frequency_main_fixed
s1v5_128_frequency_main,bigram,1000,4170,1.6847724914550781,8340,2,42,data/runs_scaling/s1v5_128_frequency_main_fixed
s1v5_128_frequency_main,bigram,1000,2934,-0.8482627868652344,2934,1,42,data/runs_scaling/s1v5_128_frequency_main_fixed
s1v5_128_frequency_main,bigram,1000,3195,2.5019750595092773,3195,1,42,data/runs_scaling/s1v5_128_frequency_main_fixed
s1v5_128_frequency_main,bigram,1000,2245,2.4151960213979087,6735,3,42,data/runs_scaling/s1v5_128_frequency_main_fixed
s1v5_128_frequency_main,bigram,1000,1832,2.13868510723114,3664,2,42,data/runs_scaling/s1v5_128_frequency_main_fixed
s1v5_128_frequency_main,bigram,1000,8372,0.6668538153171539,8372,1,42,data/runs_scaling/s1v5_128_frequency_main_fixed
s1v5_128_frequency_main,bigram,1000,749,2.516280249012389,14231,19,42,data/runs_scaling/s1v5_128_frequency_main_fixed
s1v5_128_frequency_main,bigram,1000,1185,4.771452337503433,2370,2,42,data/runs_scaling/s1v5_128_frequency_main_fixed
s1v5_128_frequency_main,bigram,1000,1467,-0.19648226102193198,4401,3,42,data/runs_scaling/s1v5_128_frequency_main_fixed
s1v5_128_frequency_main,bigram,1000,3080,8.738652914762497,3080,1,42,data/runs_scaling/s1v5_128_frequency_main_fixed
s1v5_128_frequency_main,bigram,1000,1415,1.7870118618011475,2830,2,42,data/runs_scaling/s1v5_128_frequency_main_fixed
s1v5_128_frequency_main,bigram,1000,1177,0.864850640296936,3531,3,42,data/runs_scaling/s1v5_128_frequency_main_fixed
s1v5_128_frequency_main,bigram,1000,3239,3.5715352296829224,6478,2,42,data/runs_scaling/s1v5_128_frequency_main_fixed
s1v5_128_frequency_main,bigram,1000,1514,2.7535546819368997,4542,3,42,data/runs_scaling/s1v5_128_frequency_main_fixed
s1v5_128_frequency_main,bigram,1000,1077,0.006619056593626738,5385,5,42,data/runs_scaling/s1v5_128_frequency_main_fixed
s1v5_128_frequency_main,bigram,1000,783,1.617407722191678,14094,18,42,data/runs_scaling/s1v5_128_frequency_main_fixed
s1v5_128_frequency_main,bigram,1000,2643,2.588395118713379,2643,1,42,data/runs_scaling/s1v5_128_frequency_main_fixed
s1v5_128_frequency_main,bigram,1000,4092,0.07835698127746582,4092,1,42,data/runs_scaling/s1v5_128_frequency_main_fixed
s1v5_128_frequency_main,bigram,1000,3035,2.1150231758753457,9105,3,42,data/runs_scaling/s1v5_128_frequency_main_fixed
s1v5_128_frequency_main,bigram,1000,5260,4.131272315979004,5260,1,42,data/runs_scaling/s1v5_128_frequency_main_fixed
s1v5_128_frequency_main,bigram,1000,1062,0.9858319110547503,6372,6,42,data/runs_scaling/s1v5_128_frequency_main_fixed
s1v5_128_frequency_main,bigram,1000,1932,-3.3769774436950684,1932,1,42,data/runs_scaling/s1v5_128_frequency_main_fixed
s1v5_128_frequency_main,bigram,1000,1494,-2.7412843704223633,1494,1,42,data/runs_scaling/s1v5_128_frequency_main_fixed
s1v5_128_frequency_main,bigram,1000,663,1.6030148891732097,12597,19,42,data/runs_scaling/s1v5_128_frequency_main_fixed
s1v5_128_frequency_main,bigram,1000,662,1.578535919506976,13240,20,42,data/runs_scaling/s1v5_128_frequency_main_fixed
s1v5_128_frequency_main,bigram,1000,54654,1.283064842224121,54654,1,42,data/runs_scaling/s1v5_128_frequency_main_fixed
s1v5_128_frequency_main,bigram,1000,487,2.3653697118584422,20454,42,42,data/runs_scaling/s1v5_128_frequency_main_fixed
s1v5_128_frequency_main,bigram,1000,54852,8.048787891864777,54852,1,42,data/runs_scaling/s1v5_128_frequency_main_fixed
s1v5_128_frequency_main,bigram,1000,11626,3.2950769662857056,11626,1,42,data/runs_scaling/s1v5_128_frequency_main_fixed
s1v5_128_frequency_main,bigram,1000,4278,3.196390151977539,4278,1,42,data/runs_scaling/s1v5_128_frequency_main_fixed
s1v5_128_frequency_main,bigram,1000,1443,-0.7478955785433451,4329,3,42,data/runs_scaling/s1v5_128_frequency_main_fixed
s1v5_128_frequency_main,bigram,1000,1067,3.732848900556564,5335,5,42,data/runs_scaling/s1v5_128_frequency_main_fixed
s1v5_128_frequency_main,bigram,1000,8945,0.5464816093444824,8945,1,42,data/runs_scaling/s1v5_128_frequency_main_fixed
s1v5_128_frequency_main,bigram,1000,2246,-5.136866211891174,2246,1,42,data/runs_scaling/s1v5_128_frequency_main_fixed
s1v5_128_frequency_main,bigram,1000,11234,4.093390941619873,11234,1,42,data/runs_scaling/s1v5_128_frequency_main_fixed
s1v5_128_frequency_main,bigram,1000,902,2.1995924388368926,8118,9,42,data/runs_scaling/s1v5_128_frequency_main_fixed
s1v5_128_frequency_main,bigram,1000,1019,2.1799839635690055,6114,6,42,data/runs_scaling/s1v5_128_frequency_main_fixed
s1v5_128_frequency_main,bigram,1000,998,2.4081620275974274,6986,7,42,data/runs_scaling/s1v5_128_frequency_main_fixed
s1v5_128_frequency_main,bigram,1000,3258,-0.6074333190917969,3258,1,42,data/runs_scaling/s1v5_128_frequency_main_fixed
s1v5_128_frequency_main,bigram,1000,943,0.5088811251852248,8487,9,42,data/runs_scaling/s1v5_128_frequency_main_fixed
s1v5_128_frequency_main,bigram,1000,1653,8.852466583251953,1653,1,42,data/runs_scaling/s1v5_128_frequency_main_fixed
s1v5_128_frequency_main,bigram,1000,1011,1.2226912996598653,7077,7,42,data/runs_scaling/s1v5_128_frequency_main_fixed
s1v5_128_frequency_main,bigram,1000,786,0.6045147984925854,14934,19,42,data/runs_scaling/s1v5_128_frequency_main_fixed
s1v5_128_frequency_main,bigram,1000,2083,9.195196151733398,2083,1,42,data/runs_scaling/s1v5_128_frequency_main_fixed
s1v5_128_frequency_main,bigram,1000,6012,-1.8885374069213867,6012,1,42,data/runs_scaling/s1v5_128_frequency_main_fixed
s1v5_128_frequency_main,bigram,1000,1256,3.9388160705566406,3768,3,42,data/runs_scaling/s1v5_128_frequency_main_fixed
s1v5_128_frequency_main,bigram,1000,1634,0.1659871737162272,4902,3,42,data/runs_scaling/s1v5_128_frequency_main_fixed
s1v5_128_frequency_main,bigram,1000,1099,2.2110339641571044,5495,5,42,data/runs_scaling/s1v5_128_frequency_main_fixed
s1v5_128_frequency_main,bigram,1000,2081,1.1225261688232422,2081,1,42,data/runs_scaling/s1v5_128_frequency_main_fixed
s1v5_128_frequency_main,bigram,1000,1409,-0.6431959271430969,5636,4,42,data/runs_scaling/s1v5_128_frequency_main_fixed
s1v5_128_frequency_main,bigram,1000,3702,2.541084885597229,7404,2,42,data/runs_scaling/s1v5_128_frequency_main_fixed
s1v5_128_frequency_main,bigram,1000,586,2.1010394144603715,16408,28,42,data/runs_scaling/s1v5_128_frequency_main_fixed
s1v5_128_frequency_main,bigram,1000,950,0.27566587924957275,3800,4,42,data/runs_scaling/s1v5_128_frequency_main_fixed
s1v5_128_frequency_main,bigram,1000,6630,-1.0837984085083008,6630,1,42,data/runs_scaling/s1v5_128_frequency_main_fixed
s1v5_128_frequency_main,bigram,1000,2150,2.2308926582336426,2150,1,42,data/runs_scaling/s1v5_128_frequency_main_fixed
s1v5_128_frequency_main,bigram,1000,738,1.8335736154140683,15498,21,42,data/runs_scaling/s1v5_128_frequency_main_fixed
s1v5_128_frequency_main,bigram,1000,2112,2.6609692573547363,2112,1,42,data/runs_scaling/s1v5_128_frequency_main_fixed
s1v5_128_frequency_main,bigram,1000,1750,2.4137493215384893,7000,4,42,data/runs_scaling/s1v5_128_frequency_main_fixed
s1v5_128_frequency_main,bigram,1000,2916,0.6265592575073242,2916,1,42,data/runs_scaling/s1v5_128_frequency_main_fixed
s1v5_128_frequency_main,bigram,1000,11444,6.517099380493164,11444,1,42,data/runs_scaling/s1v5_128_frequency_main_fixed
s1v5_128_frequency_main,bigram,1000,8076,0.0003528594970703125,8076,1,42,data/runs_scaling/s1v5_128_frequency_main_fixed
s1v5_128_frequency_main,bigram,1000,1945,-0.12875938415527344,3890,2,42,data/runs_scaling/s1v5_128_frequency_main_fixed
s1v5_128_frequency_main,bigram,1000,692,1.9619884678007413,16608,24,42,data/runs_scaling/s1v5_128_frequency_main_fixed
s1v5_128_frequency_main,bigram,1000,2597,0.67696746190389,7791,3,42,data/runs_scaling/s1v5_128_frequency_main_fixed
s1v5_128_frequency_main,bigram,1000,1233,-0.6161842823028565,6165,5,42,data/runs_scaling/s1v5_128_frequency_main_fixed
s1v5_128_frequency_main,bigram,1000,1954,-3.373647689819336,1954,1,42,data/runs_scaling/s1v5_128_frequency_main_fixed
s1v5_128_frequency_main,bigram,1000,1635,-0.14356493949890137,4905,3,42,data/runs_scaling/s1v5_128_frequency_main_fixed
s1v5_128_frequency_main,bigram,1000,1363,-2.023846447467804,2726,2,42,data/runs_scaling/s1v5_128_frequency_main_fixed
s1v5_128_frequency_main,bigram,1000,1290,3.426513353983561,3870,3,42,data/runs_scaling/s1v5_128_frequency_main_fixed
s1v5_128_frequency_main,bigram,1000,19024,-0.8881626129150391,19024,1,42,data/runs_scaling/s1v5_128_frequency_main_fixed
s1v5_128_frequency_main,bigram,1000,2202,-3.5816445350646973,2202,1,42,data/runs_scaling/s1v5_128_frequency_main_fixed
s1v5_128_frequency_main,bigram,1000,1058,1.4263051375746727,6348,6,42,data/runs_scaling/s1v5_128_frequency_main_fixed
s1v5_128_frequency_main,bigram,1000,1788,1.8603231608867645,7152,4,42,data/runs_scaling/s1v5_128_frequency_main_fixed
s1v5_128_frequency_main,bigram,1000,800,0.05002129739640575,15200,19,42,data/runs_scaling/s1v5_128_frequency_main_fixed
s1v5_128_frequency_main,bigram,1000,1724,10.073570251464844,1724,1,42,data/runs_scaling/s1v5_128_frequency_main_fixed
s1v5_128_frequency_main,bigram,1000,1176,1.645014727115631,5880,5,42,data/runs_scaling/s1v5_128_frequency_main_fixed
s1v5_128_frequency_main,bigram,1000,5545,0.7628107070922852,5545,1,42,data/runs_scaling/s1v5_128_frequency_main_fixed
s1v5_128_frequency_main,bigram,1000,2892,-0.481812059879303,2892,1,42,data/runs_scaling/s1v5_128_frequency_main_fixed
s1v5_128_frequency_main,bigram,1000,3484,-1.521235704421997,3484,1,42,data/runs_scaling/s1v5_128_frequency_main_fixed
s1v5_128_frequency_main,bigram,1000,37163,7.302197456359863,37163,1,42,data/runs_scaling/s1v5_128_frequency_main_fixed
s1v5_128_frequency_main,bigram,1000,135601,-2.722898483276367,135601,1,42,data/runs_scaling/s1v5_128_frequency_main_fixed
s1v5_128_frequency_main,bigram,1000,3029,-1.3463997840881348,3029,1,42,data/runs_scaling/s1v5_128_frequency_main_fixed
s1v5_128_frequency_main,bigram,1000,824,2.288954310548993,10712,13,42,data/runs_scaling/s1v5_128_frequency_main_fixed
s1v5_128_frequency_main,bigram,1000,2039,3.268573820590973,4078,2,42,data/runs_scaling/s1v5_128_frequency_main_fixed
s1v5_128_frequency_main,bigram,1000,3967,2.147888660430908,3967,1,42,data/runs_scaling/s1v5_128_frequency_main_fixed
s1v5_128_frequency_main,bigram,1000,953,2.0603148879652675,10483,11,42,data/runs_scaling/s1v5_128_frequency_main_fixed
s1v5_128_frequency_main,bigram,1000,1529,0.7011221647262573,6116,4,42,data/runs_scaling/s1v5_128_frequency_main_fixed
s1v5_128_frequency_main,bigram,1000,862,0.7995631471276283,8620,10,42,data/runs_scaling/s1v5_128_frequency_main_fixed
s1v5_128_frequency_main,bigram,1000,1602,4.881594120214383,4806,3,42,data/runs_scaling/s1v5_128_frequency_main_fixed
s1v5_128_frequency_main,bigram,1000,655,0.7629239979074695,17030,26,42,data/runs_scaling/s1v5_128_frequency_main_fixed
s1v5_128_frequency_main,bigram,1000,1403,0.582109559699893,7015,5,42,data/runs_scaling/s1v5_128_frequency_main_fixed
s1v5_128_frequency_main,bigram,1000,2085,-7.095275938510895,2085,1,42,data/runs_scaling/s1v5_128_frequency_main_fixed
s1v5_128_frequency_main,bigram,1000,675,1.36274379499179,10125,15,42,data/runs_scaling/s1v5_128_frequency_main_fixed
s1v5_128_frequency_main,bigram,1000,2219,-2.342007875442505,2219,1,42,data/runs_scaling/s1v5_128_frequency_main_fixed
s1v5_128_frequency_main,bigram,1000,845,-0.2825823902551617,11830,14,42,data/runs_scaling/s1v5_128_frequency_main_fixed
s1v5_128_frequency_main,bigram,1000,958,1.7444629081609575,10538,11,42,data/runs_scaling/s1v5_128_frequency_main_fixed
s1v5_128_frequency_main,bigram,1000,881,0.2948725934212024,11453,13,42,data/runs_scaling/s1v5_128_frequency_main_fixed
s1v5_128_frequency_main,bigram,1000,1055,2.9029980897903442,6330,6,42,data/runs_scaling/s1v5_128_frequency_main_fixed
s1v5_128_frequency_main,bigram,1000,4222,0.17404460906982422,4222,1,42,data/runs_scaling/s1v5_128_frequency_main_fixed
s1v5_128_frequency_main,bigram,1000,926,1.0390652269124985,12038,13,42,data/runs_scaling/s1v5_128_frequency_main_fixed
s1v5_128_frequency_main,bigram,1000,999,0.4291851319372654,4995,5,42,data/runs_scaling/s1v5_128_frequency_main_fixed
s1v5_128_frequency_main,bigram,1000,1669,-0.09767436981201172,1669,1,42,data/runs_scaling/s1v5_128_frequency_main_fixed
s1v5_128_frequency_main,bigram,1000,8042,-2.6088647842407227,8042,1,42,data/runs_scaling/s1v5_128_frequency_main_fixed
s1v5_128_frequency_main,bigram,1000,6661,3.7131175994873047,6661,1,42,data/runs_scaling/s1v5_128_frequency_main_fixed
s1v5_128_frequency_main,bigram,1000,3845,3.601222038269043,3845,1,42,data/runs_scaling/s1v5_128_frequency_main_fixed
s1v5_128_frequency_main,bigram,1000,775,1.5590598670875324,13175,17,42,data/runs_scaling/s1v5_128_frequency_main_fixed
s1v5_128_frequency_main,bigram,1000,1355,7.702936917543411,5420,4,42,data/runs_scaling/s1v5_128_frequency_main_fixed
s1v5_128_frequency_main,bigram,1000,930,0.9460051346880695,11160,12,42,data/runs_scaling/s1v5_128_frequency_main_fixed
s1v5_128_frequency_main,bigram,1000,991,0.5861666142940521,4955,5,42,data/runs_scaling/s1v5_128_frequency_main_fixed
s1v5_128_frequency_main,bigram,1000,990,2.3767270892858505,3960,4,42,data/runs_scaling/s1v5_128_frequency_main_fixed
s1v5_128_frequency_main,bigram,1000,856,-0.5523238276597112,8560,10,42,data/runs_scaling/s1v5_128_frequency_main_fixed
s1v5_128_frequency_main,bigram,1000,1885,5.059406757354736,5655,3,42,data/runs_scaling/s1v5_128_frequency_main_fixed
s1v5_128_frequency_main,bigram,1000,956,2.5594509400427343,4780,5,42,data/runs_scaling/s1v5_128_frequency_main_fixed
s1v5_128_frequency_main,bigram,1000,1787,-1.492882490158081,3574,2,42,data/runs_scaling/s1v5_128_frequency_main_fixed
s1v5_128_frequency_main,bigram,1000,2483,4.353339672088623,4966,2,42,data/runs_scaling/s1v5_128_frequency_main_fixed
s1v5_128_frequency_main,bigram,1000,2175,-4.202824831008911,2175,1,42,data/runs_scaling/s1v5_128_frequency_main_fixed
s1v5_128_frequency_main,bigram,1000,1654,1.7761660143733025,3308,2,42,data/runs_scaling/s1v5_128_frequency_main_fixed
s1v5_128_frequency_main,bigram,1000,1005,0.6733120679855347,3015,3,42,data/runs_scaling/s1v5_128_frequency_main_fixed
s1v5_128_frequency_main,bigram,1000,1768,5.9296315419487655,1768,1,42,data/runs_scaling/s1v5_128_frequency_main_fixed
s1v5_128_frequency_main,bigram,1000,1505,2.154356300830841,6020,4,42,data/runs_scaling/s1v5_128_frequency_main_fixed
s1v5_128_frequency_main,bigram,1000,1523,4.652290344238281,1523,1,42,data/runs_scaling/s1v5_128_frequency_main_fixed
s1v5_128_frequency_main,bigram,1000,2109,3.4778146743774414,2109,1,42,data/runs_scaling/s1v5_128_frequency_main_fixed
s1v5_128_frequency_main,bigram,1000,1899,-0.2877920866012573,3798,2,42,data/runs_scaling/s1v5_128_frequency_main_fixed
s1v5_128_frequency_main,bigram,1000,825,0.685261099256183,15675,19,42,data/runs_scaling/s1v5_128_frequency_main_fixed
s1v5_128_frequency_main,bigram,1000,2471,-7.680512547492981,2471,1,42,data/runs_scaling/s1v5_128_frequency_main_fixed
s1v5_128_frequency_main,bigram,1000,5672,-1.7550897598266602,5672,1,42,data/runs_scaling/s1v5_128_frequency_main_fixed
s1v5_128_frequency_main,bigram,1000,7293,-1.953672170639038,7293,1,42,data/runs_scaling/s1v5_128_frequency_main_fixed
s1v5_128_frequency_main,bigram,1000,1151,-1.1488965352376301,3453,3,42,data/runs_scaling/s1v5_128_frequency_main_fixed
s1v5_128_frequency_main,bigram,1000,8623,3.6878257989883423,8623,1,42,data/runs_scaling/s1v5_128_frequency_main_fixed
s1v5_128_frequency_main,bigram,1000,1159,2.5667804479599,6954,6,42,data/runs_scaling/s1v5_128_frequency_main_fixed
s1v5_128_frequency_main,bigram,1000,13064,-2.734846830368042,13064,1,42,data/runs_scaling/s1v5_128_frequency_main_fixed
s1v5_128_frequency_main,bigram,1000,1556,0.8365833759307861,4668,3,42,data/runs_scaling/s1v5_128_frequency_main_fixed
s1v5_128_frequency_main,bigram,1000,3280,2.414330542087555,3280,1,42,data/runs_scaling/s1v5_128_frequency_main_fixed
s1v5_128_frequency_main,bigram,1000,1736,0.5144083847602209,5208,3,42,data/runs_scaling/s1v5_128_frequency_main_fixed
s1v5_128_frequency_main,bigram,1000,1022,1.6966563860575359,3066,3,42,data/runs_scaling/s1v5_128_frequency_main_fixed
s1v5_128_frequency_main,bigram,1000,1343,1.769140105927363,6715,5,42,data/runs_scaling/s1v5_128_frequency_main_fixed
s1v5_128_frequency_main,bigram,1000,1353,-0.9413445586978924,5412,4,42,data/runs_scaling/s1v5_128_frequency_main_fixed
s1v5_128_frequency_main,bigram,1000,725,1.71525122220919,8700,12,42,data/runs_scaling/s1v5_128_frequency_main_fixed
s1v5_128_frequency_main,bigram,1000,1207,4.701698298752308,6035,5,42,data/runs_scaling/s1v5_128_frequency_main_fixed
s1v5_128_frequency_main,bigram,1000,9349,3.092005729675293,9349,1,42,data/runs_scaling/s1v5_128_frequency_main_fixed
s1v5_128_frequency_main,bigram,1000,1550,2.01881143450737,6200,4,42,data/runs_scaling/s1v5_128_frequency_main_fixed
s1v5_128_frequency_main,bigram,1000,3336,-2.8573919534683228,6672,2,42,data/runs_scaling/s1v5_128_frequency_main_fixed
s1v5_128_frequency_main,bigram,1000,3106,0.7774378458658854,9318,3,42,data/runs_scaling/s1v5_128_frequency_main_fixed
s1v5_128_frequency_main,bigram,1000,2627,0.5944547653198242,2627,1,42,data/runs_scaling/s1v5_128_frequency_main_fixed
s1v5_128_frequency_main,bigram,1000,1044,2.940566028867449,7308,7,42,data/runs_scaling/s1v5_128_frequency_main_fixed
s1v5_128_frequency_main,bigram,1000,855,1.4779474465060047,12825,15,42,data/runs_scaling/s1v5_128_frequency_main_fixed
s1v5_128_frequency_main,bigram,1000,5234,-3.9103760719299316,5234,1,42,data/runs_scaling/s1v5_128_frequency_main_fixed
s1v5_128_frequency_main,bigram,1000,915,0.9545097952708602,9150,10,42,data/runs_scaling/s1v5_128_frequency_main_fixed
s1v5_128_frequency_main,bigram,1000,2945,-5.421459436416626,2945,1,42,data/runs_scaling/s1v5_128_frequency_main_fixed
s1v5_128_frequency_main,bigram,1000,3272,3.933683183277026e-05,3272,1,42,data/runs_scaling/s1v5_128_frequency_main_fixed
s1v5_128_frequency_main,bigram,1000,1572,-1.3594622611999512,1572,1,42,data/runs_scaling/s1v5_128_frequency_main_fixed
s1v5_128_frequency_main,bigram,1000,1080,3.318095326423645,2160,2,42,data/runs_scaling/s1v5_128_frequency_main_fixed
s1v5_128_frequency_main,bigram,1000,1009,-0.9843096137046814,4036,4,42,data/runs_scaling/s1v5_128_frequency_main_fixed
s1v5_128_frequency_main,bigram,1000,22480,0.4393792152404785,22480,1,42,data/runs_scaling/s1v5_128_frequency_main_fixed
s1v5_128_frequency_main,bigram,1000,37848,-0.7215465307235718,37848,1,42,data/runs_scaling/s1v5_128_frequency_main_fixed
s1v5_128_frequency_main,bigram,1000,635,2.3062016283283415,14605,23,42,data/runs_scaling/s1v5_128_frequency_main_fixed
s1v5_128_frequency_main,bigram,1000,1235,0.8664095799128214,7410,6,42,data/runs_scaling/s1v5_128_frequency_main_fixed
s1v5_128_frequency_main,bigram,1000,1492,-0.5513424650125671,4476,3,42,data/runs_scaling/s1v5_128_frequency_main_fixed
s1v5_128_frequency_main,bigram,1000,1276,-1.106858730316162,3828,3,42,data/runs_scaling/s1v5_128_frequency_main_fixed
s1v5_128_frequency_main,bigram,1000,4203,1.2656896114349365,8406,2,42,data/runs_scaling/s1v5_128_frequency_main_fixed
s1v5_128_frequency_main,bigram,1000,3706,10.264816582202911,3706,1,42,data/runs_scaling/s1v5_128_frequency_main_fixed
s1v5_128_frequency_main,bigram,1000,4739,-2.04797300696373,4739,1,42,data/runs_scaling/s1v5_128_frequency_main_fixed
s1v5_128_frequency_main,bigram,1000,2291,6.341591075062752,2291,1,42,data/runs_scaling/s1v5_128_frequency_main_fixed
s1v5_128_frequency_main,bigram,1000,1246,-1.2653050422668457,1246,1,42,data/runs_scaling/s1v5_128_frequency_main_fixed
s1v5_128_frequency_main,bigram,1000,2099,-2.0558330168326697,6297,3,42,data/runs_scaling/s1v5_128_frequency_main_fixed
s1v5_128_frequency_main,bigram,1000,924,0.6541520467457863,12012,13,42,data/runs_scaling/s1v5_128_frequency_main_fixed
s1v5_128_frequency_main,bigram,1000,1039,2.0956279933452606,4156,4,42,data/runs_scaling/s1v5_128_frequency_main_fixed
s1v5_128_frequency_main,bigram,1000,1645,7.301459103822708,3290,2,42,data/runs_scaling/s1v5_128_frequency_main_fixed
s1v5_128_frequency_main,bigram,1000,1385,1.5724137723445892,2770,2,42,data/runs_scaling/s1v5_128_frequency_main_fixed
s1v5_128_frequency_main,bigram,1000,1162,1.3097486299462617,5810,5,42,data/runs_scaling/s1v5_128_frequency_main_fixed
s1v5_128_frequency_main,bigram,1000,2764,6.238237500190735,2764,1,42,data/runs_scaling/s1v5_128_frequency_main_fixed
s1v5_128_frequency_main,bigram,1000,2181,1.8800421953201294,6543,3,42,data/runs_scaling/s1v5_128_frequency_main_fixed
s1v5_128_frequency_main,bigram,1000,2474,-0.8839601278305054,2474,1,42,data/runs_scaling/s1v5_128_frequency_main_fixed
s1v5_128_frequency_main,bigram,1000,1142,0.7218612854679426,3426,3,42,data/runs_scaling/s1v5_128_frequency_main_fixed
s1v5_128_frequency_main,bigram,1000,1516,-0.34943704803784686,4548,3,42,data/runs_scaling/s1v5_128_frequency_main_fixed
s1v5_128_frequency_main,bigram,1000,2400,0.14115458726882935,4800,2,42,data/runs_scaling/s1v5_128_frequency_main_fixed
s1v5_128_frequency_main,bigram,1000,1399,-5.574816167354584,1399,1,42,data/runs_scaling/s1v5_128_frequency_main_fixed
s1v5_128_frequency_main,bigram,1000,1045,1.3324526747067769,6270,6,42,data/runs_scaling/s1v5_128_frequency_main_fixed
s1v5_128_frequency_main,bigram,1000,2273,6.016930818557739,2273,1,42,data/runs_scaling/s1v5_128_frequency_main_fixed
s1v5_128_frequency_main,bigram,1000,1825,0.9115132292111715,5475,3,42,data/runs_scaling/s1v5_128_frequency_main_fixed
s1v5_128_frequency_main,bigram,1000,1284,0.4890159070491791,3852,3,42,data/runs_scaling/s1v5_128_frequency_main_fixed
s1v5_128_frequency_main,bigram,1000,2692,8.303089171648026,5384,2,42,data/runs_scaling/s1v5_128_frequency_main_fixed
s1v5_128_frequency_main,bigram,1000,3018,2.5879700978597007,9054,3,42,data/runs_scaling/s1v5_128_frequency_main_fixed
s1v5_128_frequency_main,bigram,1000,1777,4.392900839447975,5331,3,42,data/runs_scaling/s1v5_128_frequency_main_fixed
s1v5_128_frequency_main,bigram,1000,2242,7.891163557767868,4484,2,42,data/runs_scaling/s1v5_128_frequency_main_fixed
s1v5_128_frequency_main,bigram,1000,1973,-0.03655846789479256,1973,1,42,data/runs_scaling/s1v5_128_frequency_main_fixed
s1v5_128_frequency_main,bigram,1000,2113,1.9695346355438232,4226,2,42,data/runs_scaling/s1v5_128_frequency_main_fixed
s1v5_128_frequency_main,bigram,1000,868,1.643866819764177,13020,15,42,data/runs_scaling/s1v5_128_frequency_main_fixed
s1v5_128_frequency_main,bigram,1000,1147,4.8349655866622925,4588,4,42,data/runs_scaling/s1v5_128_frequency_main_fixed
s1v5_128_frequency_main,bigram,1000,1054,-2.213342070579529,2108,2,42,data/runs_scaling/s1v5_128_frequency_main_fixed
s1v5_128_frequency_main,bigram,1000,1046,2.100708382470267,7322,7,42,data/runs_scaling/s1v5_128_frequency_main_fixed
s1v5_128_frequency_main,bigram,1000,2830,-1.0829906165599823,2830,1,42,data/runs_scaling/s1v5_128_frequency_main_fixed
s1v5_128_frequency_main,bigram,1000,682,1.5024329918410837,12276,18,42,data/runs_scaling/s1v5_128_frequency_main_fixed
s1v5_128_frequency_main,bigram,1000,21154,-4.857810024172068,21154,1,42,data/runs_scaling/s1v5_128_frequency_main_fixed
s1v5_128_frequency_main,bigram,1000,13171,-6.402235388755798,13171,1,42,data/runs_scaling/s1v5_128_frequency_main_fixed
s1v5_128_frequency_main,bigram,1000,12881,-4.7866387367248535,12881,1,42,data/runs_scaling/s1v5_128_frequency_main_fixed
s1v5_128_frequency_main,bigram,1000,8956,1.3266578614711761,8956,1,42,data/runs_scaling/s1v5_128_frequency_main_fixed
s1v5_128_frequency_main,bigram,1000,6228,0.8222821950912476,12456,2,42,data/runs_scaling/s1v5_128_frequency_main_fixed
s1v5_128_frequency_main,bigram,1000,6609,0.7528023719787598,6609,1,42,data/runs_scaling/s1v5_128_frequency_main_fixed
s1v5_128_frequency_main,bigram,1000,4200,10.50709119439125,4200,1,42,data/runs_scaling/s1v5_128_frequency_main_fixed
s1v5_128_frequency_main,bigram,1000,907,1.3313196063041688,9070,10,42,data/runs_scaling/s1v5_128_frequency_main_fixed
s1v5_128_frequency_main,bigram,1000,2995,0.46007871627807617,2995,1,42,data/runs_scaling/s1v5_128_frequency_main_fixed
s1v5_128_frequency_main,bigram,1000,4235,-4.282011568546295,4235,1,42,data/runs_scaling/s1v5_128_frequency_main_fixed
s1v5_128_frequency_main,bigram,1000,1032,3.511192560195923,2064,2,42,data/runs_scaling/s1v5_128_frequency_main_fixed
s1v5_128_frequency_main,bigram,1000,4060,12.49844217300415,4060,1,42,data/runs_scaling/s1v5_128_frequency_main_fixed
s1v5_128_frequency_main,bigram,1000,1864,3.08242879062891,7456,4,42,data/runs_scaling/s1v5_128_frequency_main_fixed
s1v5_128_frequency_main,bigram,1000,2793,-0.15464448928833008,2793,1,42,data/runs_scaling/s1v5_128_frequency_main_fixed
s1v5_128_frequency_main,bigram,1000,1085,-0.8193432331085205,5425,5,42,data/runs_scaling/s1v5_128_frequency_main_fixed
s1v5_128_frequency_main,bigram,1000,741,0.11372474936943036,14820,20,42,data/runs_scaling/s1v5_128_frequency_main_fixed
s1v5_128_frequency_main,bigram,1000,1422,-1.5847389101982117,2844,2,42,data/runs_scaling/s1v5_128_frequency_main_fixed
s1v5_128_frequency_main,bigram,1000,1324,1.2162377834320068,3972,3,42,data/runs_scaling/s1v5_128_frequency_main_fixed
s1v5_128_frequency_main,bigram,1000,1631,1.2232257723808289,3262,2,42,data/runs_scaling/s1v5_128_frequency_main_fixed
s1v5_128_frequency_main,bigram,1000,895,2.1597098276162376,11635,13,42,data/runs_scaling/s1v5_128_frequency_main_fixed
s1v5_128_frequency_main,bigram,1000,704,4.1439062004875655,9856,14,42,data/runs_scaling/s1v5_128_frequency_main_fixed
s1v5_128_frequency_main,bigram,1000,867,2.8985638236044906,13872,16,42,data/runs_scaling/s1v5_128_frequency_main_fixed
s1v5_128_frequency_main,bigram,1000,757,1.545310497086925,9841,13,42,data/runs_scaling/s1v5_128_frequency_main_fixed
s1v5_128_frequency_main,bigram,1000,1028,-1.8283137306571007,2056,2,42,data/runs_scaling/s1v5_128_frequency_main_fixed
s1v5_128_frequency_main,bigram,1000,1146,2.1247445344924927,3438,3,42,data/runs_scaling/s1v5_128_frequency_main_fixed
s1v5_128_frequency_main,bigram,1000,1255,2.090026829391718,2510,2,42,data/runs_scaling/s1v5_128_frequency_main_fixed
s1v5_128_frequency_main,bigram,1000,8281,-1.5949991941452026,8281,1,42,data/runs_scaling/s1v5_128_frequency_main_fixed
s1v5_128_frequency_main,bigram,1000,2097,-3.4302477836608887,2097,1,42,data/runs_scaling/s1v5_128_frequency_main_fixed
s1v5_128_frequency_main,bigram,1000,776,1.2075820780438862,14744,19,42,data/runs_scaling/s1v5_128_frequency_main_fixed
s1v5_128_frequency_main,bigram,1000,1148,-0.15763521194458008,1148,1,42,data/runs_scaling/s1v5_128_frequency_main_fixed
s1v5_128_frequency_main,bigram,1000,1791,-0.23573362827301025,3582,2,42,data/runs_scaling/s1v5_128_frequency_main_fixed
s1v5_128_frequency_main,bigram,1000,6164,-2.370364189147949,6164,1,42,data/runs_scaling/s1v5_128_frequency_main_fixed
s1v5_128_frequency_main,bigram,1000,3393,1.7876358032226562,3393,1,42,data/runs_scaling/s1v5_128_frequency_main_fixed
s1v5_128_frequency_main,bigram,1000,883,4.3587595334069595,7947,9,42,data/runs_scaling/s1v5_128_frequency_main_fixed
s1v5_128_frequency_main,bigram,1000,1534,3.6543988386789956,4602,3,42,data/runs_scaling/s1v5_128_frequency_main_fixed
s1v5_128_frequency_main,bigram,1000,5799,0.13307952880859375,5799,1,42,data/runs_scaling/s1v5_128_frequency_main_fixed
s1v5_128_frequency_main,bigram,1000,2244,-1.303895047865808,4488,2,42,data/runs_scaling/s1v5_128_frequency_main_fixed
s1v5_128_frequency_main,bigram,1000,1568,-1.1461198925971985,1568,1,42,data/runs_scaling/s1v5_128_frequency_main_fixed
s1v5_128_frequency_main,bigram,1000,1222,0.9498820826411247,12220,10,42,data/runs_scaling/s1v5_128_frequency_main_fixed
s1v5_128_frequency_main,bigram,1000,1275,3.3988744497299193,6375,5,42,data/runs_scaling/s1v5_128_frequency_main_fixed
s1v5_128_frequency_main,bigram,1000,4694,1.5911660194396973,4694,1,42,data/runs_scaling/s1v5_128_frequency_main_fixed
s1v5_128_frequency_main,bigram,1000,14971,0.7503942251205444,14971,1,42,data/runs_scaling/s1v5_128_frequency_main_fixed
s1v5_128_frequency_main,bigram,1000,994,-1.4097832292318344,1988,2,42,data/runs_scaling/s1v5_128_frequency_main_fixed
s1v5_128_frequency_main,bigram,1000,638,2.3664497642651745,15312,24,42,data/runs_scaling/s1v5_128_frequency_main_fixed
s1v5_128_frequency_main,bigram,1000,719,0.43274218932186304,13661,19,42,data/runs_scaling/s1v5_128_frequency_main_fixed
s1v5_128_frequency_main,bigram,1000,3330,6.085527539253235,3330,1,42,data/runs_scaling/s1v5_128_frequency_main_fixed
s1v5_128_frequency_main,bigram,1000,979,2.3442235670983793,4895,5,42,data/runs_scaling/s1v5_128_frequency_main_fixed
s1v5_128_frequency_main,bigram,1000,2992,6.342839956283569,2992,1,42,data/runs_scaling/s1v5_128_frequency_main_fixed
s1v5_128_frequency_main,bigram,1000,3490,0.2885591983795166,3490,1,42,data/runs_scaling/s1v5_128_frequency_main_fixed
s1v5_128_frequency_main,bigram,1000,1766,0.775761199494203,5298,3,42,data/runs_scaling/s1v5_128_frequency_main_fixed
s1v5_128_frequency_main,bigram,1000,4224,-0.4020848274230957,8448,2,42,data/runs_scaling/s1v5_128_frequency_main_fixed
s1v5_128_frequency_main,bigram,1000,1792,1.5561261177062988,1792,1,42,data/runs_scaling/s1v5_128_frequency_main_fixed
s1v5_128_frequency_main,bigram,1000,2141,-4.051543454329173,6423,3,42,data/runs_scaling/s1v5_128_frequency_main_fixed
s1v5_128_frequency_main,bigram,1000,4482,8.182080864906311,4482,1,42,data/runs_scaling/s1v5_128_frequency_main_fixed
s1v5_128_frequency_main,bigram,1000,3947,1.742661952972412,3947,1,42,data/runs_scaling/s1v5_128_frequency_main_fixed
s1v5_128_frequency_main,bigram,1000,4635,-1.533512830734253,9270,2,42,data/runs_scaling/s1v5_128_frequency_main_fixed
s1v5_128_frequency_main,bigram,1000,1134,5.525492507964373,4536,4,42,data/runs_scaling/s1v5_128_frequency_main_fixed
s1v5_128_frequency_main,bigram,1000,3624,-1.3562366962432861,3624,1,42,data/runs_scaling/s1v5_128_frequency_main_fixed
s1v5_128_frequency_main,bigram,1000,3863,1.3192191123962402,3863,1,42,data/runs_scaling/s1v5_128_frequency_main_fixed
s1v5_128_frequency_main,bigram,1000,3098,-2.1133859157562256,3098,1,42,data/runs_scaling/s1v5_128_frequency_main_fixed
s1v5_128_frequency_main,bigram,1000,2012,-3.403977155685425,2012,1,42,data/runs_scaling/s1v5_128_frequency_main_fixed
s1v5_128_frequency_main,bigram,1000,3943,-0.26541709899902344,3943,1,42,data/runs_scaling/s1v5_128_frequency_main_fixed
s1v5_128_frequency_main,bigram,1000,985,2.3132333921676036,3940,4,42,data/runs_scaling/s1v5_128_frequency_main_fixed
s1v5_128_frequency_main,bigram,1000,3851,-1.7543387413024902,3851,1,42,data/runs_scaling/s1v5_128_frequency_main_fixed
s1v5_128_frequency_main,bigram,1000,3685,3.176992893218994,3685,1,42,data/runs_scaling/s1v5_128_frequency_main_fixed
s1v5_128_frequency_main,bigram,1000,2622,3.508090019226074,2622,1,42,data/runs_scaling/s1v5_128_frequency_main_fixed
s1v5_128_frequency_main,bigram,1000,3582,0.5498754978179932,3582,1,42,data/runs_scaling/s1v5_128_frequency_main_fixed
s1v5_128_frequency_main,bigram,1000,1978,-1.2145428657531738,1978,1,42,data/runs_scaling/s1v5_128_frequency_main_fixed
s1v5_128_frequency_main,bigram,1000,1116,1.8317922800779343,6696,6,42,data/runs_scaling/s1v5_128_frequency_main_fixed
s1v5_128_frequency_main,bigram,1000,5824,6.694798231124878,5824,1,42,data/runs_scaling/s1v5_128_frequency_main_fixed
s1v5_128_frequency_main,bigram,1000,1342,-2.87123966217041,2684,2,42,data/runs_scaling/s1v5_128_frequency_main_fixed
s1v5_128_frequency_main,bigram,1000,3906,5.128061771392822,3906,1,42,data/runs_scaling/s1v5_128_frequency_main_fixed
s1v5_128_frequency_main,bigram,1000,7974,0.9574894905090332,7974,1,42,data/runs_scaling/s1v5_128_frequency_main_fixed
s1v5_128_frequency_main,bigram,1000,1778,3.405568736294905,5334,3,42,data/runs_scaling/s1v5_128_frequency_main_fixed
s1v5_128_frequency_main,bigram,1000,3052,5.27229817211628,3052,1,42,data/runs_scaling/s1v5_128_frequency_main_fixed
s1v5_128_frequency_main,bigram,1000,3824,-6.256011128425598,3824,1,42,data/runs_scaling/s1v5_128_frequency_main_fixed
s1v5_128_frequency_main,bigram,1000,1678,-1.7449969847997029,5034,3,42,data/runs_scaling/s1v5_128_frequency_main_fixed
s1v5_128_frequency_main,bigram,1000,1012,0.7343251622681107,7084,7,42,data/runs_scaling/s1v5_128_frequency_main_fixed
s1v5_128_frequency_main,bigram,1000,3807,2.035900921560824,7614,2,42,data/runs_scaling/s1v5_128_frequency_main_fixed
s1v5_128_frequency_main,bigram,1000,6360,-1.2342933416366577,6360,1,42,data/runs_scaling/s1v5_128_frequency_main_fixed
s1v5_128_frequency_main,bigram,1000,1241,-1.2331110586722691,3723,3,42,data/runs_scaling/s1v5_128_frequency_main_fixed
s1v5_128_frequency_main,bigram,1000,6158,2.3431546688079834,6158,1,42,data/runs_scaling/s1v5_128_frequency_main_fixed
s1v5_128_frequency_main,bigram,1000,1311,2.2918660640716553,6555,5,42,data/runs_scaling/s1v5_128_frequency_main_fixed
s1v5_128_frequency_main,bigram,1000,2003,2.5338615775108337,2003,1,42,data/runs_scaling/s1v5_128_frequency_main_fixed
s1v5_128_frequency_main,bigram,1000,16874,0.39554762840270996,16874,1,42,data/runs_scaling/s1v5_128_frequency_main_fixed
s1v5_128_frequency_main,bigram,1000,1130,0.5273809313774109,5650,5,42,data/runs_scaling/s1v5_128_frequency_main_fixed
s1v5_128_frequency_main,bigram,1000,4337,-3.6804868578910828,4337,1,42,data/runs_scaling/s1v5_128_frequency_main_fixed
s1v5_128_frequency_main,bigram,1000,3072,-3.7864561080932617,3072,1,42,data/runs_scaling/s1v5_128_frequency_main_fixed
s1v5_128_frequency_main,bigram,1000,1552,1.48316143383272,3104,2,42,data/runs_scaling/s1v5_128_frequency_main_fixed
s1v5_128_frequency_main,bigram,1000,2665,-3.6790075302124023,2665,1,42,data/runs_scaling/s1v5_128_frequency_main_fixed
s1v5_128_frequency_main,bigram,1000,1501,7.330204963684082,1501,1,42,data/runs_scaling/s1v5_128_frequency_main_fixed
s1v5_128_frequency_main,bigram,1000,2797,-2.7396645545959473,2797,1,42,data/runs_scaling/s1v5_128_frequency_main_fixed
s1v5_128_frequency_main,bigram,1000,1511,2.4187692403793335,4533,3,42,data/runs_scaling/s1v5_128_frequency_main_fixed
s1v5_128_frequency_main,bigram,1000,980,0.9869267139583826,3920,4,42,data/runs_scaling/s1v5_128_frequency_main_fixed
s1v5_128_frequency_main,bigram,1000,1760,-1.436016023159027,3520,2,42,data/runs_scaling/s1v5_128_frequency_main_fixed
s1v5_128_frequency_main,bigram,1000,13678,2.3187537789344788,13678,1,42,data/runs_scaling/s1v5_128_frequency_main_fixed
s1v5_128_frequency_main,bigram,1000,2248,-0.1162918210029602,2248,1,42,data/runs_scaling/s1v5_128_frequency_main_fixed
s1v5_128_frequency_main,bigram,1000,5591,0.18907392024993896,5591,1,42,data/runs_scaling/s1v5_128_frequency_main_fixed
s1v5_128_frequency_main,bigram,1000,4506,12.24772709608078,4506,1,42,data/runs_scaling/s1v5_128_frequency_main_fixed
s1v5_128_frequency_main,bigram,1000,1904,5.1612935066223145,1904,1,42,data/runs_scaling/s1v5_128_frequency_main_fixed
s1v5_128_frequency_main,bigram,1000,6514,0.12557697296142578,6514,1,42,data/runs_scaling/s1v5_128_frequency_main_fixed
s1v5_128_frequency_main,bigram,1000,1093,0.6605046664675077,6558,6,42,data/runs_scaling/s1v5_128_frequency_main_fixed
s1v5_128_frequency_main,bigram,1000,1316,-1.6216426268219948,2632,2,42,data/runs_scaling/s1v5_128_frequency_main_fixed
s1v5_128_frequency_main,bigram,1000,2962,7.163402795791626,2962,1,42,data/runs_scaling/s1v5_128_frequency_main_fixed
s1v5_128_frequency_main,bigram,1000,2135,3.8114400108655295,6405,3,42,data/runs_scaling/s1v5_128_frequency_main_fixed
s1v5_128_frequency_main,bigram,1000,2345,1.63381689786911,4690,2,42,data/runs_scaling/s1v5_128_frequency_main_fixed
s1v5_128_frequency_main,bigram,1000,1781,-0.15637058019638062,3562,2,42,data/runs_scaling/s1v5_128_frequency_main_fixed
s1v5_128_frequency_main,bigram,1000,1659,-1.8917630300857127,3318,2,42,data/runs_scaling/s1v5_128_frequency_main_fixed
s1v5_128_frequency_main,bigram,1000,4800,1.5296655893325806,4800,1,42,data/runs_scaling/s1v5_128_frequency_main_fixed
s1v5_128_frequency_main,bigram,1000,1063,1.849654746055603,5315,5,42,data/runs_scaling/s1v5_128_frequency_main_fixed
s1v5_128_frequency_main,bigram,1000,12182,1.2725319862365723,12182,1,42,data/runs_scaling/s1v5_128_frequency_main_fixed
s1v5_128_frequency_main,bigram,1000,1546,-0.20754528045654297,1546,1,42,data/runs_scaling/s1v5_128_frequency_main_fixed
s1v5_128_frequency_main,bigram,1000,1387,-1.997778872648875,4161,3,42,data/runs_scaling/s1v5_128_frequency_main_fixed
s1v5_128_frequency_main,bigram,1000,2571,3.625373288989067,5142,2,42,data/runs_scaling/s1v5_128_frequency_main_fixed
s1v5_128_frequency_main,bigram,1000,18447,8.390473663806915,18447,1,42,data/runs_scaling/s1v5_128_frequency_main_fixed
s1v5_128_frequency_main,bigram,1000,6753,3.517366886138916,6753,1,42,data/runs_scaling/s1v5_128_frequency_main_fixed
s1v5_128_frequency_main,bigram,1000,9690,2.3165268898010254,9690,1,42,data/runs_scaling/s1v5_128_frequency_main_fixed
s1v5_128_frequency_main,bigram,1000,7693,-0.3624253273010254,15386,2,42,data/runs_scaling/s1v5_128_frequency_main_fixed
s1v5_128_frequency_main,bigram,1000,1456,1.5799608111381531,7280,5,42,data/runs_scaling/s1v5_128_frequency_main_fixed
s1v5_128_frequency_main,bigram,1000,1436,1.9437483733927365,5744,4,42,data/runs_scaling/s1v5_128_frequency_main_fixed
s1v5_128_frequency_main,bigram,1000,6344,-0.7556136846542358,6344,1,42,data/runs_scaling/s1v5_128_frequency_main_fixed
s1v5_128_frequency_main,bigram,1000,1691,5.258259296417236,1691,1,42,data/runs_scaling/s1v5_128_frequency_main_fixed
s1v5_128_frequency_main,bigram,1000,2632,0.21881911158561707,7896,3,42,data/runs_scaling/s1v5_128_frequency_main_fixed
s1v5_128_frequency_main,bigram,1000,1083,0.8872783243656158,5415,5,42,data/runs_scaling/s1v5_128_frequency_main_fixed
s1v5_128_frequency_main,bigram,1000,1274,-2.321652412414551,2548,2,42,data/runs_scaling/s1v5_128_frequency_main_fixed
s1v5_128_frequency_main,bigram,1000,5319,0.6844502091407776,5319,1,42,data/runs_scaling/s1v5_128_frequency_main_fixed
s1v5_128_frequency_main,bigram,1000,2062,0.9057219922542572,4124,2,42,data/runs_scaling/s1v5_128_frequency_main_fixed
s1v5_128_frequency_main,bigram,1000,3308,-1.7859406471252441,3308,1,42,data/runs_scaling/s1v5_128_frequency_main_fixed
s1v5_128_frequency_main,bigram,1000,3562,-0.8444455936551094,3562,1,42,data/runs_scaling/s1v5_128_frequency_main_fixed
s1v5_128_frequency_main,bigram,1000,1101,-0.48779880721122026,2202,2,42,data/runs_scaling/s1v5_128_frequency_main_fixed
s1v5_128_frequency_main,bigram,1000,1876,1.8486394882202148,1876,1,42,data/runs_scaling/s1v5_128_frequency_main_fixed
s1v5_128_frequency_main,bigram,1000,1092,1.1261256653815508,6552,6,42,data/runs_scaling/s1v5_128_frequency_main_fixed
s1v5_128_frequency_main,bigram,1000,801,0.5792343829962192,12816,16,42,data/runs_scaling/s1v5_128_frequency_main_fixed
s1v5_128_frequency_main,bigram,1000,964,1.0248880442231894,6748,7,42,data/runs_scaling/s1v5_128_frequency_main_fixed
s1v5_128_frequency_main,bigram,1000,1357,-2.486565192540487,4071,3,42,data/runs_scaling/s1v5_128_frequency_main_fixed
s1v5_128_frequency_main,bigram,1000,1250,6.1512429018815356,3750,3,42,data/runs_scaling/s1v5_128_frequency_main_fixed
s1v5_128_frequency_main,bigram,1000,2009,2.6226080656051636,4018,2,42,data/runs_scaling/s1v5_128_frequency_main_fixed
s1v5_128_frequency_main,bigram,1000,3038,1.4698388818651438,6076,2,42,data/runs_scaling/s1v5_128_frequency_main_fixed
s1v5_128_frequency_main,bigram,1000,4090,9.854061096906662,4090,1,42,data/runs_scaling/s1v5_128_frequency_main_fixed
s1v5_128_frequency_main,bigram,1000,1878,1.4489107926686604,5634,3,42,data/runs_scaling/s1v5_128_frequency_main_fixed
s1v5_128_frequency_main,bigram,1000,5893,-0.2430446669459343,5893,1,42,data/runs_scaling/s1v5_128_frequency_main_fixed
s1v5_128_frequency_main,bigram,1000,1890,4.860686349372069,5670,3,42,data/runs_scaling/s1v5_128_frequency_main_fixed
s1v5_128_frequency_main,bigram,1000,892,2.95145374749388,6244,7,42,data/runs_scaling/s1v5_128_frequency_main_fixed
s1v5_128_frequency_main,bigram,1000,2182,-6.946218430995941,2182,1,42,data/runs_scaling/s1v5_128_frequency_main_fixed
s1v5_128_frequency_main,bigram,1000,1908,1.9332194328308105,3816,2,42,data/runs_scaling/s1v5_128_frequency_main_fixed
s1v5_128_frequency_main,bigram,1000,1264,2.014445980389913,3792,3,42,data/runs_scaling/s1v5_128_frequency_main_fixed
s1v5_128_frequency_main,bigram,1000,723,1.1227753571764056,15183,21,42,data/runs_scaling/s1v5_128_frequency_main_fixed
s1v5_128_frequency_main,bigram,1000,1819,4.632012486457825,1819,1,42,data/runs_scaling/s1v5_128_frequency_main_fixed
s1v5_128_frequency_main,bigram,1000,2964,-1.0840039253234863,2964,1,42,data/runs_scaling/s1v5_128_frequency_main_fixed
s1v5_128_frequency_main,bigram,1000,2642,8.901548385620117,2642,1,42,data/runs_scaling/s1v5_128_frequency_main_fixed
s1v5_128_frequency_main,bigram,1000,2740,3.420352280139923,2740,1,42,data/runs_scaling/s1v5_128_frequency_main_fixed
s1v5_128_frequency_main,bigram,1000,1483,-3.2416776716709137,1483,1,42,data/runs_scaling/s1v5_128_frequency_main_fixed
s1v5_128_frequency_main,bigram,1000,1356,-3.6262699961662292,2712,2,42,data/runs_scaling/s1v5_128_frequency_main_fixed
s1v5_128_frequency_main,bigram,1000,1782,3.298239767551422,3564,2,42,data/runs_scaling/s1v5_128_frequency_main_fixed
s1v5_128_frequency_main,bigram,1000,1517,0.8314946293830872,3034,2,42,data/runs_scaling/s1v5_128_frequency_main_fixed
s1v5_128_frequency_main,bigram,1000,7858,-0.09020307660102844,7858,1,42,data/runs_scaling/s1v5_128_frequency_main_fixed
s1v5_128_frequency_main,bigram,1000,1591,3.0061589831020683,6364,4,42,data/runs_scaling/s1v5_128_frequency_main_fixed
s1v5_128_frequency_main,bigram,1000,1636,-1.0899546146392822,1636,1,42,data/runs_scaling/s1v5_128_frequency_main_fixed
s1v5_128_frequency_main,bigram,1000,3415,0.032758086919784546,3415,1,42,data/runs_scaling/s1v5_128_frequency_main_fixed
s1v5_128_frequency_main,bigram,1000,1095,3.1654336750507355,4380,4,42,data/runs_scaling/s1v5_128_frequency_main_fixed
s1v5_128_frequency_main,bigram,1000,2144,2.2745691537857056,2144,1,42,data/runs_scaling/s1v5_128_frequency_main_fixed
s1v5_128_frequency_main,bigram,1000,1709,-0.726648211479187,3418,2,42,data/runs_scaling/s1v5_128_frequency_main_fixed
s1v5_128_frequency_main,bigram,1000,3826,-3.494758129119873,3826,1,42,data/runs_scaling/s1v5_128_frequency_main_fixed
s1v5_128_frequency_main,bigram,1000,3550,1.4931429624557495,3550,1,42,data/runs_scaling/s1v5_128_frequency_main_fixed
s1v5_128_frequency_main,bigram,1000,2738,4.19623327255249,2738,1,42,data/runs_scaling/s1v5_128_frequency_main_fixed
s1v5_128_frequency_main,bigram,1000,1030,2.7801624139149985,3090,3,42,data/runs_scaling/s1v5_128_frequency_main_fixed
s1v5_128_frequency_main,bigram,1000,2475,-2.059878041036427,4950,2,42,data/runs_scaling/s1v5_128_frequency_main_fixed
s1v5_128_frequency_main,bigram,1000,2392,0.8531091213226318,2392,1,42,data/runs_scaling/s1v5_128_frequency_main_fixed
s1v5_128_frequency_main,bigram,1000,1330,2.0830577313899994,5320,4,42,data/runs_scaling/s1v5_128_frequency_main_fixed
s1v5_128_frequency_main,bigram,1000,2551,-9.54998530447483,2551,1,42,data/runs_scaling/s1v5_128_frequency_main_fixed
s1v5_128_frequency_main,bigram,1000,1376,0.7656504511833191,4128,3,42,data/runs_scaling/s1v5_128_frequency_main_fixed
s1v5_128_frequency_main,bigram,1000,2377,-6.512557864189148,2377,1,42,data/runs_scaling/s1v5_128_frequency_main_fixed
s1v5_128_frequency_main,bigram,1000,3129,-0.6531511396169662,3129,1,42,data/runs_scaling/s1v5_128_frequency_main_fixed
s1v5_128_frequency_main,bigram,1000,2030,-3.40533983707428,4060,2,42,data/runs_scaling/s1v5_128_frequency_main_fixed
s1v5_128_frequency_main,bigram,1000,3413,1.582722544670105,3413,1,42,data/runs_scaling/s1v5_128_frequency_main_fixed
s1v5_128_frequency_main,bigram,1000,1268,3.7452637180685997,3804,3,42,data/runs_scaling/s1v5_128_frequency_main_fixed
s1v5_128_frequency_main,bigram,1000,1180,6.7820989688237505,3540,3,42,data/runs_scaling/s1v5_128_frequency_main_fixed
s1v5_128_frequency_main,bigram,1000,1117,6.50314798951149,2234,2,42,data/runs_scaling/s1v5_128_frequency_main_fixed
s1v5_128_frequency_main,bigram,1000,1157,0.7125856677691141,3471,3,42,data/runs_scaling/s1v5_128_frequency_main_fixed
s1v5_128_frequency_main,bigram,1000,2952,-0.036042407155036926,2952,1,42,data/runs_scaling/s1v5_128_frequency_main_fixed
s1v5_128_frequency_main,bigram,1000,2386,0.8755080699920654,2386,1,42,data/runs_scaling/s1v5_128_frequency_main_fixed
s1v5_128_frequency_main,bigram,1000,1021,3.9478942155838013,2042,2,42,data/runs_scaling/s1v5_128_frequency_main_fixed
s1v5_128_frequency_main,bigram,1000,4708,-1.7659516334533691,4708,1,42,data/runs_scaling/s1v5_128_frequency_main_fixed
s1v5_128_frequency_main,bigram,1000,3155,0.03210330940783024,3155,1,42,data/runs_scaling/s1v5_128_frequency_main_fixed
s1v5_128_frequency_main,bigram,1000,1532,4.446281909942627,4596,3,42,data/runs_scaling/s1v5_128_frequency_main_fixed
s1v5_128_frequency_main,bigram,1000,1889,1.9428791602452595,5667,3,42,data/runs_scaling/s1v5_128_frequency_main_fixed
s1v5_128_frequency_main,bigram,1000,1229,-1.0064143339792888,3687,3,42,data/runs_scaling/s1v5_128_frequency_main_fixed
s1v5_128_frequency_main,bigram,1000,1394,1.504691642515051,4182,3,42,data/runs_scaling/s1v5_128_frequency_main_fixed
s1v5_128_frequency_main,bigram,1000,2681,3.6282866410911083,2681,1,42,data/runs_scaling/s1v5_128_frequency_main_fixed
s1v5_128_frequency_main,bigram,1000,1314,-0.4321144372224808,3942,3,42,data/runs_scaling/s1v5_128_frequency_main_fixed
s1v5_128_frequency_main,bigram,1000,3814,-5.505415201187134,3814,1,42,data/runs_scaling/s1v5_128_frequency_main_fixed
s1v5_128_frequency_main,bigram,1000,1420,-0.08256598562002182,1420,1,42,data/runs_scaling/s1v5_128_frequency_main_fixed
s1v5_128_frequency_main,bigram,1000,1405,-3.0735557774702706,4215,3,42,data/runs_scaling/s1v5_128_frequency_main_fixed
s1v5_128_frequency_main,bigram,1000,3202,4.049234837293625,3202,1,42,data/runs_scaling/s1v5_128_frequency_main_fixed
s1v5_128_frequency_main,bigram,1000,1300,2.0614683429400125,3900,3,42,data/runs_scaling/s1v5_128_frequency_main_fixed
s1v5_128_frequency_main,bigram,1000,1391,0.9607876737912496,4173,3,42,data/runs_scaling/s1v5_128_frequency_main_fixed
s1v5_128_frequency_main,bigram,1000,1983,2.5524266958236694,1983,1,42,data/runs_scaling/s1v5_128_frequency_main_fixed
s1v5_128_frequency_main,bigram,1000,2130,1.9008501277615626,6390,3,42,data/runs_scaling/s1v5_128_frequency_main_fixed
s1v5_128_frequency_main,bigram,1000,1026,2.9475522711873055,8208,8,42,data/runs_scaling/s1v5_128_frequency_main_fixed
s1v5_128_frequency_main,bigram,1000,1929,2.6995813846588135,3858,2,42,data/runs_scaling/s1v5_128_frequency_main_fixed
s1v5_128_frequency_main,bigram,1000,2021,5.651495814323425,4042,2,42,data/runs_scaling/s1v5_128_frequency_main_fixed
s1v5_128_frequency_main,bigram,1000,1450,0.24867284297943115,1450,1,42,data/runs_scaling/s1v5_128_frequency_main_fixed
s1v5_128_frequency_main,bigram,1000,3627,1.259986162185669,3627,1,42,data/runs_scaling/s1v5_128_frequency_main_fixed
s1v5_128_frequency_main,bigram,1000,1100,-1.9648415088653564,5500,5,42,data/runs_scaling/s1v5_128_frequency_main_fixed
s1v5_128_frequency_main,bigram,1000,1814,-3.9236111640930176,1814,1,42,data/runs_scaling/s1v5_128_frequency_main_fixed
s1v5_128_frequency_main,bigram,1000,1637,4.726891934871674,6548,4,42,data/runs_scaling/s1v5_128_frequency_main_fixed
s1v5_128_frequency_main,bigram,1000,1465,4.121296167373657,2930,2,42,data/runs_scaling/s1v5_128_frequency_main_fixed
s1v5_128_frequency_main,bigram,1000,1447,0.15396356582641602,1447,1,42,data/runs_scaling/s1v5_128_frequency_main_fixed
s1v5_128_frequency_main,bigram,1000,1446,4.000414282083511,4338,3,42,data/runs_scaling/s1v5_128_frequency_main_fixed
s1v5_128_frequency_main,bigram,1000,3192,5.179667711257935,3192,1,42,data/runs_scaling/s1v5_128_frequency_main_fixed
s1v5_128_frequency_main,bigram,1000,1149,1.6297370692094166,3447,3,42,data/runs_scaling/s1v5_128_frequency_main_fixed
s1v5_128_frequency_main,bigram,1000,2440,-0.7553574172779918,4880,2,42,data/runs_scaling/s1v5_128_frequency_main_fixed
s1v5_128_frequency_main,bigram,1000,1947,-0.24208855628967285,1947,1,42,data/runs_scaling/s1v5_128_frequency_main_fixed
s1v5_128_frequency_main,bigram,1000,1205,3.7716189324855804,4820,4,42,data/runs_scaling/s1v5_128_frequency_main_fixed
s1v5_128_frequency_main,bigram,1000,2458,-0.794464111328125,2458,1,42,data/runs_scaling/s1v5_128_frequency_main_fixed
s1v5_128_frequency_main,bigram,1000,1310,0.9836782825489839,3930,3,42,data/runs_scaling/s1v5_128_frequency_main_fixed
s1v5_128_frequency_main,bigram,1000,1328,4.745614662766457,2656,2,42,data/runs_scaling/s1v5_128_frequency_main_fixed
s1v5_128_frequency_main,bigram,1000,2605,4.025232966989279,2605,1,42,data/runs_scaling/s1v5_128_frequency_main_fixed
s1v5_128_frequency_main,bigram,1000,1257,1.9339385827382405,3771,3,42,data/runs_scaling/s1v5_128_frequency_main_fixed
s1v5_128_frequency_main,bigram,1000,2729,-2.3015226125717163,2729,1,42,data/runs_scaling/s1v5_128_frequency_main_fixed
s1v5_128_frequency_main,bigram,1000,1503,1.4569330215454102,4509,3,42,data/runs_scaling/s1v5_128_frequency_main_fixed
s1v5_128_frequency_main,bigram,1000,1687,3.2362129390239716,6748,4,42,data/runs_scaling/s1v5_128_frequency_main_fixed
s1v5_128_frequency_main,bigram,1000,1578,5.067882244785626,4734,3,42,data/runs_scaling/s1v5_128_frequency_main_fixed
s1v5_128_frequency_main,bigram,1000,2295,-0.9140521287918091,2295,1,42,data/runs_scaling/s1v5_128_frequency_main_fixed
s1v5_128_frequency_main,bigram,1000,1597,1.608515977859497,3194,2,42,data/runs_scaling/s1v5_128_frequency_main_fixed
s1v5_128_frequency_main,bigram,1000,2668,-0.7767244279384613,5336,2,42,data/runs_scaling/s1v5_128_frequency_main_fixed
s1v5_128_frequency_main,bigram,1000,1590,0.8449640274047852,3180,2,42,data/runs_scaling/s1v5_128_frequency_main_fixed
s1v5_128_frequency_main,bigram,1000,995,1.265467919409275,7960,8,42,data/runs_scaling/s1v5_128_frequency_main_fixed
s1v5_128_frequency_main,bigram,1000,2844,8.058808088302612,2844,1,42,data/runs_scaling/s1v5_128_frequency_main_fixed
s1v5_128_frequency_main,bigram,1000,3060,-1.5414090156555176,3060,1,42,data/runs_scaling/s1v5_128_frequency_main_fixed
s1v5_128_frequency_main,bigram,1000,1905,2.442260424296061,5715,3,42,data/runs_scaling/s1v5_128_frequency_main_fixed
s1v5_128_frequency_main,bigram,1000,1545,-1.1377718038856983,3090,2,42,data/runs_scaling/s1v5_128_frequency_main_fixed
s1v5_128_frequency_main,bigram,1000,1138,1.9570424556732178,1138,1,42,data/runs_scaling/s1v5_128_frequency_main_fixed
s1v5_128_frequency_main,bigram,1000,1231,1.8230835115537047,4924,4,42,data/runs_scaling/s1v5_128_frequency_main_fixed
s1v5_128_frequency_main,bigram,1000,1623,4.286252021789551,3246,2,42,data/runs_scaling/s1v5_128_frequency_main_fixed
s1v5_128_frequency_main,bigram,1000,14388,0.4984407424926758,14388,1,42,data/runs_scaling/s1v5_128_frequency_main_fixed
s1v5_128_frequency_main,bigram,1000,1573,4.072068174680074,4719,3,42,data/runs_scaling/s1v5_128_frequency_main_fixed
s1v5_128_frequency_main,bigram,1000,4076,-0.09025488048791885,4076,1,42,data/runs_scaling/s1v5_128_frequency_main_fixed
s1v5_128_frequency_main,bigram,1000,2593,2.996856689453125,2593,1,42,data/runs_scaling/s1v5_128_frequency_main_fixed
s1v5_128_frequency_main,bigram,1000,1455,1.3796989917755127,2910,2,42,data/runs_scaling/s1v5_128_frequency_main_fixed
s1v5_128_frequency_main,bigram,1000,1554,1.0765178948640823,3108,2,42,data/runs_scaling/s1v5_128_frequency_main_fixed
s1v5_128_frequency_main,bigram,1000,1811,3.5721054077148438,1811,1,42,data/runs_scaling/s1v5_128_frequency_main_fixed
s1v5_128_frequency_main,bigram,1000,971,1.5464621586725116,3884,4,42,data/runs_scaling/s1v5_128_frequency_main_fixed
s1v5_128_frequency_main,bigram,1000,1695,2.2055482153470316,5085,3,42,data/runs_scaling/s1v5_128_frequency_main_fixed
s1v5_128_frequency_main,bigram,1000,1182,0.6353472073872884,3546,3,42,data/runs_scaling/s1v5_128_frequency_main_fixed
s1v5_128_frequency_main,bigram,1000,2339,-2.193970739841461,2339,1,42,data/runs_scaling/s1v5_128_frequency_main_fixed
s1v5_128_frequency_main,bigram,1000,3333,1.7823286056518555,3333,1,42,data/runs_scaling/s1v5_128_frequency_main_fixed
s1v5_128_frequency_main,bigram,1000,2190,-1.0873967111110687,2190,1,42,data/runs_scaling/s1v5_128_frequency_main_fixed
s1v5_128_frequency_main,bigram,1000,4338,-4.333685636520386,4338,1,42,data/runs_scaling/s1v5_128_frequency_main_fixed
s1v5_128_frequency_main,bigram,1000,4309,-2.820908695459366,4309,1,42,data/runs_scaling/s1v5_128_frequency_main_fixed
s1v5_128_frequency_main,bigram,1000,3530,4.681146085262299,3530,1,42,data/runs_scaling/s1v5_128_frequency_main_fixed
s1v5_128_frequency_main,bigram,1000,2810,1.6239173412322998,2810,1,42,data/runs_scaling/s1v5_128_frequency_main_fixed
s1v5_128_frequency_main,bigram,1000,1293,-3.970167643390596,3879,3,42,data/runs_scaling/s1v5_128_frequency_main_fixed
s1v5_128_frequency_main,bigram,1000,1419,1.1211588740348817,7095,5,42,data/runs_scaling/s1v5_128_frequency_main_fixed
s1v5_128_frequency_main,bigram,1000,1113,-0.6143475472927094,4452,4,42,data/runs_scaling/s1v5_128_frequency_main_fixed
s1v5_128_frequency_main,bigram,1000,2448,4.2253358364105225,2448,1,42,data/runs_scaling/s1v5_128_frequency_main_fixed
s1v5_128_frequency_main,bigram,1000,2843,7.33524489402771,5686,2,42,data/runs_scaling/s1v5_128_frequency_main_fixed
s1v5_128_frequency_main,bigram,1000,933,1.4331757579930127,7464,8,42,data/runs_scaling/s1v5_128_frequency_main_fixed
s1v5_128_frequency_main,bigram,1000,1048,-0.17557649593800306,8384,8,42,data/runs_scaling/s1v5_128_frequency_main_fixed
s1v5_128_frequency_main,bigram,1000,3173,3.373713731765747,3173,1,42,data/runs_scaling/s1v5_128_frequency_main_fixed
s1v5_128_frequency_main,bigram,1000,2325,4.965539455413818,2325,1,42,data/runs_scaling/s1v5_128_frequency_main_fixed
s1v5_128_frequency_main,bigram,1000,1024,1.9291808775493078,7168,7,42,data/runs_scaling/s1v5_128_frequency_main_fixed
s1v5_128_frequency_main,bigram,1000,2460,2.9729042053222656,2460,1,42,data/runs_scaling/s1v5_128_frequency_main_fixed
s1v5_128_frequency_main,bigram,1000,2056,-2.4905433356761932,4112,2,42,data/runs_scaling/s1v5_128_frequency_main_fixed
s1v5_128_frequency_main,bigram,1000,2578,11.986980319488794,2578,1,42,data/runs_scaling/s1v5_128_frequency_main_fixed
s1v5_128_frequency_main,bigram,1000,1499,1.63231800775975,7495,5,42,data/runs_scaling/s1v5_128_frequency_main_fixed
s1v5_128_frequency_main,bigram,1000,1160,-0.06441056728363037,3480,3,42,data/runs_scaling/s1v5_128_frequency_main_fixed
s1v5_128_frequency_main,bigram,1000,4955,0.34943532943725586,4955,1,42,data/runs_scaling/s1v5_128_frequency_main_fixed
s1v5_128_frequency_main,bigram,1000,5964,-2.2233996391296387,5964,1,42,data/runs_scaling/s1v5_128_frequency_main_fixed
s1v5_128_frequency_main,bigram,1000,1008,1.6257720291614532,8064,8,42,data/runs_scaling/s1v5_128_frequency_main_fixed
s1v5_128_frequency_main,bigram,1000,2511,0.11577212810516357,2511,1,42,data/runs_scaling/s1v5_128_frequency_main_fixed
s1v5_128_frequency_main,bigram,1000,1632,6.8763110637664795,1632,1,42,data/runs_scaling/s1v5_128_frequency_main_fixed
s1v5_128_frequency_main,bigram,1000,1509,7.680653810501099,1509,1,42,data/runs_scaling/s1v5_128_frequency_main_fixed
s1v5_128_frequency_main,bigram,1000,1647,2.710444842775663,9882,6,42,data/runs_scaling/s1v5_128_frequency_main_fixed
s1v5_128_frequency_main,bigram,1000,1155,3.3304561376571655,1155,1,42,data/runs_scaling/s1v5_128_frequency_main_fixed
s1v5_128_frequency_main,bigram,1000,1251,0.5358261965215206,6255,5,42,data/runs_scaling/s1v5_128_frequency_main_fixed
s1v5_128_frequency_main,bigram,1000,2154,0.33849105425179005,2154,1,42,data/runs_scaling/s1v5_128_frequency_main_fixed
s1v5_128_frequency_main,bigram,1000,977,1.1238830982024823,10747,11,42,data/runs_scaling/s1v5_128_frequency_main_fixed
s1v5_128_frequency_main,bigram,1000,1190,2.536489659920335,1190,1,42,data/runs_scaling/s1v5_128_frequency_main_fixed
s1v5_128_frequency_main,bigram,1000,3039,3.8837156295776367,3039,1,42,data/runs_scaling/s1v5_128_frequency_main_fixed
s1v5_128_frequency_main,bigram,1000,767,3.9351533365181903,8437,11,42,data/runs_scaling/s1v5_128_frequency_main_fixed
s1v5_128_frequency_main,bigram,1000,1919,1.622591449258228,5757,3,42,data/runs_scaling/s1v5_128_frequency_main_fixed
s1v5_128_frequency_main,bigram,1000,1029,1.8197734728455544,5145,5,42,data/runs_scaling/s1v5_128_frequency_main_fixed
s1v5_128_frequency_main,bigram,1000,1354,1.2374959588050842,1354,1,42,data/runs_scaling/s1v5_128_frequency_main_fixed
s1v5_128_frequency_main,bigram,1000,2006,2.9154452284177146,6018,3,42,data/runs_scaling/s1v5_128_frequency_main_fixed
s1v5_128_frequency_main,bigram,1000,2522,0.19785642623901367,2522,1,42,data/runs_scaling/s1v5_128_frequency_main_fixed
s1v5_128_frequency_main,bigram,1000,4296,0.2967038154602051,4296,1,42,data/runs_scaling/s1v5_128_frequency_main_fixed
s1v5_128_frequency_main,bigram,1000,1244,-1.1445556730031967,4976,4,42,data/runs_scaling/s1v5_128_frequency_main_fixed
s1v5_128_frequency_main,bigram,1000,11313,-0.9188807010650635,11313,1,42,data/runs_scaling/s1v5_128_frequency_main_fixed
s1v5_128_frequency_main,bigram,1000,1329,4.835558533668518,3987,3,42,data/runs_scaling/s1v5_128_frequency_main_fixed
s1v5_128_frequency_main,bigram,1000,1699,1.8650152683258057,3398,2,42,data/runs_scaling/s1v5_128_frequency_main_fixed
s1v5_128_frequency_main,bigram,1000,2936,-2.298126220703125,2936,1,42,data/runs_scaling/s1v5_128_frequency_main_fixed
s1v5_128_frequency_main,bigram,1000,1281,-0.9692049622535706,2562,2,42,data/runs_scaling/s1v5_128_frequency_main_fixed
s1v5_128_frequency_main,bigram,1000,966,4.550882514566183,7728,8,42,data/runs_scaling/s1v5_128_frequency_main_fixed
s1v5_128_frequency_main,bigram,1000,1171,0.35198652744293213,2342,2,42,data/runs_scaling/s1v5_128_frequency_main_fixed
s1v5_128_frequency_main,bigram,1000,2322,2.8907861763145775,4644,2,42,data/runs_scaling/s1v5_128_frequency_main_fixed
s1v5_128_frequency_main,bigram,1000,1296,0.6857434511184692,2592,2,42,data/runs_scaling/s1v5_128_frequency_main_fixed
s1v5_128_frequency_main,bigram,1000,938,4.01650679577142,7504,8,42,data/runs_scaling/s1v5_128_frequency_main_fixed
s1v5_128_frequency_main,bigram,1000,10708,3.8144524097442627,10708,1,42,data/runs_scaling/s1v5_128_frequency_main_fixed
s1v5_128_frequency_main,bigram,1000,11761,0.6445598602294922,11761,1,42,data/runs_scaling/s1v5_128_frequency_main_fixed
s1v5_128_frequency_main,bigram,1000,957,0.19490446299314498,4785,5,42,data/runs_scaling/s1v5_128_frequency_main_fixed
s1v5_128_frequency_main,bigram,1000,4593,-1.0142831802368164,4593,1,42,data/runs_scaling/s1v5_128_frequency_main_fixed
s1v5_128_frequency_main,bigram,1000,7648,-3.3660831451416016,7648,1,42,data/runs_scaling/s1v5_128_frequency_main_fixed
s1v5_128_frequency_main,bigram,1000,1859,0.9444105811417103,7436,4,42,data/runs_scaling/s1v5_128_frequency_main_fixed
s1v5_128_frequency_main,bigram,1000,13256,1.8853943347930908,13256,1,42,data/runs_scaling/s1v5_128_frequency_main_fixed
s1v5_128_frequency_main,bigram,1000,1535,4.480007648468018,1535,1,42,data/runs_scaling/s1v5_128_frequency_main_fixed
s1v5_128_frequency_main,bigram,1000,1657,2.400007724761963,1657,1,42,data/runs_scaling/s1v5_128_frequency_main_fixed
s1v5_128_frequency_main,bigram,1000,769,2.9616076052188873,11535,15,42,data/runs_scaling/s1v5_128_frequency_main_fixed
s1v5_128_frequency_main,bigram,1000,1601,0.34497499465942383,1601,1,42,data/runs_scaling/s1v5_128_frequency_main_fixed
s1v5_128_frequency_main,bigram,1000,4529,3.286325454711914,4529,1,42,data/runs_scaling/s1v5_128_frequency_main_fixed
s1v5_128_frequency_main,bigram,1000,1741,0.9034684896469116,1741,1,42,data/runs_scaling/s1v5_128_frequency_main_fixed
s1v5_128_frequency_main,bigram,1000,1528,9.390055775642395,3056,2,42,data/runs_scaling/s1v5_128_frequency_main_fixed
s1v5_128_frequency_main,bigram,1000,1196,3.3174819946289062,4784,4,42,data/runs_scaling/s1v5_128_frequency_main_fixed
s1v5_128_frequency_main,bigram,1000,1775,1.8551277319590251,5325,3,42,data/runs_scaling/s1v5_128_frequency_main_fixed
s1v5_128_frequency_main,bigram,1000,975,1.952880073338747,6825,7,42,data/runs_scaling/s1v5_128_frequency_main_fixed
s1v5_128_frequency_main,bigram,1000,830,0.9069698745027251,5810,7,42,data/runs_scaling/s1v5_128_frequency_main_fixed
s1v5_128_frequency_main,bigram,1000,852,1.9922370344089966,10224,12,42,data/runs_scaling/s1v5_128_frequency_main_fixed
s1v5_128_frequency_main,bigram,1000,1842,-1.4661649465560913,1842,1,42,data/runs_scaling/s1v5_128_frequency_main_fixed
s1v5_128_frequency_main,bigram,1000,1616,1.9348374009132385,3232,2,42,data/runs_scaling/s1v5_128_frequency_main_fixed
s1v5_128_frequency_main,bigram,1000,5235,-1.53193998336792,5235,1,42,data/runs_scaling/s1v5_128_frequency_main_fixed
s1v5_128_frequency_main,bigram,1000,2051,0.8504195818677545,6153,3,42,data/runs_scaling/s1v5_128_frequency_main_fixed
s1v5_128_frequency_main,bigram,1000,1034,1.7419696760674317,6204,6,42,data/runs_scaling/s1v5_128_frequency_main_fixed
s1v5_128_frequency_main,bigram,1000,1198,3.746875007947286,3594,3,42,data/runs_scaling/s1v5_128_frequency_main_fixed
s1v5_128_frequency_main,bigram,1000,1018,3.6947882175445557,2036,2,42,data/runs_scaling/s1v5_128_frequency_main_fixed
s1v5_128_frequency_main,bigram,1000,2396,0.4815640449523926,2396,1,42,data/runs_scaling/s1v5_128_frequency_main_fixed
s1v5_128_frequency_main,bigram,1000,1213,3.8660963386297227,6065,5,42,data/runs_scaling/s1v5_128_frequency_main_fixed
s1v5_128_frequency_main,bigram,1000,1689,2.6248574256896973,1689,1,42,data/runs_scaling/s1v5_128_frequency_main_fixed
s1v5_128_frequency_main,bigram,1000,1125,2.0630582571029663,2250,2,42,data/runs_scaling/s1v5_128_frequency_main_fixed
s1v5_128_frequency_main,bigram,1000,628,0.5366276781100573,11304,18,42,data/runs_scaling/s1v5_128_frequency_main_fixed
s1v5_128_frequency_main,bigram,1000,2200,3.7489864826202393,2200,1,42,data/runs_scaling/s1v5_128_frequency_main_fixed
s1v5_128_frequency_main,bigram,1000,2630,-1.4501209259033203,2630,1,42,data/runs_scaling/s1v5_128_frequency_main_fixed
s1v5_128_frequency_main,bigram,1000,6558,5.930043935775757,6558,1,42,data/runs_scaling/s1v5_128_frequency_main_fixed
s1v5_128_frequency_main,bigram,1000,16013,1.1196565628051758,16013,1,42,data/runs_scaling/s1v5_128_frequency_main_fixed
s1v5_128_frequency_main,bigram,1000,2218,-1.1074410676956177,4436,2,42,data/runs_scaling/s1v5_128_frequency_main_fixed
s1v5_128_frequency_main,bigram,1000,1271,1.8867021799087524,5084,4,42,data/runs_scaling/s1v5_128_frequency_main_fixed
s1v5_128_frequency_main,bigram,1000,2990,-1.6342549324035645,2990,1,42,data/runs_scaling/s1v5_128_frequency_main_fixed
s1v5_128_frequency_main,bigram,1000,2309,0.9624437391757965,4618,2,42,data/runs_scaling/s1v5_128_frequency_main_fixed
s1v5_128_frequency_main,bigram,1000,1076,1.2490029335021973,2152,2,42,data/runs_scaling/s1v5_128_frequency_main_fixed
s1v5_128_frequency_main,bigram,1000,4493,-1.1733369827270508,4493,1,42,data/runs_scaling/s1v5_128_frequency_main_fixed
s1v5_128_frequency_main,bigram,1000,2281,0.6217625141143799,2281,1,42,data/runs_scaling/s1v5_128_frequency_main_fixed
s1v5_128_frequency_main,bigram,1000,2824,8.808946698904037,2824,1,42,data/runs_scaling/s1v5_128_frequency_main_fixed
s1v5_128_frequency_main,bigram,1000,1801,0.9296820064385732,5403,3,42,data/runs_scaling/s1v5_128_frequency_main_fixed
s1v5_128_frequency_main,bigram,1000,904,2.0657420037314296,7232,8,42,data/runs_scaling/s1v5_128_frequency_main_fixed
s1v5_128_frequency_main,bigram,1000,12406,-5.286081314086914,12406,1,42,data/runs_scaling/s1v5_128_frequency_main_fixed
s1v5_128_frequency_main,bigram,1000,5500,4.124814510345459,5500,1,42,data/runs_scaling/s1v5_128_frequency_main_fixed
s1v5_128_frequency_main,bigram,1000,2744,6.94216251373291,2744,1,42,data/runs_scaling/s1v5_128_frequency_main_fixed
s1v5_128_frequency_main,bigram,1000,3886,2.1613025665283203,3886,1,42,data/runs_scaling/s1v5_128_frequency_main_fixed
s1v5_128_frequency_main,bigram,1000,5922,2.3383026123046875,5922,1,42,data/runs_scaling/s1v5_128_frequency_main_fixed
s1v5_128_frequency_main,bigram,1000,18128,8.18471097946167,18128,1,42,data/runs_scaling/s1v5_128_frequency_main_fixed
s1v5_128_frequency_main,bigram,1000,22874,-1.0593421459197998,22874,1,42,data/runs_scaling/s1v5_128_frequency_main_fixed
s1v5_128_frequency_main,bigram,1000,8112,5.188209176063538,8112,1,42,data/runs_scaling/s1v5_128_frequency_main_fixed
s1v5_128_frequency_main,bigram,1000,1249,1.4196256399154663,4996,4,42,data/runs_scaling/s1v5_128_frequency_main_fixed
s1v5_128_frequency_main,bigram,1000,2717,1.0998706817626953,5434,2,42,data/runs_scaling/s1v5_128_frequency_main_fixed
s1v5_128_frequency_main,bigram,1000,9718,4.194619178771973,9718,1,42,data/runs_scaling/s1v5_128_frequency_main_fixed
s1v5_128_frequency_main,bigram,1000,1462,0.06887447834014893,5848,4,42,data/runs_scaling/s1v5_128_frequency_main_fixed
s1v5_128_frequency_main,bigram,1000,8788,2.3590617179870605,8788,1,42,data/runs_scaling/s1v5_128_frequency_main_fixed
s1v5_128_frequency_main,bigram,1000,5770,-4.389339208602905,5770,1,42,data/runs_scaling/s1v5_128_frequency_main_fixed
s1v5_128_frequency_main,bigram,1000,2388,6.27963387966156,4776,2,42,data/runs_scaling/s1v5_128_frequency_main_fixed
s1v5_128_frequency_main,bigram,1000,1457,-0.3969709873199463,2914,2,42,data/runs_scaling/s1v5_128_frequency_main_fixed
s1v5_128_frequency_main,bigram,1000,3274,3.800401210784912,3274,1,42,data/runs_scaling/s1v5_128_frequency_main_fixed
s1v5_128_frequency_main,bigram,1000,1411,1.8190832138061523,4233,3,42,data/runs_scaling/s1v5_128_frequency_main_fixed
s1v5_128_frequency_main,bigram,1000,3894,6.65159797668457,3894,1,42,data/runs_scaling/s1v5_128_frequency_main_fixed
s1v5_128_frequency_main,bigram,1000,2359,2.2969325184822083,4718,2,42,data/runs_scaling/s1v5_128_frequency_main_fixed
s1v5_128_frequency_main,bigram,1000,3307,2.9459623098373413,3307,1,42,data/runs_scaling/s1v5_128_frequency_main_fixed
s1v5_128_frequency_main,bigram,1000,1774,0.17605507373809814,1774,1,42,data/runs_scaling/s1v5_128_frequency_main_fixed
s1v5_128_frequency_main,bigram,1000,2426,-0.1582350730895996,4852,2,42,data/runs_scaling/s1v5_128_frequency_main_fixed
s1v5_128_frequency_main,bigram,1000,1560,4.001209259033203,1560,1,42,data/runs_scaling/s1v5_128_frequency_main_fixed
s1v5_128_frequency_main,bigram,1000,1803,7.985544681549072,1803,1,42,data/runs_scaling/s1v5_128_frequency_main_fixed
s1v5_128_frequency_main,bigram,1000,1707,2.249833106994629,1707,1,42,data/runs_scaling/s1v5_128_frequency_main_fixed
s1v5_128_frequency_main,bigram,1000,2260,-0.16486052982509136,4520,2,42,data/runs_scaling/s1v5_128_frequency_main_fixed
s1v5_128_frequency_main,bigram,1000,2816,4.270982623100281,2816,1,42,data/runs_scaling/s1v5_128_frequency_main_fixed
s1v5_128_frequency_main,bigram,1000,1402,2.6251717805862427,2804,2,42,data/runs_scaling/s1v5_128_frequency_main_fixed
s1v5_128_frequency_main,bigram,1000,2888,4.563152194023132,2888,1,42,data/runs_scaling/s1v5_128_frequency_main_fixed
s1v5_128_frequency_main,bigram,1000,3881,-1.7474761605262756,3881,1,42,data/runs_scaling/s1v5_128_frequency_main_fixed
s1v5_128_frequency_main,bigram,1000,2329,-0.6725454330444336,2329,1,42,data/runs_scaling/s1v5_128_frequency_main_fixed
s1v5_128_frequency_main,bigram,1000,3644,-4.5198646783828735,7288,2,42,data/runs_scaling/s1v5_128_frequency_main_fixed
s1v5_128_frequency_main,bigram,1000,1844,-4.133639693260193,3688,2,42,data/runs_scaling/s1v5_128_frequency_main_fixed
s1v5_128_frequency_main,bigram,1000,861,1.88819979659324,9471,11,42,data/runs_scaling/s1v5_128_frequency_main_fixed
s1v5_128_frequency_main,bigram,1000,12192,4.781964302062988,24384,2,42,data/runs_scaling/s1v5_128_frequency_main_fixed
s1v5_128_frequency_main,bigram,1000,2651,5.735788583755493,5302,2,42,data/runs_scaling/s1v5_128_frequency_main_fixed
s1v5_128_frequency_main,bigram,1000,1135,0.5572338104248047,3405,3,42,data/runs_scaling/s1v5_128_frequency_main_fixed
s1v5_128_frequency_main,bigram,1000,1477,-0.05705273151397705,4431,3,42,data/runs_scaling/s1v5_128_frequency_main_fixed
s1v5_128_frequency_main,bigram,1000,7164,-1.0204296112060547,7164,1,42,data/runs_scaling/s1v5_128_frequency_main_fixed
s1v5_128_frequency_main,bigram,1000,7272,-5.178117752075195,7272,1,42,data/runs_scaling/s1v5_128_frequency_main_fixed
s1v5_128_frequency_main,bigram,1000,3419,4.213091254234314,6838,2,42,data/runs_scaling/s1v5_128_frequency_main_fixed
s1v5_128_frequency_main,bigram,1000,26437,0.01914262174977921,26437,1,42,data/runs_scaling/s1v5_128_frequency_main_fixed
s1v5_128_frequency_main,bigram,1000,969,-0.4660067592183343,12597,13,42,data/runs_scaling/s1v5_128_frequency_main_fixed
s1v5_128_frequency_main,bigram,1000,1073,1.7417819734130586,7511,7,42,data/runs_scaling/s1v5_128_frequency_main_fixed
s1v5_128_frequency_main,bigram,1000,1001,-1.3600723573139735,7007,7,42,data/runs_scaling/s1v5_128_frequency_main_fixed
s1v5_128_frequency_main,bigram,1000,2907,2.5074620246887207,5814,2,42,data/runs_scaling/s1v5_128_frequency_main_fixed
s1v5_128_frequency_main,bigram,1000,1378,0.5410287380218506,4134,3,42,data/runs_scaling/s1v5_128_frequency_main_fixed
s1v5_128_frequency_main,bigram,1000,7792,5.611939907073975,7792,1,42,data/runs_scaling/s1v5_128_frequency_main_fixed
s1v5_128_frequency_main,bigram,1000,27661,4.247141361236572,27661,1,42,data/runs_scaling/s1v5_128_frequency_main_fixed
s1v5_128_frequency_main,bigram,1000,1056,2.0483561158180237,4224,4,42,data/runs_scaling/s1v5_128_frequency_main_fixed
s1v5_128_frequency_main,bigram,1000,2269,3.3525490760803223,2269,1,42,data/runs_scaling/s1v5_128_frequency_main_fixed
s1v5_128_frequency_main,bigram,1000,1690,0.1559392511844635,6760,4,42,data/runs_scaling/s1v5_128_frequency_main_fixed
s1v5_128_frequency_main,bigram,1000,1507,3.5413655638694763,6028,4,42,data/runs_scaling/s1v5_128_frequency_main_fixed
s1v5_128_frequency_main,bigram,1000,1072,3.9309009139736495,3216,3,42,data/runs_scaling/s1v5_128_frequency_main_fixed
s1v5_128_frequency_main,bigram,1000,1633,0.20599627494812012,1633,1,42,data/runs_scaling/s1v5_128_frequency_main_fixed
s1v5_128_frequency_main,bigram,1000,1730,0.1783243715763092,6920,4,42,data/runs_scaling/s1v5_128_frequency_main_fixed
s1v5_128_frequency_main,bigram,1000,1144,-1.5199564099311829,4576,4,42,data/runs_scaling/s1v5_128_frequency_main_fixed
s1v5_128_frequency_main,bigram,1000,827,2.044839678953091,9924,12,42,data/runs_scaling/s1v5_128_frequency_main_fixed
s1v5_128_frequency_main,bigram,1000,878,1.6426193937659264,7024,8,42,data/runs_scaling/s1v5_128_frequency_main_fixed
s1v5_128_frequency_main,bigram,1000,2736,7.138838768005371,2736,1,42,data/runs_scaling/s1v5_128_frequency_main_fixed
s1v5_128_frequency_main,bigram,1000,3586,5.035089492797852,3586,1,42,data/runs_scaling/s1v5_128_frequency_main_fixed
s1v5_128_frequency_main,bigram,1000,1248,3.0639662742614746,1248,1,42,data/runs_scaling/s1v5_128_frequency_main_fixed
s1v5_128_frequency_main,bigram,1000,3077,2.959992192685604,6154,2,42,data/runs_scaling/s1v5_128_frequency_main_fixed
s1v5_128_frequency_main,bigram,1000,1928,4.019806891679764,3856,2,42,data/runs_scaling/s1v5_128_frequency_main_fixed
s1v5_128_frequency_main,bigram,1000,1004,4.428427696228027,1004,1,42,data/runs_scaling/s1v5_128_frequency_main_fixed
s1v5_128_frequency_main,bigram,1000,7277,5.569368839263916,7277,1,42,data/runs_scaling/s1v5_128_frequency_main_fixed
s1v5_128_frequency_main,bigram,1000,1096,0.3314371705055237,4384,4,42,data/runs_scaling/s1v5_128_frequency_main_fixed
s1v5_128_frequency_main,bigram,1000,2603,-5.666560888290405,2603,1,42,data/runs_scaling/s1v5_128_frequency_main_fixed
s1v5_128_frequency_main,bigram,1000,4422,-2.5752947330474854,4422,1,42,data/runs_scaling/s1v5_128_frequency_main_fixed
s1v5_128_frequency_main,bigram,1000,5984,1.0384453535079956,11968,2,42,data/runs_scaling/s1v5_128_frequency_main_fixed
s1v5_128_frequency_main,bigram,1000,4518,4.564095099767049,13554,3,42,data/runs_scaling/s1v5_128_frequency_main_fixed
s1v5_128_frequency_main,bigram,1000,1208,3.760632276535034,4832,4,42,data/runs_scaling/s1v5_128_frequency_main_fixed
s1v5_128_frequency_main,bigram,1000,4081,7.499860227108002,4081,1,42,data/runs_scaling/s1v5_128_frequency_main_fixed
s1v5_128_frequency_main,bigram,1000,1087,-1.156281404197216,3261,3,42,data/runs_scaling/s1v5_128_frequency_main_fixed
s1v5_128_frequency_main,bigram,1000,2811,-0.13700804486870766,2811,1,42,data/runs_scaling/s1v5_128_frequency_main_fixed
s1v5_128_frequency_main,bigram,1000,2548,0.07522704266011715,2548,1,42,data/runs_scaling/s1v5_128_frequency_main_fixed
s1v5_128_frequency_main,bigram,1000,5167,4.347718238830566,5167,1,42,data/runs_scaling/s1v5_128_frequency_main_fixed
s1v5_128_frequency_main,bigram,1000,1375,1.5976637601852417,4125,3,42,data/runs_scaling/s1v5_128_frequency_main_fixed
s1v5_128_frequency_main,bigram,1000,6608,4.865659952163696,6608,1,42,data/runs_scaling/s1v5_128_frequency_main_fixed
s1v5_128_frequency_main,bigram,1000,4663,-0.29415035247802734,4663,1,42,data/runs_scaling/s1v5_128_frequency_main_fixed
s1v5_128_frequency_main,bigram,1000,5887,4.467600464820862,5887,1,42,data/runs_scaling/s1v5_128_frequency_main_fixed
s1v5_128_frequency_main,bigram,1000,3115,-0.7761483192443848,3115,1,42,data/runs_scaling/s1v5_128_frequency_main_fixed
s1v5_128_frequency_main,bigram,1000,5154,5.34891152381897,5154,1,42,data/runs_scaling/s1v5_128_frequency_main_fixed
s1v5_128_frequency_main,bigram,1000,2699,4.830360293388367,5398,2,42,data/runs_scaling/s1v5_128_frequency_main_fixed
s1v5_128_frequency_main,bigram,1000,3365,4.916745334863663,3365,1,42,data/runs_scaling/s1v5_128_frequency_main_fixed
s1v5_128_frequency_main,bigram,1000,1006,3.1640626387670636,8048,8,42,data/runs_scaling/s1v5_128_frequency_main_fixed
s1v5_128_frequency_main,bigram,1000,3322,0.7515921592712402,3322,1,42,data/runs_scaling/s1v5_128_frequency_main_fixed
s1v5_128_frequency_main,bigram,1000,4733,-1.0468196868896484,4733,1,42,data/runs_scaling/s1v5_128_frequency_main_fixed
s1v5_128_frequency_main,bigram,1000,2463,2.664301097393036,2463,1,42,data/runs_scaling/s1v5_128_frequency_main_fixed
s1v5_128_frequency_main,bigram,1000,1625,0.29174575582146645,3250,2,42,data/runs_scaling/s1v5_128_frequency_main_fixed
s1v5_128_frequency_main,bigram,1000,4771,-3.334296464920044,4771,1,42,data/runs_scaling/s1v5_128_frequency_main_fixed
s1v5_128_frequency_main,bigram,1000,2406,7.318369150161743,2406,1,42,data/runs_scaling/s1v5_128_frequency_main_fixed
s1v5_128_frequency_main,bigram,1000,7356,-1.832292079925537,7356,1,42,data/runs_scaling/s1v5_128_frequency_main_fixed
s1v5_128_frequency_main,bigram,1000,2255,0.6710891723632812,2255,1,42,data/runs_scaling/s1v5_128_frequency_main_fixed
s1v5_128_frequency_main,bigram,1000,1107,2.811828112602234,5535,5,42,data/runs_scaling/s1v5_128_frequency_main_fixed
s1v5_128_frequency_main,bigram,1000,1020,0.854790210723877,2040,2,42,data/runs_scaling/s1v5_128_frequency_main_fixed
s1v5_128_frequency_main,bigram,1000,1178,9.313574731349945,1178,1,42,data/runs_scaling/s1v5_128_frequency_main_fixed
s1v5_128_frequency_main,bigram,1000,3631,4.974276542663574,3631,1,42,data/runs_scaling/s1v5_128_frequency_main_fixed
s1v5_128_frequency_main,bigram,1000,1994,6.333132028579712,3988,2,42,data/runs_scaling/s1v5_128_frequency_main_fixed
s1v5_128_frequency_main,bigram,1000,9612,11.795767068862915,9612,1,42,data/runs_scaling/s1v5_128_frequency_main_fixed
s1v5_128_frequency_main,bigram,1000,1432,13.871048361063004,1432,1,42,data/runs_scaling/s1v5_128_frequency_main_fixed
s1v5_128_frequency_main,bigram,1000,2982,-3.0649506747722626,5964,2,42,data/runs_scaling/s1v5_128_frequency_main_fixed
s1v5_128_frequency_main,bigram,1000,1426,0.7131481766700745,5704,4,42,data/runs_scaling/s1v5_128_frequency_main_fixed
s1v5_128_frequency_main,bigram,1000,1254,6.717352545509736,3762,3,42,data/runs_scaling/s1v5_128_frequency_main_fixed
s1v5_128_frequency_main,bigram,1000,983,2.0075514391064644,7864,8,42,data/runs_scaling/s1v5_128_frequency_main_fixed
s1v5_128_frequency_main,bigram,1000,3716,4.746017336845398,3716,1,42,data/runs_scaling/s1v5_128_frequency_main_fixed
s1v5_128_frequency_main,bigram,1000,1976,1.1259584426879883,1976,1,42,data/runs_scaling/s1v5_128_frequency_main_fixed
s1v5_128_frequency_main,bigram,1000,3908,-1.9455456733703613,3908,1,42,data/runs_scaling/s1v5_128_frequency_main_fixed
s1v5_128_frequency_main,bigram,1000,6827,2.176032781600952,6827,1,42,data/runs_scaling/s1v5_128_frequency_main_fixed
s1v5_128_frequency_main,bigram,1000,5094,1.7647476196289062,5094,1,42,data/runs_scaling/s1v5_128_frequency_main_fixed
s1v5_128_frequency_main,bigram,1000,4686,-2.0276403427124023,4686,1,42,data/runs_scaling/s1v5_128_frequency_main_fixed
s1v5_128_frequency_main,bigram,1000,2700,3.6305456161499023,2700,1,42,data/runs_scaling/s1v5_128_frequency_main_fixed
s1v5_128_frequency_main,bigram,1000,3697,4.394022852182388,7394,2,42,data/runs_scaling/s1v5_128_frequency_main_fixed
s1v5_128_frequency_main,bigram,1000,5583,5.55576491355896,5583,1,42,data/runs_scaling/s1v5_128_frequency_main_fixed
s1v5_128_frequency_main,bigram,1000,1906,-0.45029306411743164,1906,1,42,data/runs_scaling/s1v5_128_frequency_main_fixed
s1v5_128_frequency_main,bigram,1000,2884,5.907332420349121,2884,1,42,data/runs_scaling/s1v5_128_frequency_main_fixed
s1v5_128_frequency_main,bigram,1000,1334,-0.17747743614017963,4002,3,42,data/runs_scaling/s1v5_128_frequency_main_fixed
s1v5_128_frequency_main,bigram,1000,732,1.437073833563111,8052,11,42,data/runs_scaling/s1v5_128_frequency_main_fixed
s1v5_128_frequency_main,bigram,1000,3820,-0.46423351764678955,7640,2,42,data/runs_scaling/s1v5_128_frequency_main_fixed
s1v5_128_frequency_main,bigram,1000,1414,4.437953074773152,4242,3,42,data/runs_scaling/s1v5_128_frequency_main_fixed
s1v5_128_frequency_main,bigram,1000,1951,0.47234487533569336,1951,1,42,data/runs_scaling/s1v5_128_frequency_main_fixed
s1v5_128_frequency_main,bigram,1000,1861,4.622494280338287,3722,2,42,data/runs_scaling/s1v5_128_frequency_main_fixed
s1v5_128_frequency_main,bigram,1000,1184,3.12934672832489,2368,2,42,data/runs_scaling/s1v5_128_frequency_main_fixed
s1v5_128_frequency_main,bigram,1000,7160,6.695431709289551,7160,1,42,data/runs_scaling/s1v5_128_frequency_main_fixed
s1v5_128_frequency_main,bigram,1000,4802,-0.6981260776519775,4802,1,42,data/runs_scaling/s1v5_128_frequency_main_fixed
s1v5_128_frequency_main,bigram,1000,1732,3.2594785541296005,3464,2,42,data/runs_scaling/s1v5_128_frequency_main_fixed
s1v5_128_frequency_main,bigram,1000,1871,-1.5779552459716797,1871,1,42,data/runs_scaling/s1v5_128_frequency_main_fixed
s1v5_128_frequency_main,bigram,1000,4712,-6.219150602817535,4712,1,42,data/runs_scaling/s1v5_128_frequency_main_fixed
s1v5_128_frequency_main,bigram,1000,2001,-0.16571664810180664,4002,2,42,data/runs_scaling/s1v5_128_frequency_main_fixed
s1v5_128_frequency_main,bigram,1000,2792,-1.4053373336791992,2792,1,42,data/runs_scaling/s1v5_128_frequency_main_fixed
s1v5_128_frequency_main,bigram,1000,2157,5.036407977342606,4314,2,42,data/runs_scaling/s1v5_128_frequency_main_fixed
s1v5_128_frequency_main,bigram,1000,1681,-2.235367774963379,1681,1,42,data/runs_scaling/s1v5_128_frequency_main_fixed
s1v5_128_frequency_main,bigram,1000,2080,6.022997617721558,4160,2,42,data/runs_scaling/s1v5_128_frequency_main_fixed
s1v5_128_frequency_main,bigram,1000,5115,-0.6903247833251953,5115,1,42,data/runs_scaling/s1v5_128_frequency_main_fixed
s1v5_128_frequency_main,bigram,1000,1325,9.246296852827072,2650,2,42,data/runs_scaling/s1v5_128_frequency_main_fixed
s1v5_128_frequency_main,bigram,1000,2557,0.5158512592315674,5114,2,42,data/runs_scaling/s1v5_128_frequency_main_fixed
s1v5_128_frequency_main,bigram,1000,8835,-6.384383201599121,8835,1,42,data/runs_scaling/s1v5_128_frequency_main_fixed
s1v5_128_frequency_main,bigram,1000,4589,-0.5761375427246094,4589,1,42,data/runs_scaling/s1v5_128_frequency_main_fixed
s1v5_128_frequency_main,bigram,1000,5869,1.254075527191162,5869,1,42,data/runs_scaling/s1v5_128_frequency_main_fixed
s1v5_128_frequency_main,bigram,1000,8724,2.959218978881836,8724,1,42,data/runs_scaling/s1v5_128_frequency_main_fixed
s1v5_128_frequency_main,bigram,1000,1150,4.084978640079498,2300,2,42,data/runs_scaling/s1v5_128_frequency_main_fixed
s1v5_128_frequency_main,bigram,1000,1936,3.7412810921669006,3872,2,42,data/runs_scaling/s1v5_128_frequency_main_fixed
s1v5_128_frequency_main,bigram,1000,1622,2.9747536182403564,3244,2,42,data/runs_scaling/s1v5_128_frequency_main_fixed
s1v5_128_frequency_main,bigram,1000,2575,1.382214069366455,2575,1,42,data/runs_scaling/s1v5_128_frequency_main_fixed
s1v5_128_frequency_main,bigram,1000,5892,-0.030768632888793945,5892,1,42,data/runs_scaling/s1v5_128_frequency_main_fixed
s1v5_128_frequency_main,bigram,1000,3433,2.296245574951172,3433,1,42,data/runs_scaling/s1v5_128_frequency_main_fixed
s1v5_128_frequency_main,bigram,1000,1828,-1.2863011360168457,1828,1,42,data/runs_scaling/s1v5_128_frequency_main_fixed
s1v5_128_frequency_main,bigram,1000,30159,-7.624078869819641,30159,1,42,data/runs_scaling/s1v5_128_frequency_main_fixed
s1v5_128_frequency_main,bigram,1000,2398,1.2655441761016846,7194,3,42,data/runs_scaling/s1v5_128_frequency_main_fixed
s1v5_128_frequency_main,bigram,1000,2096,6.593930959701538,2096,1,42,data/runs_scaling/s1v5_128_frequency_main_fixed
s1v5_128_frequency_main,bigram,1000,815,2.4418445578111068,11410,14,42,data/runs_scaling/s1v5_128_frequency_main_fixed
s1v5_128_frequency_main,bigram,1000,1836,2.236129343509674,1836,1,42,data/runs_scaling/s1v5_128_frequency_main_fixed
s1v5_128_frequency_main,bigram,1000,2008,-1.3923864364624023,4016,2,42,data/runs_scaling/s1v5_128_frequency_main_fixed
s1v5_128_frequency_main,bigram,1000,7488,-4.675145149230957,7488,1,42,data/runs_scaling/s1v5_128_frequency_main_fixed
s1v5_128_frequency_main,bigram,1000,28884,3.6631224155426025,28884,1,42,data/runs_scaling/s1v5_128_frequency_main_fixed
s1v5_128_frequency_main,bigram,1000,817,2.7566073752407516,11438,14,42,data/runs_scaling/s1v5_128_frequency_main_fixed
s1v5_128_frequency_main,bigram,1000,6904,-0.37752199172973633,6904,1,42,data/runs_scaling/s1v5_128_frequency_main_fixed
s1v5_128_frequency_main,bigram,1000,981,1.6846553753795368,6867,7,42,data/runs_scaling/s1v5_128_frequency_main_fixed
s1v5_128_frequency_main,bigram,1000,1326,0.405972957611084,1326,1,42,data/runs_scaling/s1v5_128_frequency_main_fixed
s1v5_128_frequency_main,bigram,1000,1981,0.014098525047302246,3962,2,42,data/runs_scaling/s1v5_128_frequency_main_fixed
s1v5_128_frequency_main,bigram,1000,1191,2.576219715178013,4764,4,42,data/runs_scaling/s1v5_128_frequency_main_fixed
s1v5_128_frequency_main,bigram,1000,1840,2.4217758178710938,1840,1,42,data/runs_scaling/s1v5_128_frequency_main_fixed
s1v5_128_frequency_main,bigram,1000,1897,4.548132985830307,3794,2,42,data/runs_scaling/s1v5_128_frequency_main_fixed
s1v5_128_frequency_main,bigram,1000,2327,0.5688743591308594,2327,1,42,data/runs_scaling/s1v5_128_frequency_main_fixed
s1v5_128_frequency_main,bigram,1000,3348,2.3669686317443848,3348,1,42,data/runs_scaling/s1v5_128_frequency_main_fixed
s1v5_128_frequency_main,bigram,1000,4249,5.073651313781738,4249,1,42,data/runs_scaling/s1v5_128_frequency_main_fixed
s1v5_128_frequency_main,bigram,1000,3520,8.71215295791626,3520,1,42,data/runs_scaling/s1v5_128_frequency_main_fixed
s1v5_128_frequency_main,bigram,1000,1613,3.188376591540873,3226,2,42,data/runs_scaling/s1v5_128_frequency_main_fixed
s1v5_128_frequency_main,bigram,1000,2981,0.5158019065856934,2981,1,42,data/runs_scaling/s1v5_128_frequency_main_fixed
s1v5_128_frequency_main,bigram,1000,2447,0.3885746585826079,7341,3,42,data/runs_scaling/s1v5_128_frequency_main_fixed
s1v5_128_frequency_main,bigram,1000,3545,1.2074557542800903,7090,2,42,data/runs_scaling/s1v5_128_frequency_main_fixed
s1v5_128_frequency_main,bigram,1000,3605,4.277827262878418,3605,1,42,data/runs_scaling/s1v5_128_frequency_main_fixed
s1v5_128_frequency_main,bigram,1000,1784,-0.5620830282568932,3568,2,42,data/runs_scaling/s1v5_128_frequency_main_fixed
s1v5_128_frequency_main,bigram,1000,1297,7.143588542938232,1297,1,42,data/runs_scaling/s1v5_128_frequency_main_fixed
s1v5_128_frequency_main,bigram,1000,1939,3.075201705098152,3878,2,42,data/runs_scaling/s1v5_128_frequency_main_fixed
s1v5_128_frequency_main,bigram,1000,1472,1.3520712852478027,2944,2,42,data/runs_scaling/s1v5_128_frequency_main_fixed
s1v5_128_frequency_main,bigram,1000,1628,-0.3005720376968384,6512,4,42,data/runs_scaling/s1v5_128_frequency_main_fixed
s1v5_128_frequency_main,bigram,1000,1384,4.564456939697266,2768,2,42,data/runs_scaling/s1v5_128_frequency_main_fixed
s1v5_128_frequency_main,bigram,1000,9781,-4.558985233306885,9781,1,42,data/runs_scaling/s1v5_128_frequency_main_fixed
s1v5_128_frequency_main,bigram,1000,5128,0.41338658332824707,5128,1,42,data/runs_scaling/s1v5_128_frequency_main_fixed
s1v5_128_frequency_main,bigram,1000,2696,4.094622254371643,2696,1,42,data/runs_scaling/s1v5_128_frequency_main_fixed
s1v5_128_frequency_main,bigram,1000,4610,2.555807590484619,4610,1,42,data/runs_scaling/s1v5_128_frequency_main_fixed
s1v5_128_frequency_main,bigram,1000,9783,7.597627639770508,9783,1,42,data/runs_scaling/s1v5_128_frequency_main_fixed
s1v5_128_frequency_main,bigram,1000,2988,-8.410098224878311,2988,1,42,data/runs_scaling/s1v5_128_frequency_main_fixed
s1v5_128_frequency_main,bigram,1000,1221,-0.3377518728375435,2442,2,42,data/runs_scaling/s1v5_128_frequency_main_fixed
s1v5_128_frequency_main,bigram,1000,1266,1.6518850326538086,1266,1,42,data/runs_scaling/s1v5_128_frequency_main_fixed
s1v5_128_frequency_main,bigram,1000,3406,0.036794185638427734,3406,1,42,data/runs_scaling/s1v5_128_frequency_main_fixed
s1v5_128_frequency_main,bigram,1000,1520,1.0229757204651833,6080,4,42,data/runs_scaling/s1v5_128_frequency_main_fixed
s1v5_128_frequency_main,bigram,1000,2029,4.903110146522522,2029,1,42,data/runs_scaling/s1v5_128_frequency_main_fixed
s1v5_128_frequency_main,bigram,1000,3448,-0.5725831985473633,3448,1,42,data/runs_scaling/s1v5_128_frequency_main_fixed
s1v5_128_frequency_main,bigram,1000,1879,3.410405531525612,1879,1,42,data/runs_scaling/s1v5_128_frequency_main_fixed
s1v5_128_frequency_main,bigram,1000,1351,1.4958749277866445,5404,4,42,data/runs_scaling/s1v5_128_frequency_main_fixed
s1v5_128_frequency_main,bigram,1000,1181,-0.45515167713165283,1181,1,42,data/runs_scaling/s1v5_128_frequency_main_fixed
s1v5_128_frequency_main,bigram,1000,1285,0.5337596752991279,3855,3,42,data/runs_scaling/s1v5_128_frequency_main_fixed
s1v5_128_frequency_main,bigram,1000,2238,3.4449086133390665,8952,4,42,data/runs_scaling/s1v5_128_frequency_main_fixed
s1v5_128_frequency_main,bigram,1000,2971,0.1897296905517578,2971,1,42,data/runs_scaling/s1v5_128_frequency_main_fixed
s1v5_128_frequency_main,bigram,1000,4883,0.37642866373062134,4883,1,42,data/runs_scaling/s1v5_128_frequency_main_fixed
s1v5_128_frequency_main,bigram,1000,6186,1.7736164472298697,12372,2,42,data/runs_scaling/s1v5_128_frequency_main_fixed
s1v5_128_frequency_main,bigram,1000,2493,7.235905647277832,2493,1,42,data/runs_scaling/s1v5_128_frequency_main_fixed
s1v5_128_frequency_main,bigram,1000,967,1.2293340843170881,1934,2,42,data/runs_scaling/s1v5_128_frequency_main_fixed
s1v5_128_frequency_main,bigram,1000,5140,-1.4809541702270508,5140,1,42,data/runs_scaling/s1v5_128_frequency_main_fixed
s1v5_128_frequency_main,bigram,1000,3085,1.9455022811889648,3085,1,42,data/runs_scaling/s1v5_128_frequency_main_fixed
s1v5_128_frequency_main,bigram,1000,75983,-2.2831215858459473,75983,1,42,data/runs_scaling/s1v5_128_frequency_main_fixed
s1v5_128_frequency_main,bigram,1000,1677,-1.8053871840238571,6708,4,42,data/runs_scaling/s1v5_128_frequency_main_fixed
s1v5_128_frequency_main,bigram,1000,2293,0.36875414848327637,2293,1,42,data/runs_scaling/s1v5_128_frequency_main_fixed
s1v5_128_frequency_main,bigram,1000,1084,-1.5094059705734253,2168,2,42,data/runs_scaling/s1v5_128_frequency_main_fixed
s1v5_128_frequency_main,bigram,1000,1959,-0.11174821853637695,1959,1,42,data/runs_scaling/s1v5_128_frequency_main_fixed
s1v5_128_frequency_main,bigram,1000,1430,4.024391859769821,2860,2,42,data/runs_scaling/s1v5_128_frequency_main_fixed
s1v5_128_frequency_main,bigram,1000,1047,1.4664726711809635,5235,5,42,data/runs_scaling/s1v5_128_frequency_main_fixed
s1v5_128_frequency_main,bigram,1000,4957,-5.537160158157349,4957,1,42,data/runs_scaling/s1v5_128_frequency_main_fixed
s1v5_128_frequency_main,bigram,1000,2179,-0.04159053166707357,6537,3,42,data/runs_scaling/s1v5_128_frequency_main_fixed
s1v5_128_frequency_main,bigram,1000,3703,4.085229754447937,3703,1,42,data/runs_scaling/s1v5_128_frequency_main_fixed
s1v5_128_frequency_main,bigram,1000,1445,-0.5557260513305664,1445,1,42,data/runs_scaling/s1v5_128_frequency_main_fixed
s1v5_128_frequency_main,bigram,1000,2973,-0.7301348149776459,5946,2,42,data/runs_scaling/s1v5_128_frequency_main_fixed
s1v5_128_frequency_main,bigram,1000,2369,0.20783793926239014,4738,2,42,data/runs_scaling/s1v5_128_frequency_main_fixed
s1v5_128_frequency_main,bigram,1000,6442,5.188934803009033,6442,1,42,data/runs_scaling/s1v5_128_frequency_main_fixed
s1v5_128_frequency_main,bigram,1000,1846,-1.0996007919311523,1846,1,42,data/runs_scaling/s1v5_128_frequency_main_fixed
s1v5_128_frequency_main,bigram,1000,41729,-3.364466667175293,41729,1,42,data/runs_scaling/s1v5_128_frequency_main_fixed
s1v5_128_frequency_main,bigram,1000,1211,0.7577652931213379,1211,1,42,data/runs_scaling/s1v5_128_frequency_main_fixed
s1v5_128_frequency_main,bigram,1000,1227,1.141912817955017,2454,2,42,data/runs_scaling/s1v5_128_frequency_main_fixed
s1v5_128_frequency_main,bigram,1000,2382,-2.065800428390503,2382,1,42,data/runs_scaling/s1v5_128_frequency_main_fixed
s1v5_128_frequency_main,bigram,1000,6535,2.657644271850586,6535,1,42,data/runs_scaling/s1v5_128_frequency_main_fixed
s1v5_128_frequency_main,bigram,1000,8650,-3.629868268966675,8650,1,42,data/runs_scaling/s1v5_128_frequency_main_fixed
s1v5_128_frequency_main,bigram,1000,1377,2.8879361152648926,2754,2,42,data/runs_scaling/s1v5_128_frequency_main_fixed
s1v5_128_frequency_main,bigram,1000,7703,2.177138328552246,7703,1,42,data/runs_scaling/s1v5_128_frequency_main_fixed
s1v5_128_frequency_main,bigram,1000,2323,3.3050127029418945,2323,1,42,data/runs_scaling/s1v5_128_frequency_main_fixed
s1v5_128_frequency_main,bigram,1000,3430,-3.449976861476898,3430,1,42,data/runs_scaling/s1v5_128_frequency_main_fixed
s1v5_128_frequency_main,bigram,1000,2276,4.143944213787715,6828,3,42,data/runs_scaling/s1v5_128_frequency_main_fixed
s1v5_128_frequency_main,bigram,1000,1988,-1.7787246704101562,1988,1,42,data/runs_scaling/s1v5_128_frequency_main_fixed
s1v5_128_frequency_main,bigram,1000,3298,0.002121864934451878,3298,1,42,data/runs_scaling/s1v5_128_frequency_main_fixed
s1v5_128_frequency_main,bigram,1000,1358,7.327635645866394,1358,1,42,data/runs_scaling/s1v5_128_frequency_main_fixed
s1v5_128_frequency_main,bigram,1000,1473,1.5772992769877117,4419,3,42,data/runs_scaling/s1v5_128_frequency_main_fixed
s1v5_128_frequency_main,bigram,1000,4251,1.156566858291626,4251,1,42,data/runs_scaling/s1v5_128_frequency_main_fixed
s1v5_128_frequency_main,bigram,1000,1780,1.9293927121907473,5340,3,42,data/runs_scaling/s1v5_128_frequency_main_fixed
s1v5_128_frequency_main,bigram,1000,4331,-0.05325031280517578,4331,1,42,data/runs_scaling/s1v5_128_frequency_main_fixed
s1v5_128_frequency_main,bigram,1000,2472,5.393025755882263,2472,1,42,data/runs_scaling/s1v5_128_frequency_main_fixed
s1v5_128_frequency_main,bigram,1000,5878,-2.4297797679901123,5878,1,42,data/runs_scaling/s1v5_128_frequency_main_fixed
s1v5_128_frequency_main,bigram,1000,3501,6.64082607626915,3501,1,42,data/runs_scaling/s1v5_128_frequency_main_fixed
s1v5_128_frequency_main,bigram,1000,1700,-1.8116535743077595,5100,3,42,data/runs_scaling/s1v5_128_frequency_main_fixed
s1v5_128_frequency_main,bigram,1000,890,1.465159470681101,10680,12,42,data/runs_scaling/s1v5_128_frequency_main_fixed
s1v5_128_frequency_main,bigram,1000,1282,3.9080570936203003,2564,2,42,data/runs_scaling/s1v5_128_frequency_main_fixed
s1v5_128_frequency_main,bigram,1000,1349,-0.8436406701803207,1349,1,42,data/runs_scaling/s1v5_128_frequency_main_fixed
s1v5_128_frequency_main,bigram,1000,1500,0.7832639217376709,3000,2,42,data/runs_scaling/s1v5_128_frequency_main_fixed
s1v5_128_frequency_main,bigram,1000,1386,2.265825867652893,2772,2,42,data/runs_scaling/s1v5_128_frequency_main_fixed
s1v5_128_frequency_main,bigram,1000,5543,2.22786808013916,5543,1,42,data/runs_scaling/s1v5_128_frequency_main_fixed
s1v5_128_frequency_main,bigram,1000,8498,1.8941872119903564,8498,1,42,data/runs_scaling/s1v5_128_frequency_main_fixed
s1v5_128_frequency_main,bigram,1000,8286,5.151090145111084,8286,1,42,data/runs_scaling/s1v5_128_frequency_main_fixed
s1v5_128_frequency_main,bigram,1000,33495,-4.020617961883545,33495,1,42,data/runs_scaling/s1v5_128_frequency_main_fixed
s1v5_128_frequency_main,bigram,1000,3121,0.22917461395263672,3121,1,42,data/runs_scaling/s1v5_128_frequency_main_fixed
s1v5_128_frequency_main,bigram,1000,1807,13.104732058942318,3614,2,42,data/runs_scaling/s1v5_128_frequency_main_fixed
s1v5_128_frequency_main,bigram,1000,3208,-2.2144537568092346,6416,2,42,data/runs_scaling/s1v5_128_frequency_main_fixed
s1v5_128_frequency_main,bigram,1000,1857,5.736790418624878,1857,1,42,data/runs_scaling/s1v5_128_frequency_main_fixed
s1v5_128_frequency_main,bigram,1000,2286,4.331311494112015,9144,4,42,data/runs_scaling/s1v5_128_frequency_main_fixed
s1v5_128_frequency_main,bigram,1000,1725,0.32931333780288696,3450,2,42,data/runs_scaling/s1v5_128_frequency_main_fixed
s1v5_128_frequency_main,bigram,1000,1620,-3.6571461657683053,4860,3,42,data/runs_scaling/s1v5_128_frequency_main_fixed
s1v5_128_frequency_main,bigram,1000,2791,-2.1078829765319824,2791,1,42,data/runs_scaling/s1v5_128_frequency_main_fixed
s1v5_128_frequency_main,bigram,1000,1094,3.7524447441101074,4376,4,42,data/runs_scaling/s1v5_128_frequency_main_fixed
s1v5_128_frequency_main,bigram,1000,1640,1.7634352296590805,3280,2,42,data/runs_scaling/s1v5_128_frequency_main_fixed
s1v5_128_frequency_main,bigram,1000,1321,0.7949094176292419,2642,2,42,data/runs_scaling/s1v5_128_frequency_main_fixed
s1v5_128_frequency_main,bigram,1000,3666,2.0893375873565674,3666,1,42,data/runs_scaling/s1v5_128_frequency_main_fixed
s1v5_128_frequency_main,bigram,1000,1891,-0.7627709554508328,3782,2,42,data/runs_scaling/s1v5_128_frequency_main_fixed
s1v5_128_frequency_main,bigram,1000,1448,4.253541588783264,2896,2,42,data/runs_scaling/s1v5_128_frequency_main_fixed
s1v5_128_frequency_main,bigram,1000,5717,-1.9105486869812012,5717,1,42,data/runs_scaling/s1v5_128_frequency_main_fixed
s1v5_128_frequency_main,bigram,1000,1540,-3.678544282913208,1540,1,42,data/runs_scaling/s1v5_128_frequency_main_fixed
s1v5_128_frequency_main,bigram,1000,4030,-3.829514503479004,4030,1,42,data/runs_scaling/s1v5_128_frequency_main_fixed
s1v5_128_frequency_main,bigram,1000,2417,-0.800419807434082,2417,1,42,data/runs_scaling/s1v5_128_frequency_main_fixed
s1v5_128_frequency_main,bigram,1000,1570,1.9347169399261475,3140,2,42,data/runs_scaling/s1v5_128_frequency_main_fixed
s1v5_128_frequency_main,bigram,1000,2568,1.4231617450714111,5136,2,42,data/runs_scaling/s1v5_128_frequency_main_fixed
s1v5_128_frequency_main,bigram,1000,1940,-1.2098360061645508,1940,1,42,data/runs_scaling/s1v5_128_frequency_main_fixed
s1v5_128_frequency_main,bigram,1000,2670,1.828182578086853,2670,1,42,data/runs_scaling/s1v5_128_frequency_main_fixed
s1v5_128_frequency_main,bigram,1000,1242,1.7913144826889038,2484,2,42,data/runs_scaling/s1v5_128_frequency_main_fixed
s1v5_128_frequency_main,bigram,1000,1796,3.181781053543091,1796,1,42,data/runs_scaling/s1v5_128_frequency_main_fixed
s1v5_128_frequency_main,bigram,1000,1141,7.829224805037181,3423,3,42,data/runs_scaling/s1v5_128_frequency_main_fixed
s1v5_128_frequency_main,bigram,1000,1361,2.750334160402417,4083,3,42,data/runs_scaling/s1v5_128_frequency_main_fixed
s1v5_128_frequency_main,bigram,1000,2274,2.6906768828630447,4548,2,42,data/runs_scaling/s1v5_128_frequency_main_fixed
s1v5_128_frequency_main,bigram,1000,2959,2.445284366607666,2959,1,42,data/runs_scaling/s1v5_128_frequency_main_fixed
s1v5_128_frequency_main,bigram,1000,2247,-0.6384738394990563,6741,3,42,data/runs_scaling/s1v5_128_frequency_main_fixed
s1v5_128_frequency_main,bigram,1000,5611,0.9396457672119141,5611,1,42,data/runs_scaling/s1v5_128_frequency_main_fixed
s1v5_128_frequency_main,bigram,1000,1527,1.2536651690800984,4581,3,42,data/runs_scaling/s1v5_128_frequency_main_fixed
s1v5_128_frequency_main,bigram,1000,2196,0.7991585731506348,2196,1,42,data/runs_scaling/s1v5_128_frequency_main_fixed
s1v5_128_frequency_main,bigram,1000,993,-2.255733907222748,1986,2,42,data/runs_scaling/s1v5_128_frequency_main_fixed
s1v5_128_frequency_main,bigram,1000,3861,-0.0035302266478538513,7722,2,42,data/runs_scaling/s1v5_128_frequency_main_fixed
s1v5_128_frequency_main,bigram,1000,4223,1.551232933998108,4223,1,42,data/runs_scaling/s1v5_128_frequency_main_fixed
s1v5_128_frequency_main,bigram,1000,1458,1.7592011094093323,2916,2,42,data/runs_scaling/s1v5_128_frequency_main_fixed
s1v5_128_frequency_main,bigram,1000,1536,0.4250228802363078,4608,3,42,data/runs_scaling/s1v5_128_frequency_main_fixed
s1v5_128_frequency_main,bigram,1000,2047,4.81871223449707,2047,1,42,data/runs_scaling/s1v5_128_frequency_main_fixed
s1v5_128_frequency_main,bigram,1000,19718,2.2113900184631348,19718,1,42,data/runs_scaling/s1v5_128_frequency_main_fixed
s1v5_128_frequency_main,bigram,1000,3763,4.882326126098633,3763,1,42,data/runs_scaling/s1v5_128_frequency_main_fixed
s1v5_128_frequency_main,bigram,1000,2821,1.878796100616455,5642,2,42,data/runs_scaling/s1v5_128_frequency_main_fixed
s1v5_128_frequency_main,bigram,1000,3243,-0.297515869140625,3243,1,42,data/runs_scaling/s1v5_128_frequency_main_fixed
s1v5_128_frequency_main,bigram,1000,1504,0.5758109483867884,1504,1,42,data/runs_scaling/s1v5_128_frequency_main_fixed
s1v5_128_frequency_main,bigram,1000,3626,5.6786704659461975,3626,1,42,data/runs_scaling/s1v5_128_frequency_main_fixed
s1v5_128_frequency_main,bigram,1000,2521,-0.049639105796813965,5042,2,42,data/runs_scaling/s1v5_128_frequency_main_fixed
s1v5_128_frequency_main,bigram,1000,976,1.0261500120162963,4880,5,42,data/runs_scaling/s1v5_128_frequency_main_fixed
s1v5_128_frequency_main,bigram,1000,1715,2.331922243727604,3430,2,42,data/runs_scaling/s1v5_128_frequency_main_fixed
s1v5_128_frequency_main,bigram,1000,3765,0.8167886734008789,7530,2,42,data/runs_scaling/s1v5_128_frequency_main_fixed
s1v5_128_frequency_main,bigram,1000,1740,-4.555179297924042,1740,1,42,data/runs_scaling/s1v5_128_frequency_main_fixed
s1v5_128_frequency_main,bigram,1000,1776,-5.762755393981934,3552,2,42,data/runs_scaling/s1v5_128_frequency_main_fixed
s1v5_128_frequency_main,bigram,1000,1366,-1.371162861585617,1366,1,42,data/runs_scaling/s1v5_128_frequency_main_fixed
s1v5_128_frequency_main,bigram,1000,2063,-1.061672329902649,4126,2,42,data/runs_scaling/s1v5_128_frequency_main_fixed
s1v5_128_frequency_main,bigram,1000,3896,-2.096628189086914,3896,1,42,data/runs_scaling/s1v5_128_frequency_main_fixed
s1v5_128_frequency_main,bigram,1000,2180,3.740693688392639,6540,3,42,data/runs_scaling/s1v5_128_frequency_main_fixed
s1v5_128_frequency_main,bigram,1000,12668,0.051505884155631065,12668,1,42,data/runs_scaling/s1v5_128_frequency_main_fixed
s1v5_128_frequency_main,bigram,1000,2510,5.416744112968445,2510,1,42,data/runs_scaling/s1v5_128_frequency_main_fixed
s1v5_128_frequency_main,bigram,1000,2279,1.2714469423517585,4558,2,42,data/runs_scaling/s1v5_128_frequency_main_fixed
s1v5_128_frequency_main,bigram,1000,1223,5.09438889225324,3669,3,42,data/runs_scaling/s1v5_128_frequency_main_fixed
s1v5_128_frequency_main,bigram,1000,2509,-0.5489431619644165,7527,3,42,data/runs_scaling/s1v5_128_frequency_main_fixed
s1v5_128_frequency_main,bigram,1000,1111,1.8070874698460102,4444,4,42,data/runs_scaling/s1v5_128_frequency_main_fixed
s1v5_128_frequency_main,bigram,1000,1757,7.2530094385147095,3514,2,42,data/runs_scaling/s1v5_128_frequency_main_fixed
s1v5_128_frequency_main,bigram,1000,874,0.12425740701811654,6118,7,42,data/runs_scaling/s1v5_128_frequency_main_fixed
s1v5_128_frequency_main,bigram,1000,5699,2.980248272418976,5699,1,42,data/runs_scaling/s1v5_128_frequency_main_fixed
s1v5_128_frequency_main,bigram,1000,1821,-0.824012279510498,1821,1,42,data/runs_scaling/s1v5_128_frequency_main_fixed
s1v5_128_frequency_main,bigram,1000,8002,0.8985071182250977,8002,1,42,data/runs_scaling/s1v5_128_frequency_main_fixed
s1v5_128_frequency_main,bigram,1000,4126,11.67762577533722,4126,1,42,data/runs_scaling/s1v5_128_frequency_main_fixed
s1v5_128_frequency_main,bigram,1000,3838,11.816516071557999,3838,1,42,data/runs_scaling/s1v5_128_frequency_main_fixed
s1v5_128_frequency_main,bigram,1000,1874,-0.3184995651245117,1874,1,42,data/runs_scaling/s1v5_128_frequency_main_fixed
s1v5_128_frequency_main,bigram,1000,9959,0.0056957307970151305,9959,1,42,data/runs_scaling/s1v5_128_frequency_main_fixed
s1v5_128_frequency_main,bigram,1000,1108,6.11052368208766,2216,2,42,data/runs_scaling/s1v5_128_frequency_main_fixed
s1v5_128_frequency_main,bigram,1000,2153,-0.014778472483158112,2153,1,42,data/runs_scaling/s1v5_128_frequency_main_fixed
s1v5_128_frequency_main,bigram,1000,7214,4.74694299697876,7214,1,42,data/runs_scaling/s1v5_128_frequency_main_fixed
s1v5_128_frequency_main,bigram,1000,1335,5.431888088583946,5340,4,42,data/runs_scaling/s1v5_128_frequency_main_fixed
s1v5_128_frequency_main,bigram,1000,2944,1.0508742332458496,2944,1,42,data/runs_scaling/s1v5_128_frequency_main_fixed
s1v5_128_frequency_main,bigram,1000,1530,1.8808245360851288,3060,2,42,data/runs_scaling/s1v5_128_frequency_main_fixed
s1v5_128_frequency_main,bigram,1000,1810,4.0253190994262695,3620,2,42,data/runs_scaling/s1v5_128_frequency_main_fixed
s1v5_128_frequency_main,bigram,1000,1506,4.874314308166504,1506,1,42,data/runs_scaling/s1v5_128_frequency_main_fixed
s1v5_128_frequency_main,bigram,1000,912,2.486878599971533,7296,8,42,data/runs_scaling/s1v5_128_frequency_main_fixed
s1v5_128_frequency_main,bigram,1000,1346,1.4416662454605103,2692,2,42,data/runs_scaling/s1v5_128_frequency_main_fixed
s1v5_128_frequency_main,bigram,1000,1071,6.854260842005412,3213,3,42,data/runs_scaling/s1v5_128_frequency_main_fixed
s1v5_128_frequency_main,bigram,1000,992,1.6030697325865428,5952,6,42,data/runs_scaling/s1v5_128_frequency_main_fixed
s1v5_128_frequency_main,bigram,1000,5823,-0.3075237572193146,5823,1,42,data/runs_scaling/s1v5_128_frequency_main_fixed
s1v5_128_frequency_main,bigram,1000,11084,-0.8836493492126465,11084,1,42,data/runs_scaling/s1v5_128_frequency_main_fixed
s1v5_128_frequency_main,bigram,1000,2481,0.9973954260349274,4962,2,42,data/runs_scaling/s1v5_128_frequency_main_fixed
s1v5_128_frequency_main,bigram,1000,1596,2.1998883883158364,4788,3,42,data/runs_scaling/s1v5_128_frequency_main_fixed
s1v5_128_frequency_main,bigram,1000,5325,4.765522003173828,5325,1,42,data/runs_scaling/s1v5_128_frequency_main_fixed
s1v5_128_frequency_main,bigram,1000,973,0.5322058566380292,3892,4,42,data/runs_scaling/s1v5_128_frequency_main_fixed
s1v5_128_frequency_main,bigram,1000,2570,1.7575504779815674,2570,1,42,data/runs_scaling/s1v5_128_frequency_main_fixed
s1v5_128_frequency_main,bigram,1000,1822,-0.16111382842063904,7288,4,42,data/runs_scaling/s1v5_128_frequency_main_fixed
s1v5_128_frequency_main,bigram,1000,1395,0.2646249537356198,1395,1,42,data/runs_scaling/s1v5_128_frequency_main_fixed
s1v5_128_frequency_main,bigram,1000,5626,0.03143942356109619,5626,1,42,data/runs_scaling/s1v5_128_frequency_main_fixed
s1v5_128_frequency_main,bigram,1000,3951,-0.0043382300063967705,3951,1,42,data/runs_scaling/s1v5_128_frequency_main_fixed
s1v5_128_frequency_main,bigram,1000,1156,6.385894340928644,4624,4,42,data/runs_scaling/s1v5_128_frequency_main_fixed
s1v5_128_frequency_main,bigram,1000,1989,-0.5495636463165283,3978,2,42,data/runs_scaling/s1v5_128_frequency_main_fixed
s1v5_128_frequency_main,bigram,1000,3766,2.038694679737091,3766,1,42,data/runs_scaling/s1v5_128_frequency_main_fixed
s1v5_128_frequency_main,bigram,1000,2381,-3.0543713569641113,2381,1,42,data/runs_scaling/s1v5_128_frequency_main_fixed
s1v5_128_frequency_main,bigram,1000,3953,-2.3268952071666718,3953,1,42,data/runs_scaling/s1v5_128_frequency_main_fixed
s1v5_128_frequency_main,bigram,1000,26924,0.2262607142329216,26924,1,42,data/runs_scaling/s1v5_128_frequency_main_fixed
s1v5_128_frequency_main,bigram,1000,1985,0.9171003103256226,3970,2,42,data/runs_scaling/s1v5_128_frequency_main_fixed
s1v5_128_frequency_main,bigram,1000,1698,-3.958897433243692,1698,1,42,data/runs_scaling/s1v5_128_frequency_main_fixed
s1v5_128_frequency_main,bigram,1000,6163,-0.1603759229183197,6163,1,42,data/runs_scaling/s1v5_128_frequency_main_fixed
s1v5_128_frequency_main,bigram,1000,2847,-3.664354097098112,2847,1,42,data/runs_scaling/s1v5_128_frequency_main_fixed
s1v5_128_frequency_main,bigram,1000,1333,0.5424874520394951,2666,2,42,data/runs_scaling/s1v5_128_frequency_main_fixed
s1v5_128_frequency_main,bigram,1000,2186,-4.383620068430901,4372,2,42,data/runs_scaling/s1v5_128_frequency_main_fixed
s1v5_128_frequency_main,bigram,1000,1987,-4.168033480644226,3974,2,42,data/runs_scaling/s1v5_128_frequency_main_fixed
s1v5_128_frequency_main,bigram,1000,3103,-4.476501107215881,3103,1,42,data/runs_scaling/s1v5_128_frequency_main_fixed
s1v5_128_frequency_main,bigram,1000,989,2.29538494348526,989,1,42,data/runs_scaling/s1v5_128_frequency_main_fixed
s1v5_128_frequency_main,bigram,1000,4673,2.2663164138793945,4673,1,42,data/runs_scaling/s1v5_128_frequency_main_fixed
s1v5_128_frequency_main,bigram,1000,4303,3.4783928394317627,8606,2,42,data/runs_scaling/s1v5_128_frequency_main_fixed
s1v5_128_frequency_main,bigram,1000,1383,-1.6372725168863933,4149,3,42,data/runs_scaling/s1v5_128_frequency_main_fixed
s1v5_128_frequency_main,bigram,1000,1433,2.351209123929342,4299,3,42,data/runs_scaling/s1v5_128_frequency_main_fixed
s1v5_128_frequency_main,bigram,1000,1522,0.9301173537969589,3044,2,42,data/runs_scaling/s1v5_128_frequency_main_fixed
s1v5_128_frequency_main,bigram,1000,2746,0.4277679920196533,5492,2,42,data/runs_scaling/s1v5_128_frequency_main_fixed
s1v5_128_frequency_main,bigram,1000,2903,-2.7056446373462677,2903,1,42,data/runs_scaling/s1v5_128_frequency_main_fixed
s1v5_128_frequency_main,bigram,1000,1884,2.1162983179092407,1884,1,42,data/runs_scaling/s1v5_128_frequency_main_fixed
s1v5_128_frequency_main,bigram,1000,2918,-5.350766807794571,2918,1,42,data/runs_scaling/s1v5_128_frequency_main_fixed
s1v5_128_frequency_main,bigram,1000,1880,4.76881143450737,1880,1,42,data/runs_scaling/s1v5_128_frequency_main_fixed
s1v5_128_frequency_main,bigram,1000,6612,-2.1339612007141113,6612,1,42,data/runs_scaling/s1v5_128_frequency_main_fixed
s1v5_128_frequency_main,bigram,1000,6894,-0.05970144271850586,6894,1,42,data/runs_scaling/s1v5_128_frequency_main_fixed
s1v5_128_frequency_main,bigram,1000,4848,9.493918862193823,4848,1,42,data/runs_scaling/s1v5_128_frequency_main_fixed
s1v5_128_frequency_main,bigram,1000,2702,-0.45618319511413574,2702,1,42,data/runs_scaling/s1v5_128_frequency_main_fixed
s1v5_128_frequency_main,bigram,1000,2635,3.4443283081054688,2635,1,42,data/runs_scaling/s1v5_128_frequency_main_fixed
s1v5_128_frequency_main,bigram,1000,27849,1.5961179733276367,27849,1,42,data/runs_scaling/s1v5_128_frequency_main_fixed
s1v5_128_frequency_main,bigram,1000,32675,6.381623029708862,32675,1,42,data/runs_scaling/s1v5_128_frequency_main_fixed
s1v5_128_frequency_main,bigram,1000,1305,-0.15906399488449097,1305,1,42,data/runs_scaling/s1v5_128_frequency_main_fixed
s1v5_128_frequency_main,bigram,1000,7662,3.0421124696731567,7662,1,42,data/runs_scaling/s1v5_128_frequency_main_fixed
s1v5_128_frequency_main,bigram,1000,2107,-1.106017217040062,4214,2,42,data/runs_scaling/s1v5_128_frequency_main_fixed
s1v5_128_frequency_main,bigram,1000,1641,0.7081120610237122,3282,2,42,data/runs_scaling/s1v5_128_frequency_main_fixed
s1v5_128_frequency_main,bigram,1000,4354,-2.2441294193267822,4354,1,42,data/runs_scaling/s1v5_128_frequency_main_fixed
s1v5_128_frequency_main,bigram,1000,2441,1.9580059051513672,2441,1,42,data/runs_scaling/s1v5_128_frequency_main_fixed
s1v5_128_frequency_main,bigram,1000,1440,4.753586292266846,1440,1,42,data/runs_scaling/s1v5_128_frequency_main_fixed
s1v5_128_frequency_main,bigram,1000,2542,4.027414321899414,2542,1,42,data/runs_scaling/s1v5_128_frequency_main_fixed
s1v5_128_frequency_main,bigram,1000,1016,-0.7909083372214809,5080,5,42,data/runs_scaling/s1v5_128_frequency_main_fixed
s1v5_128_frequency_main,bigram,1000,3795,-1.1358318328857422,3795,1,42,data/runs_scaling/s1v5_128_frequency_main_fixed
s1v5_128_frequency_main,bigram,1000,2572,10.834821224212646,2572,1,42,data/runs_scaling/s1v5_128_frequency_main_fixed
s1v5_128_frequency_main,bigram,1000,2857,0.5412318557500839,11428,4,42,data/runs_scaling/s1v5_128_frequency_main_fixed
s1v5_128_frequency_main,bigram,1000,1627,5.3481913805007935,3254,2,42,data/runs_scaling/s1v5_128_frequency_main_fixed
s1v5_128_frequency_main,bigram,1000,1195,6.312006831169128,2390,2,42,data/runs_scaling/s1v5_128_frequency_main_fixed
s1v5_128_frequency_main,bigram,1000,1824,-1.141762375831604,3648,2,42,data/runs_scaling/s1v5_128_frequency_main_fixed
s1v5_128_frequency_main,bigram,1000,11314,3.000908851623535,11314,1,42,data/runs_scaling/s1v5_128_frequency_main_fixed
s1v5_128_frequency_main,bigram,1000,3293,-0.3727540969848633,3293,1,42,data/runs_scaling/s1v5_128_frequency_main_fixed
s1v5_128_frequency_main,bigram,1000,1562,2.598086893558502,3124,2,42,data/runs_scaling/s1v5_128_frequency_main_fixed
s1v5_128_frequency_main,bigram,1000,4041,5.110110878944397,4041,1,42,data/runs_scaling/s1v5_128_frequency_main_fixed
s1v5_128_frequency_main,bigram,1000,1729,0.16049110889434814,1729,1,42,data/runs_scaling/s1v5_128_frequency_main_fixed
s1v5_128_frequency_main,bigram,1000,1841,3.2106228917837143,3682,2,42,data/runs_scaling/s1v5_128_frequency_main_fixed
s1v5_128_frequency_main,bigram,1000,7532,-0.18251824378967285,7532,1,42,data/runs_scaling/s1v5_128_frequency_main_fixed
s1v5_128_frequency_main,bigram,1000,3253,2.2150003910064697,3253,1,42,data/runs_scaling/s1v5_128_frequency_main_fixed
s1v5_128_frequency_main,bigram,1000,1359,3.2456365823745728,2718,2,42,data/runs_scaling/s1v5_128_frequency_main_fixed
s1v5_128_frequency_main,bigram,1000,2747,-1.2639269828796387,2747,1,42,data/runs_scaling/s1v5_128_frequency_main_fixed
s1v5_128_frequency_main,bigram,1000,1606,10.486560821533203,1606,1,42,data/runs_scaling/s1v5_128_frequency_main_fixed
s1v5_128_frequency_main,bigram,1000,1621,2.606028378009796,6484,4,42,data/runs_scaling/s1v5_128_frequency_main_fixed
s1v5_128_frequency_main,bigram,1000,2514,-1.6166739463806152,5028,2,42,data/runs_scaling/s1v5_128_frequency_main_fixed
s1v5_128_frequency_main,bigram,1000,3710,1.3275146484375,3710,1,42,data/runs_scaling/s1v5_128_frequency_main_fixed
s1v5_128_frequency_main,bigram,1000,2639,0.22019755840301514,2639,1,42,data/runs_scaling/s1v5_128_frequency_main_fixed
s1v5_128_frequency_main,bigram,1000,1360,2.8502495884895325,5440,4,42,data/runs_scaling/s1v5_128_frequency_main_fixed
s1v5_128_frequency_main,bigram,1000,1270,5.755131125450134,1270,1,42,data/runs_scaling/s1v5_128_frequency_main_fixed
s1v5_128_frequency_main,bigram,1000,2801,3.8973355293273926,2801,1,42,data/runs_scaling/s1v5_128_frequency_main_fixed
s1v5_128_frequency_main,bigram,1000,12404,1.97430419921875,12404,1,42,data/runs_scaling/s1v5_128_frequency_main_fixed
s1v5_128_frequency_main,bigram,1000,2852,-4.037349224090576,2852,1,42,data/runs_scaling/s1v5_128_frequency_main_fixed
s1v5_128_frequency_main,bigram,1000,3855,-2.825517177581787,3855,1,42,data/runs_scaling/s1v5_128_frequency_main_fixed
s1v5_128_frequency_main,bigram,1000,3823,0.5325699746608734,3823,1,42,data/runs_scaling/s1v5_128_frequency_main_fixed
s1v5_128_frequency_main,bigram,1000,7014,1.4562664031982422,7014,1,42,data/runs_scaling/s1v5_128_frequency_main_fixed
s1v5_128_frequency_main,bigram,1000,4025,-1.8216736316680908,4025,1,42,data/runs_scaling/s1v5_128_frequency_main_fixed
s1v5_128_frequency_main,bigram,1000,4322,-4.467384099960327,4322,1,42,data/runs_scaling/s1v5_128_frequency_main_fixed
s1v5_128_frequency_main,bigram,1000,2249,1.493067741394043,2249,1,42,data/runs_scaling/s1v5_128_frequency_main_fixed
s1v5_128_frequency_main,bigram,1000,1323,-0.46024632453918457,2646,2,42,data/runs_scaling/s1v5_128_frequency_main_fixed
s1v5_128_frequency_main,bigram,1000,1424,-2.771292050679525,4272,3,42,data/runs_scaling/s1v5_128_frequency_main_fixed
s1v5_128_frequency_main,bigram,1000,2525,-1.0089197978377342,5050,2,42,data/runs_scaling/s1v5_128_frequency_main_fixed
s1v5_128_frequency_main,bigram,1000,1737,-1.2284113392233849,3474,2,42,data/runs_scaling/s1v5_128_frequency_main_fixed
s1v5_128_frequency_main,bigram,1000,3853,1.0580849647521973,3853,1,42,data/runs_scaling/s1v5_128_frequency_main_fixed
s1v5_128_frequency_main,bigram,1000,11094,-2.46505606174469,11094,1,42,data/runs_scaling/s1v5_128_frequency_main_fixed
s1v5_128_frequency_main,bigram,1000,3684,0.3980703353881836,3684,1,42,data/runs_scaling/s1v5_128_frequency_main_fixed
s1v5_128_frequency_main,bigram,1000,2753,6.181921482086182,2753,1,42,data/runs_scaling/s1v5_128_frequency_main_fixed
s1v5_128_frequency_main,bigram,1000,2206,1.996475264430046,2206,1,42,data/runs_scaling/s1v5_128_frequency_main_fixed
s1v5_128_frequency_main,bigram,1000,2002,0.06673187017440796,2002,1,42,data/runs_scaling/s1v5_128_frequency_main_fixed
s1v5_128_frequency_main,bigram,1000,5606,1.843626707792282,5606,1,42,data/runs_scaling/s1v5_128_frequency_main_fixed
s1v5_128_frequency_main,bigram,1000,1815,0.2566040555636088,5445,3,42,data/runs_scaling/s1v5_128_frequency_main_fixed
s1v5_128_frequency_main,bigram,1000,2715,6.383065462112427,2715,1,42,data/runs_scaling/s1v5_128_frequency_main_fixed
s1v5_128_frequency_main,bigram,1000,2469,0.7170006036758423,7407,3,42,data/runs_scaling/s1v5_128_frequency_main_fixed
s1v5_128_frequency_main,bigram,1000,4105,-1.3026471138000488,4105,1,42,data/runs_scaling/s1v5_128_frequency_main_fixed
s1v5_128_frequency_main,bigram,1000,1234,4.288199067115784,3702,3,42,data/runs_scaling/s1v5_128_frequency_main_fixed
s1v5_128_frequency_main,bigram,1000,24190,0.9661064147949219,24190,1,42,data/runs_scaling/s1v5_128_frequency_main_fixed
s1v5_128_frequency_main,bigram,1000,2683,-0.9864778518676758,2683,1,42,data/runs_scaling/s1v5_128_frequency_main_fixed
s1v5_128_frequency_main,bigram,1000,1367,1.9022851940244436,2734,2,42,data/runs_scaling/s1v5_128_frequency_main_fixed
s1v5_128_frequency_main,bigram,1000,1661,1.845396598180135,4983,3,42,data/runs_scaling/s1v5_128_frequency_main_fixed
s1v5_128_frequency_main,bigram,1000,13149,-2.96612548828125,13149,1,42,data/runs_scaling/s1v5_128_frequency_main_fixed
s1v5_128_frequency_main,bigram,1000,12397,-0.42852354049682617,12397,1,42,data/runs_scaling/s1v5_128_frequency_main_fixed
s1v5_128_frequency_main,bigram,1000,3768,0.49247026443481445,3768,1,42,data/runs_scaling/s1v5_128_frequency_main_fixed
s1v5_128_frequency_main,bigram,1000,11578,-0.971735954284668,11578,1,42,data/runs_scaling/s1v5_128_frequency_main_fixed
s1v5_128_frequency_main,bigram,1000,8236,4.161296963691711,8236,1,42,data/runs_scaling/s1v5_128_frequency_main_fixed
s1v5_128_frequency_main,bigram,1000,91056,-2.5303497314453125,91056,1,42,data/runs_scaling/s1v5_128_frequency_main_fixed
s1v5_128_frequency_main,bigram,1000,4444,-4.15326452255249,4444,1,42,data/runs_scaling/s1v5_128_frequency_main_fixed
s1v5_128_frequency_main,bigram,1000,5253,-0.4028804302215576,5253,1,42,data/runs_scaling/s1v5_128_frequency_main_fixed
s1v5_128_frequency_main,bigram,1000,6009,5.546895205974579,6009,1,42,data/runs_scaling/s1v5_128_frequency_main_fixed
s1v5_128_frequency_main,bigram,1000,7588,5.191460013389587,7588,1,42,data/runs_scaling/s1v5_128_frequency_main_fixed
s1v5_128_frequency_main,bigram,1000,6908,0.017101451754570007,6908,1,42,data/runs_scaling/s1v5_128_frequency_main_fixed
s1v5_128_frequency_main,bigram,1000,6179,11.842422008514404,6179,1,42,data/runs_scaling/s1v5_128_frequency_main_fixed
s1v5_128_frequency_main,bigram,1000,4023,1.5308924317359924,8046,2,42,data/runs_scaling/s1v5_128_frequency_main_fixed
s1v5_128_frequency_main,bigram,1000,5787,-1.6646228432655334,5787,1,42,data/runs_scaling/s1v5_128_frequency_main_fixed
s1v5_128_frequency_main,bigram,1000,7691,3.0695605278015137,7691,1,42,data/runs_scaling/s1v5_128_frequency_main_fixed
s1v5_128_frequency_main,bigram,1000,5069,3.1962539553642273,5069,1,42,data/runs_scaling/s1v5_128_frequency_main_fixed
s1v5_128_frequency_main,bigram,1000,4448,7.919163823127747,4448,1,42,data/runs_scaling/s1v5_128_frequency_main_fixed
s1v5_128_frequency_main,bigram,1000,2198,-3.014354944229126,2198,1,42,data/runs_scaling/s1v5_128_frequency_main_fixed
s1v5_128_frequency_main,bigram,1000,4644,4.098848462104797,4644,1,42,data/runs_scaling/s1v5_128_frequency_main_fixed
s1v5_128_frequency_main,bigram,1000,6900,5.933509826660156,6900,1,42,data/runs_scaling/s1v5_128_frequency_main_fixed
s1v5_128_frequency_main,bigram,1000,2102,4.959953308105469,4204,2,42,data/runs_scaling/s1v5_128_frequency_main_fixed
s1v5_128_frequency_main,bigram,1000,2507,7.199272394180298,5014,2,42,data/runs_scaling/s1v5_128_frequency_main_fixed
s1v5_128_frequency_main,bigram,1000,10685,-1.3591198921203613,10685,1,42,data/runs_scaling/s1v5_128_frequency_main_fixed
s1v5_128_frequency_main,bigram,1000,2368,2.0749058723449707,2368,1,42,data/runs_scaling/s1v5_128_frequency_main_fixed
s1v5_128_frequency_main,bigram,1000,21141,1.7590978145599365,21141,1,42,data/runs_scaling/s1v5_128_frequency_main_fixed
s1v5_128_frequency_main,bigram,1000,45794,3.790358066558838,45794,1,42,data/runs_scaling/s1v5_128_frequency_main_fixed
s1v5_128_frequency_main,bigram,1000,29741,7.358768939971924,29741,1,42,data/runs_scaling/s1v5_128_frequency_main_fixed
s1v5_128_frequency_main,bigram,1000,1069,1.748617210611701,5345,5,42,data/runs_scaling/s1v5_128_frequency_main_fixed
s1v5_128_frequency_main,bigram,1000,1434,1.3233213424682617,2868,2,42,data/runs_scaling/s1v5_128_frequency_main_fixed
s1v5_128_frequency_main,bigram,1000,4920,7.169527053833008,4920,1,42,data/runs_scaling/s1v5_128_frequency_main_fixed
s1v5_128_frequency_main,bigram,1000,45672,3.6569747924804688,45672,1,42,data/runs_scaling/s1v5_128_frequency_main_fixed
s1v5_128_frequency_main,bigram,1000,10164,0.8961577415466309,10164,1,42,data/runs_scaling/s1v5_128_frequency_main_fixed
s1v5_128_frequency_main,bigram,1000,3246,1.1397756338119507,3246,1,42,data/runs_scaling/s1v5_128_frequency_main_fixed
s1v5_128_frequency_main,bigram,1000,3922,0.4950827360153198,3922,1,42,data/runs_scaling/s1v5_128_frequency_main_fixed
s1v5_128_frequency_main,bigram,1000,1438,4.817285180091858,2876,2,42,data/runs_scaling/s1v5_128_frequency_main_fixed
s1v5_128_frequency_main,bigram,1000,1441,-1.6816970705986023,2882,2,42,data/runs_scaling/s1v5_128_frequency_main_fixed
s1v5_128_frequency_main,bigram,1000,2860,5.3555207047611475,5720,2,42,data/runs_scaling/s1v5_128_frequency_main_fixed
s1v5_128_frequency_main,bigram,1000,1215,0.01982855796813965,2430,2,42,data/runs_scaling/s1v5_128_frequency_main_fixed
s1v5_128_frequency_main,bigram,1000,1752,8.014328002929688,1752,1,42,data/runs_scaling/s1v5_128_frequency_main_fixed
s1v5_128_frequency_main,bigram,1000,2858,1.279803216457367,5716,2,42,data/runs_scaling/s1v5_128_frequency_main_fixed
s1v5_128_frequency_main,bigram,1000,23450,-0.18689370155334473,23450,1,42,data/runs_scaling/s1v5_128_frequency_main_fixed
s1v5_128_frequency_main,bigram,1000,2331,3.7877140045166016,2331,1,42,data/runs_scaling/s1v5_128_frequency_main_fixed
s1v5_128_frequency_main,bigram,1000,23029,-0.762505054473877,23029,1,42,data/runs_scaling/s1v5_128_frequency_main_fixed
s1v5_128_frequency_main,bigram,1000,2867,8.739593505859375,2867,1,42,data/runs_scaling/s1v5_128_frequency_main_fixed
s1v5_128_frequency_main,bigram,1000,1600,0.42782648858459044,4800,3,42,data/runs_scaling/s1v5_128_frequency_main_fixed
s1v5_128_frequency_main,bigram,1000,18277,5.405062437057495,18277,1,42,data/runs_scaling/s1v5_128_frequency_main_fixed
s1v5_128_frequency_main,bigram,1000,2373,1.4807218313217163,2373,1,42,data/runs_scaling/s1v5_128_frequency_main_fixed
s1v5_128_frequency_main,bigram,1000,13835,8.043201208114624,13835,1,42,data/runs_scaling/s1v5_128_frequency_main_fixed
s1v5_128_frequency_main,bigram,1000,12975,3.6577394008636475,12975,1,42,data/runs_scaling/s1v5_128_frequency_main_fixed
s1v5_128_frequency_main,bigram,1000,10912,-0.9321866035461426,10912,1,42,data/runs_scaling/s1v5_128_frequency_main_fixed
s1v5_128_frequency_main,bigram,1000,7066,4.37894868850708,7066,1,42,data/runs_scaling/s1v5_128_frequency_main_fixed
s1v5_128_frequency_main,bigram,1000,3284,1.8246433734893799,3284,1,42,data/runs_scaling/s1v5_128_frequency_main_fixed
s1v5_128_frequency_main,bigram,1000,2678,-0.637646496295929,5356,2,42,data/runs_scaling/s1v5_128_frequency_main_fixed
s1v5_128_frequency_main,bigram,1000,14869,1.1753284931182861,14869,1,42,data/runs_scaling/s1v5_128_frequency_main_fixed
s1v5_128_frequency_main,bigram,1000,12240,-1.2624665200710297,12240,1,42,data/runs_scaling/s1v5_128_frequency_main_fixed
s1v5_128_frequency_main,bigram,1000,6909,1.719614028930664,6909,1,42,data/runs_scaling/s1v5_128_frequency_main_fixed
s1v5_128_frequency_main,bigram,1000,13160,0.10109162330627441,13160,1,42,data/runs_scaling/s1v5_128_frequency_main_fixed
s1v5_128_frequency_main,bigram,1000,10149,2.3257822394371033,10149,1,42,data/runs_scaling/s1v5_128_frequency_main_fixed
s1v5_128_frequency_main,bigram,1000,9256,6.421787708997726,9256,1,42,data/runs_scaling/s1v5_128_frequency_main_fixed
s1v5_128_frequency_main,bigram,1000,12993,2.4788670018315315,12993,1,42,data/runs_scaling/s1v5_128_frequency_main_fixed
s1v5_128_frequency_main,bigram,1000,10063,6.1339070200920105,10063,1,42,data/runs_scaling/s1v5_128_frequency_main_fixed
s1v5_128_frequency_main,bigram,1000,9669,9.557156383991241,9669,1,42,data/runs_scaling/s1v5_128_frequency_main_fixed
s1v5_128_frequency_main,bigram,1000,8121,2.466480255126953,8121,1,42,data/runs_scaling/s1v5_128_frequency_main_fixed
s1v5_128_frequency_main,bigram,1000,15324,1.3870718479156494,15324,1,42,data/runs_scaling/s1v5_128_frequency_main_fixed
s1v5_128_frequency_main,bigram,1000,45269,6.333217144012451,45269,1,42,data/runs_scaling/s1v5_128_frequency_main_fixed
s1v5_128_frequency_main,bigram,1000,1558,1.1016343161463737,3116,2,42,data/runs_scaling/s1v5_128_frequency_main_fixed
s1v5_128_frequency_main,bigram,1000,1408,2.236791575948397,4224,3,42,data/runs_scaling/s1v5_128_frequency_main_fixed
s1v5_128_frequency_main,bigram,1000,1154,-3.285422623157501,2308,2,42,data/runs_scaling/s1v5_128_frequency_main_fixed
s1v5_128_frequency_main,bigram,1000,2372,4.525654911994934,4744,2,42,data/runs_scaling/s1v5_128_frequency_main_fixed
s1v5_128_frequency_main,bigram,1000,2213,-0.048064231872558594,2213,1,42,data/runs_scaling/s1v5_128_frequency_main_fixed
s1v5_128_frequency_main,bigram,1000,1118,-0.9415145516395569,2236,2,42,data/runs_scaling/s1v5_128_frequency_main_fixed
s1v5_128_frequency_main,bigram,1000,4843,3.1159615516662598,4843,1,42,data/runs_scaling/s1v5_128_frequency_main_fixed
s1v5_128_frequency_main,bigram,1000,5125,-3.3774607181549072,5125,1,42,data/runs_scaling/s1v5_128_frequency_main_fixed
s1v5_128_frequency_main,bigram,1000,6446,4.599368572235107,6446,1,42,data/runs_scaling/s1v5_128_frequency_main_fixed
s1v5_128_frequency_main,bigram,1000,2490,2.2757798433303833,2490,1,42,data/runs_scaling/s1v5_128_frequency_main_fixed
s1v5_128_frequency_main,bigram,1000,1345,3.9390857219696045,2690,2,42,data/runs_scaling/s1v5_128_frequency_main_fixed
s1v5_128_frequency_main,bigram,1000,7347,2.8496899604797363,7347,1,42,data/runs_scaling/s1v5_128_frequency_main_fixed
s1v5_128_frequency_main,bigram,1000,6849,1.4462005496025085,6849,1,42,data/runs_scaling/s1v5_128_frequency_main_fixed
s1v5_128_frequency_main,bigram,1000,6735,6.631634712219238,6735,1,42,data/runs_scaling/s1v5_128_frequency_main_fixed
s1v5_128_frequency_main,bigram,1000,2108,0.7194093354046345,4216,2,42,data/runs_scaling/s1v5_128_frequency_main_fixed
s1v5_128_frequency_main,bigram,1000,1400,3.1645726412534714,2800,2,42,data/runs_scaling/s1v5_128_frequency_main_fixed
s1v5_128_frequency_main,bigram,1000,5085,9.24840360879898,5085,1,42,data/runs_scaling/s1v5_128_frequency_main_fixed
s1v5_128_frequency_main,bigram,1000,1742,3.0900524059931436,5226,3,42,data/runs_scaling/s1v5_128_frequency_main_fixed
s1v5_128_frequency_main,bigram,1000,3695,-0.29941868782043457,3695,1,42,data/runs_scaling/s1v5_128_frequency_main_fixed
s1v5_128_frequency_main,bigram,1000,5907,4.463202476501465,5907,1,42,data/runs_scaling/s1v5_128_frequency_main_fixed
s1v5_128_frequency_main,bigram,1000,4399,5.512291431427002,4399,1,42,data/runs_scaling/s1v5_128_frequency_main_fixed
s1v5_128_frequency_main,bigram,1000,6896,5.112221837043762,6896,1,42,data/runs_scaling/s1v5_128_frequency_main_fixed
s1v5_128_frequency_main,bigram,1000,1594,-0.6277494430541992,3188,2,42,data/runs_scaling/s1v5_128_frequency_main_fixed
s1v5_128_frequency_main,bigram,1000,4760,6.909069061279297,4760,1,42,data/runs_scaling/s1v5_128_frequency_main_fixed
s1v5_128_frequency_main,bigram,1000,8274,5.284774005413055,8274,1,42,data/runs_scaling/s1v5_128_frequency_main_fixed
s1v5_128_frequency_main,bigram,1000,1269,2.2392959594726562,2538,2,42,data/runs_scaling/s1v5_128_frequency_main_fixed
s1v5_128_frequency_main,bigram,1000,3700,-3.5597180854529142,3700,1,42,data/runs_scaling/s1v5_128_frequency_main_fixed
s1v5_128_frequency_main,bigram,1000,2748,8.554973602294922,2748,1,42,data/runs_scaling/s1v5_128_frequency_main_fixed
s1v5_128_frequency_main,bigram,1000,1502,2.4043633937835693,1502,1,42,data/runs_scaling/s1v5_128_frequency_main_fixed
s1v5_128_frequency_main,bigram,1000,1174,3.685652330517769,3522,3,42,data/runs_scaling/s1v5_128_frequency_main_fixed
s1v5_128_frequency_main,bigram,1000,1720,1.1363894939422607,1720,1,42,data/runs_scaling/s1v5_128_frequency_main_fixed
s1v5_128_frequency_main,bigram,1000,2774,3.77214764803648,2774,1,42,data/runs_scaling/s1v5_128_frequency_main_fixed
s1v5_128_frequency_main,bigram,1000,5885,6.822556972503662,5885,1,42,data/runs_scaling/s1v5_128_frequency_main_fixed
s1v5_128_frequency_main,bigram,1000,1585,4.053800921887159,1585,1,42,data/runs_scaling/s1v5_128_frequency_main_fixed
s1v5_128_frequency_main,bigram,1000,4828,10.536349758505821,4828,1,42,data/runs_scaling/s1v5_128_frequency_main_fixed
s1v5_128_frequency_main,bigram,1000,2932,0.41232872009277344,2932,1,42,data/runs_scaling/s1v5_128_frequency_main_fixed
s1v5_128_frequency_main,bigram,1000,1122,0.17648845911026,3366,3,42,data/runs_scaling/s1v5_128_frequency_main_fixed
s1v5_128_frequency_main,bigram,1000,1716,5.334459662437439,1716,1,42,data/runs_scaling/s1v5_128_frequency_main_fixed
s1v5_128_frequency_main,bigram,1000,3183,-1.8320313692092896,6366,2,42,data/runs_scaling/s1v5_128_frequency_main_fixed
s1v5_128_frequency_main,bigram,1000,2347,3.127014398574829,2347,1,42,data/runs_scaling/s1v5_128_frequency_main_fixed
s1v5_128_frequency_main,bigram,1000,3299,5.346729040145874,3299,1,42,data/runs_scaling/s1v5_128_frequency_main_fixed
s1v5_128_frequency_main,bigram,1000,1918,1.5439863204956055,1918,1,42,data/runs_scaling/s1v5_128_frequency_main_fixed
s1v5_128_frequency_main,bigram,1000,3427,6.9329100251197815,3427,1,42,data/runs_scaling/s1v5_128_frequency_main_fixed
s1v5_128_frequency_main,bigram,1000,1132,1.8543101847171783,2264,2,42,data/runs_scaling/s1v5_128_frequency_main_fixed
s1v5_128_frequency_main,bigram,1000,3420,-2.1887454986572266,3420,1,42,data/runs_scaling/s1v5_128_frequency_main_fixed
s1v5_128_frequency_main,bigram,1000,1998,2.752518047695048,3996,2,42,data/runs_scaling/s1v5_128_frequency_main_fixed
s1v5_128_frequency_main,bigram,1000,5142,-2.3904203176498413,5142,1,42,data/runs_scaling/s1v5_128_frequency_main_fixed
s1v5_128_frequency_main,bigram,1000,1429,-2.2763839960098267,2858,2,42,data/runs_scaling/s1v5_128_frequency_main_fixed
s1v5_128_frequency_main,bigram,1000,1547,1.8897327184677124,6188,4,42,data/runs_scaling/s1v5_128_frequency_main_fixed
s1v5_128_frequency_main,bigram,1000,2724,-3.0884032249450684,2724,1,42,data/runs_scaling/s1v5_128_frequency_main_fixed
s1v5_128_frequency_main,bigram,1000,4369,-1.9544897079467773,4369,1,42,data/runs_scaling/s1v5_128_frequency_main_fixed
s1v5_128_frequency_main,bigram,1000,4779,1.9314680099487305,4779,1,42,data/runs_scaling/s1v5_128_frequency_main_fixed
s1v5_128_frequency_main,bigram,1000,4545,-2.7337257862091064,9090,2,42,data/runs_scaling/s1v5_128_frequency_main_fixed
s1v5_128_frequency_main,bigram,1000,1754,0.8212141990661621,1754,1,42,data/runs_scaling/s1v5_128_frequency_main_fixed
s1v5_128_frequency_main,bigram,1000,5171,-4.797314167022705,5171,1,42,data/runs_scaling/s1v5_128_frequency_main_fixed
s1v5_128_frequency_main,bigram,1000,3782,3.0825533866882324,3782,1,42,data/runs_scaling/s1v5_128_frequency_main_fixed
s1v5_128_frequency_main,bigram,1000,1461,-0.8151904344558716,2922,2,42,data/runs_scaling/s1v5_128_frequency_main_fixed
s1v5_128_frequency_main,bigram,1000,1618,-0.5077071189880371,1618,1,42,data/runs_scaling/s1v5_128_frequency_main_fixed
s1v5_128_frequency_main,bigram,1000,1944,10.952788233757019,1944,1,42,data/runs_scaling/s1v5_128_frequency_main_fixed
s1v5_128_frequency_main,bigram,1000,2499,-0.15089631080627441,2499,1,42,data/runs_scaling/s1v5_128_frequency_main_fixed
s1v5_128_frequency_main,bigram,1000,2467,6.692223966121674,2467,1,42,data/runs_scaling/s1v5_128_frequency_main_fixed
s1v5_128_frequency_main,bigram,1000,1679,3.514247179031372,3358,2,42,data/runs_scaling/s1v5_128_frequency_main_fixed
s1v5_128_frequency_main,bigram,1000,1649,4.9178372621536255,3298,2,42,data/runs_scaling/s1v5_128_frequency_main_fixed
s1v5_128_frequency_main,bigram,1000,3163,3.1086769104003906,3163,1,42,data/runs_scaling/s1v5_128_frequency_main_fixed
s1v5_128_frequency_main,bigram,1000,3125,-1.2105607986450195,3125,1,42,data/runs_scaling/s1v5_128_frequency_main_fixed
s1v5_128_frequency_main,bigram,1000,2016,6.165942668914795,2016,1,42,data/runs_scaling/s1v5_128_frequency_main_fixed
s1v5_128_frequency_main,bigram,1000,3270,-4.186229825019836,3270,1,42,data/runs_scaling/s1v5_128_frequency_main_fixed
s1v5_128_frequency_main,bigram,1000,1404,4.22103625535965,2808,2,42,data/runs_scaling/s1v5_128_frequency_main_fixed
s1v5_128_frequency_main,bigram,1000,5281,-4.8059351444244385,5281,1,42,data/runs_scaling/s1v5_128_frequency_main_fixed
s1v5_128_frequency_main,bigram,1000,1675,4.084205389022827,1675,1,42,data/runs_scaling/s1v5_128_frequency_main_fixed
s1v5_128_frequency_main,bigram,1000,2257,3.301521986722946,2257,1,42,data/runs_scaling/s1v5_128_frequency_main_fixed
s1v5_128_frequency_main,bigram,1000,2861,2.714318484067917,5722,2,42,data/runs_scaling/s1v5_128_frequency_main_fixed
s1v5_128_frequency_main,bigram,1000,2924,2.194752037525177,2924,1,42,data/runs_scaling/s1v5_128_frequency_main_fixed
s1v5_128_frequency_main,bigram,1000,2014,-3.473543167114258,2014,1,42,data/runs_scaling/s1v5_128_frequency_main_fixed
s1v5_128_frequency_main,bigram,1000,3549,-2.065906375646591,3549,1,42,data/runs_scaling/s1v5_128_frequency_main_fixed
s1v5_128_frequency_main,bigram,1000,2311,6.13654301315546,4622,2,42,data/runs_scaling/s1v5_128_frequency_main_fixed
s1v5_128_frequency_main,bigram,1000,2105,-1.3199725151062012,2105,1,42,data/runs_scaling/s1v5_128_frequency_main_fixed
s1v5_128_frequency_main,bigram,1000,2727,5.211286544799805,2727,1,42,data/runs_scaling/s1v5_128_frequency_main_fixed
s1v5_128_frequency_main,bigram,1000,2376,3.3233964443206787,2376,1,42,data/runs_scaling/s1v5_128_frequency_main_fixed
s1v5_128_frequency_main,bigram,1000,2459,7.721787929534912,2459,1,42,data/runs_scaling/s1v5_128_frequency_main_fixed
s1v5_128_frequency_main,bigram,1000,1721,1.799685001373291,6884,4,42,data/runs_scaling/s1v5_128_frequency_main_fixed
s1v5_128_frequency_main,bigram,1000,2251,2.6982209980487823,4502,2,42,data/runs_scaling/s1v5_128_frequency_main_fixed
s1v5_128_frequency_main,bigram,1000,2356,-1.4898087978363037,2356,1,42,data/runs_scaling/s1v5_128_frequency_main_fixed
s1v5_128_frequency_main,bigram,1000,2638,0.9581489562988281,2638,1,42,data/runs_scaling/s1v5_128_frequency_main_fixed
s1v5_128_frequency_main,bigram,1000,8972,7.0434247851371765,8972,1,42,data/runs_scaling/s1v5_128_frequency_main_fixed
s1v5_128_frequency_main,bigram,1000,1756,0.07436759769916534,1756,1,42,data/runs_scaling/s1v5_128_frequency_main_fixed
s1v5_128_frequency_main,bigram,1000,4315,1.9876364469528198,4315,1,42,data/runs_scaling/s1v5_128_frequency_main_fixed
s1v5_128_frequency_main,bigram,1000,2332,5.568528890609741,2332,1,42,data/runs_scaling/s1v5_128_frequency_main_fixed
s1v5_128_frequency_main,bigram,1000,1569,1.1377341747283936,1569,1,42,data/runs_scaling/s1v5_128_frequency_main_fixed
s1v5_128_frequency_main,bigram,1000,1238,7.626312673091888,2476,2,42,data/runs_scaling/s1v5_128_frequency_main_fixed
s1v5_128_frequency_main,bigram,1000,1521,3.7125989198684692,3042,2,42,data/runs_scaling/s1v5_128_frequency_main_fixed
s1v5_128_frequency_main,bigram,1000,2352,0.4480457305908203,2352,1,42,data/runs_scaling/s1v5_128_frequency_main_fixed
s1v5_128_frequency_main,bigram,1000,1201,-0.11073780059814453,1201,1,42,data/runs_scaling/s1v5_128_frequency_main_fixed
s1v5_128_frequency_main,bigram,1000,1915,-0.23428326845169067,1915,1,42,data/runs_scaling/s1v5_128_frequency_main_fixed
s1v5_128_frequency_main,bigram,1000,2222,-1.0672897398471832,4444,2,42,data/runs_scaling/s1v5_128_frequency_main_fixed
s1v5_128_frequency_main,bigram,1000,7307,2.593867063522339,7307,1,42,data/runs_scaling/s1v5_128_frequency_main_fixed
s1v5_128_frequency_main,bigram,1000,7119,0.8370695114135742,7119,1,42,data/runs_scaling/s1v5_128_frequency_main_fixed
s1v5_128_frequency_main,bigram,1000,21067,1.2744932174682617,21067,1,42,data/runs_scaling/s1v5_128_frequency_main_fixed
s1v5_128_frequency_main,bigram,1000,1307,7.106976747512817,1307,1,42,data/runs_scaling/s1v5_128_frequency_main_fixed
s1v5_128_frequency_main,bigram,1000,1817,-0.9462764263153076,3634,2,42,data/runs_scaling/s1v5_128_frequency_main_fixed
s1v5_128_frequency_main,bigram,1000,1761,4.436525413766503,3522,2,42,data/runs_scaling/s1v5_128_frequency_main_fixed
s1v5_128_frequency_main,bigram,1000,972,2.2746170361836753,2916,3,42,data/runs_scaling/s1v5_128_frequency_main_fixed
s1v5_128_frequency_main,bigram,1000,1163,1.3130575567483902,2326,2,42,data/runs_scaling/s1v5_128_frequency_main_fixed
s1v5_128_frequency_main,bigram,1000,1263,0.42949603001276654,3789,3,42,data/runs_scaling/s1v5_128_frequency_main_fixed
s1v5_128_frequency_main,bigram,1000,1338,-3.7439208030700684,2676,2,42,data/runs_scaling/s1v5_128_frequency_main_fixed
s1v5_128_frequency_main,bigram,1000,1175,0.07405449612997472,1175,1,42,data/runs_scaling/s1v5_128_frequency_main_fixed
s1v5_128_frequency_main,bigram,1000,1002,1.166995604832967,3006,3,42,data/runs_scaling/s1v5_128_frequency_main_fixed
s1v5_128_frequency_main,bigram,1000,3690,3.398369789123535,7380,2,42,data/runs_scaling/s1v5_128_frequency_main_fixed
s1v5_128_frequency_main,bigram,1000,33695,1.936652660369873,33695,1,42,data/runs_scaling/s1v5_128_frequency_main_fixed
s1v5_128_frequency_main,bigram,1000,5054,-2.6932759284973145,5054,1,42,data/runs_scaling/s1v5_128_frequency_main_fixed
s1v5_128_frequency_main,bigram,1000,4909,-0.28124427795410156,4909,1,42,data/runs_scaling/s1v5_128_frequency_main_fixed
s1v5_128_frequency_main,bigram,1000,29881,2.54056578874588,29881,1,42,data/runs_scaling/s1v5_128_frequency_main_fixed
s1v5_128_frequency_main,bigram,1000,2963,1.1038975715637207,2963,1,42,data/runs_scaling/s1v5_128_frequency_main_fixed
s1v5_128_frequency_main,bigram,1000,1010,-0.5511663965880871,4040,4,42,data/runs_scaling/s1v5_128_frequency_main_fixed
s1v5_128_frequency_main,bigram,1000,1200,-3.879019856452942,1200,1,42,data/runs_scaling/s1v5_128_frequency_main_fixed
s1v5_128_frequency_main,bigram,1000,3790,-0.1073685884475708,3790,1,42,data/runs_scaling/s1v5_128_frequency_main_fixed
s1v5_128_frequency_main,bigram,1000,5513,5.423022270202637,5513,1,42,data/runs_scaling/s1v5_128_frequency_main_fixed
s1v5_128_frequency_main,bigram,1000,1563,1.1502869129180908,1563,1,42,data/runs_scaling/s1v5_128_frequency_main_fixed
s1v5_128_frequency_main,bigram,1000,6088,6.9326726496219635,6088,1,42,data/runs_scaling/s1v5_128_frequency_main_fixed
s1v5_128_frequency_main,bigram,1000,3119,2.158799469470978,3119,1,42,data/runs_scaling/s1v5_128_frequency_main_fixed
s1v5_128_frequency_main,bigram,1000,1598,1.985152006149292,1598,1,42,data/runs_scaling/s1v5_128_frequency_main_fixed
s1v5_128_frequency_main,bigram,1000,1183,2.10217547416687,2366,2,42,data/runs_scaling/s1v5_128_frequency_main_fixed
s1v5_128_frequency_main,bigram,1000,5681,0.3015899658203125,5681,1,42,data/runs_scaling/s1v5_128_frequency_main_fixed
s1v5_128_frequency_main,bigram,1000,2173,-3.4643185138702393,2173,1,42,data/runs_scaling/s1v5_128_frequency_main_fixed
s1v5_128_frequency_main,bigram,1000,1362,7.0300517082214355,1362,1,42,data/runs_scaling/s1v5_128_frequency_main_fixed
s1v5_128_frequency_main,bigram,1000,8609,4.254158973693848,8609,1,42,data/runs_scaling/s1v5_128_frequency_main_fixed
s1v5_128_frequency_main,bigram,1000,1123,0.5747410804033279,2246,2,42,data/runs_scaling/s1v5_128_frequency_main_fixed
s1v5_128_frequency_main,bigram,1000,1977,0.8303029537200928,1977,1,42,data/runs_scaling/s1v5_128_frequency_main_fixed
s1v5_128_frequency_main,bigram,1000,2115,0.7269353866577148,2115,1,42,data/runs_scaling/s1v5_128_frequency_main_fixed
s1v5_128_frequency_main,bigram,1000,2840,-2.469478964805603,2840,1,42,data/runs_scaling/s1v5_128_frequency_main_fixed
s1v5_128_frequency_main,bigram,1000,1304,0.645709753036499,1304,1,42,data/runs_scaling/s1v5_128_frequency_main_fixed
s1v5_128_frequency_main,bigram,1000,2864,2.8959527015686035,2864,1,42,data/runs_scaling/s1v5_128_frequency_main_fixed
s1v5_128_frequency_main,bigram,1000,3356,0.8191499710083008,3356,1,42,data/runs_scaling/s1v5_128_frequency_main_fixed
s1v5_128_frequency_main,bigram,1000,1119,-0.20713011423746744,3357,3,42,data/runs_scaling/s1v5_128_frequency_main_fixed
s1v5_128_frequency_main,bigram,1000,4011,4.231782674789429,4011,1,42,data/runs_scaling/s1v5_128_frequency_main_fixed
s1v5_128_frequency_main,bigram,1000,997,1.0501562555631,2991,3,42,data/runs_scaling/s1v5_128_frequency_main_fixed
s1v5_128_frequency_main,bigram,1000,3174,1.111234426498413,3174,1,42,data/runs_scaling/s1v5_128_frequency_main_fixed
s1v5_128_frequency_main,bigram,1000,3593,3.940368890762329,3593,1,42,data/runs_scaling/s1v5_128_frequency_main_fixed
s1v5_128_frequency_main,bigram,1000,3228,2.109497547149658,3228,1,42,data/runs_scaling/s1v5_128_frequency_main_fixed
s1v5_128_frequency_main,bigram,1000,2596,-1.3969550132751465,2596,1,42,data/runs_scaling/s1v5_128_frequency_main_fixed
s1v5_128_frequency_main,bigram,1000,6133,1.0513510704040527,6133,1,42,data/runs_scaling/s1v5_128_frequency_main_fixed
s1v5_128_frequency_main,bigram,1000,1347,3.3389666080474854,1347,1,42,data/runs_scaling/s1v5_128_frequency_main_fixed
s1v5_128_frequency_main,bigram,1000,17653,3.4792110919952393,17653,1,42,data/runs_scaling/s1v5_128_frequency_main_fixed
s1v5_128_frequency_main,bigram,1000,1785,0.8267965316772461,3570,2,42,data/runs_scaling/s1v5_128_frequency_main_fixed
s1v5_128_frequency_main,bigram,1000,4087,8.365094423294067,4087,1,42,data/runs_scaling/s1v5_128_frequency_main_fixed
s1v5_128_frequency_main,bigram,1000,7058,3.989982485771179,7058,1,42,data/runs_scaling/s1v5_128_frequency_main_fixed
s1v5_128_frequency_main,bigram,1000,1697,4.33738711476326,6788,4,42,data/runs_scaling/s1v5_128_frequency_main_fixed
s1v5_128_frequency_main,bigram,1000,1916,3.433744192123413,1916,1,42,data/runs_scaling/s1v5_128_frequency_main_fixed
s1v5_128_frequency_main,bigram,1000,2313,1.2972030639648438,2313,1,42,data/runs_scaling/s1v5_128_frequency_main_fixed
s1v5_128_frequency_main,bigram,1000,1571,4.784153461456299,1571,1,42,data/runs_scaling/s1v5_128_frequency_main_fixed
s1v5_128_frequency_main,bigram,1000,10726,0.09832143783569336,10726,1,42,data/runs_scaling/s1v5_128_frequency_main_fixed
s1v5_128_frequency_main,bigram,1000,1243,0.5398972034454346,1243,1,42,data/runs_scaling/s1v5_128_frequency_main_fixed
s1v5_128_frequency_main,bigram,1000,2779,-0.11632883548736572,2779,1,42,data/runs_scaling/s1v5_128_frequency_main_fixed
s1v5_128_frequency_main,bigram,1000,3092,-2.1040725708007812,3092,1,42,data/runs_scaling/s1v5_128_frequency_main_fixed
s1v5_128_frequency_main,bigram,1000,10504,-1.0712571144104004,10504,1,42,data/runs_scaling/s1v5_128_frequency_main_fixed
s1v5_128_frequency_main,bigram,1000,6506,1.498482584953308,6506,1,42,data/runs_scaling/s1v5_128_frequency_main_fixed
s1v5_128_frequency_main,bigram,1000,1896,2.089266300201416,1896,1,42,data/runs_scaling/s1v5_128_frequency_main_fixed
s1v5_128_frequency_main,bigram,1000,3176,0.13674497604370117,3176,1,42,data/runs_scaling/s1v5_128_frequency_main_fixed
s1v5_128_frequency_main,bigram,1000,3539,7.395834565162659,3539,1,42,data/runs_scaling/s1v5_128_frequency_main_fixed
s1v5_128_frequency_main,bigram,1000,8069,1.4347931146621704,8069,1,42,data/runs_scaling/s1v5_128_frequency_main_fixed
s1v5_128_frequency_main,bigram,1000,1508,8.286054849624634,1508,1,42,data/runs_scaling/s1v5_128_frequency_main_fixed
s1v5_128_frequency_main,bigram,1000,3637,6.185286283493042,3637,1,42,data/runs_scaling/s1v5_128_frequency_main_fixed
s1v5_128_frequency_main,bigram,1000,11541,1.1407785415649414,11541,1,42,data/runs_scaling/s1v5_128_frequency_main_fixed
s1v5_128_frequency_main,bigram,1000,1823,0.24069448312123617,5469,3,42,data/runs_scaling/s1v5_128_frequency_main_fixed
s1v5_128_frequency_main,bigram,1000,12420,-3.320502281188965,12420,1,42,data/runs_scaling/s1v5_128_frequency_main_fixed
s1v5_128_frequency_main,bigram,1000,2088,1.3251647353172302,4176,2,42,data/runs_scaling/s1v5_128_frequency_main_fixed
s1v5_128_frequency_main,bigram,1000,1431,-10.161869645118713,1431,1,42,data/runs_scaling/s1v5_128_frequency_main_fixed
s1v5_128_frequency_main,bigram,1000,1723,0.526221513748169,1723,1,42,data/runs_scaling/s1v5_128_frequency_main_fixed
s1v5_128_frequency_main,bigram,1000,1830,-3.544252077738444,5490,3,42,data/runs_scaling/s1v5_128_frequency_main_fixed
s1v5_128_frequency_main,bigram,1000,2519,0.1647930145263672,2519,1,42,data/runs_scaling/s1v5_128_frequency_main_fixed
s1v5_128_frequency_main,bigram,1000,11096,-0.9565029144287109,11096,1,42,data/runs_scaling/s1v5_128_frequency_main_fixed
s1v5_128_frequency_main,bigram,1000,1755,-1.9903604984283447,1755,1,42,data/runs_scaling/s1v5_128_frequency_main_fixed
s1v5_128_frequency_main,bigram,1000,1129,-0.4872570037841797,1129,1,42,data/runs_scaling/s1v5_128_frequency_main_fixed
s1v5_128_frequency_main,bigram,1000,1651,-2.0890631675720215,3302,2,42,data/runs_scaling/s1v5_128_frequency_main_fixed
s1v5_128_frequency_main,bigram,1000,6389,-1.8434295654296875,6389,1,42,data/runs_scaling/s1v5_128_frequency_main_fixed
s1v5_128_frequency_main,bigram,1000,3979,0.19968942739069462,3979,1,42,data/runs_scaling/s1v5_128_frequency_main_fixed
s1v5_128_frequency_main,bigram,1000,6780,0.9417927265167236,6780,1,42,data/runs_scaling/s1v5_128_frequency_main_fixed
s1v5_128_frequency_main,bigram,1000,2149,2.9552011489868164,2149,1,42,data/runs_scaling/s1v5_128_frequency_main_fixed
s1v5_128_frequency_main,bigram,1000,1035,5.626332879066467,2070,2,42,data/runs_scaling/s1v5_128_frequency_main_fixed
s1v5_128_frequency_main,bigram,1000,1393,2.546033263206482,2786,2,42,data/runs_scaling/s1v5_128_frequency_main_fixed
s1v5_128_frequency_main,bigram,1000,1202,1.629995584487915,1202,1,42,data/runs_scaling/s1v5_128_frequency_main_fixed
s1v5_128_frequency_main,bigram,1000,4481,5.259677886962891,4481,1,42,data/runs_scaling/s1v5_128_frequency_main_fixed
s1v5_128_frequency_main,bigram,1000,1798,-3.3546741008758545,3596,2,42,data/runs_scaling/s1v5_128_frequency_main_fixed
s1v5_128_frequency_main,bigram,1000,3584,3.185225486755371,3584,1,42,data/runs_scaling/s1v5_128_frequency_main_fixed
s1v5_128_frequency_main,bigram,1000,3017,-4.5334988832473755,3017,1,42,data/runs_scaling/s1v5_128_frequency_main_fixed
s1v5_128_frequency_main,bigram,1000,1286,3.8699885234236717,5144,4,42,data/runs_scaling/s1v5_128_frequency_main_fixed
s1v5_128_frequency_main,bigram,1000,15829,1.1516077518463135,15829,1,42,data/runs_scaling/s1v5_128_frequency_main_fixed
s1v5_128_frequency_main,bigram,1000,3634,1.9742382764816284,3634,1,42,data/runs_scaling/s1v5_128_frequency_main_fixed
s1v5_128_frequency_main,bigram,1000,1322,0.04460559133440256,2644,2,42,data/runs_scaling/s1v5_128_frequency_main_fixed
s1v5_128_frequency_main,bigram,1000,4947,1.7011682987213135,4947,1,42,data/runs_scaling/s1v5_128_frequency_main_fixed
s1v5_128_frequency_main,bigram,1000,7421,-1.0096449851989746,7421,1,42,data/runs_scaling/s1v5_128_frequency_main_fixed
s1v5_128_frequency_main,bigram,1000,2256,10.867431163787842,2256,1,42,data/runs_scaling/s1v5_128_frequency_main_fixed
s1v5_128_frequency_main,bigram,1000,8566,1.8315114378929138,8566,1,42,data/runs_scaling/s1v5_128_frequency_main_fixed
s1v5_128_frequency_main,bigram,1000,1739,2.4992785453796387,1739,1,42,data/runs_scaling/s1v5_128_frequency_main_fixed
s1v5_128_frequency_main,bigram,1000,1662,0.10034704208374023,1662,1,42,data/runs_scaling/s1v5_128_frequency_main_fixed
s1v5_128_frequency_main,bigram,1000,1306,11.795188426971436,1306,1,42,data/runs_scaling/s1v5_128_frequency_main_fixed
s1v5_128_frequency_main,bigram,1000,3076,-0.8341387510299683,3076,1,42,data/runs_scaling/s1v5_128_frequency_main_fixed
s1v5_128_frequency_main,bigram,1000,4838,-0.24572885036468506,4838,1,42,data/runs_scaling/s1v5_128_frequency_main_fixed
s1v5_128_frequency_main,bigram,1000,1309,-1.0248915354410808,3927,3,42,data/runs_scaling/s1v5_128_frequency_main_fixed
s1v5_128_frequency_main,bigram,1000,2659,-0.8394027501344681,7977,3,42,data/runs_scaling/s1v5_128_frequency_main_fixed
s1v5_128_frequency_main,bigram,1000,1283,0.24220800399780273,3849,3,42,data/runs_scaling/s1v5_128_frequency_main_fixed
s1v5_128_frequency_main,bigram,1000,1974,1.5596362352371216,1974,1,42,data/runs_scaling/s1v5_128_frequency_main_fixed
s1v5_128_frequency_main,bigram,1000,1612,3.7951974868774414,1612,1,42,data/runs_scaling/s1v5_128_frequency_main_fixed
s1v5_128_frequency_main,bigram,1000,4591,-1.8960847854614258,4591,1,42,data/runs_scaling/s1v5_128_frequency_main_fixed
s1v5_128_frequency_main,bigram,1000,1968,-9.480698347091675,1968,1,42,data/runs_scaling/s1v5_128_frequency_main_fixed
s1v5_128_frequency_main,bigram,1000,3210,-0.5667673349380493,3210,1,42,data/runs_scaling/s1v5_128_frequency_main_fixed
s1v5_128_frequency_main,bigram,1000,3482,-0.5225563049316406,3482,1,42,data/runs_scaling/s1v5_128_frequency_main_fixed
s1v5_128_frequency_main,bigram,1000,1137,7.684943184256554,3411,3,42,data/runs_scaling/s1v5_128_frequency_main_fixed
s1v5_128_frequency_main,bigram,1000,4879,-1.103541374206543,4879,1,42,data/runs_scaling/s1v5_128_frequency_main_fixed
s1v5_128_frequency_main,bigram,1000,1216,1.2986473739147186,4864,4,42,data/runs_scaling/s1v5_128_frequency_main_fixed
s1v5_128_frequency_main,bigram,1000,2987,0.9026616364717484,5974,2,42,data/runs_scaling/s1v5_128_frequency_main_fixed
s1v5_128_frequency_main,bigram,1000,1279,1.6900928020477295,3837,3,42,data/runs_scaling/s1v5_128_frequency_main_fixed
s1v5_128_frequency_main,bigram,1000,1672,2.536779507994652,3344,2,42,data/runs_scaling/s1v5_128_frequency_main_fixed
s1v5_128_frequency_main,bigram,1000,2133,1.6390764713287354,4266,2,42,data/runs_scaling/s1v5_128_frequency_main_fixed
s1v5_128_frequency_main,bigram,1000,2586,4.2941164672374725,7758,3,42,data/runs_scaling/s1v5_128_frequency_main_fixed
s1v5_128_frequency_main,bigram,1000,2230,1.6996122598648071,2230,1,42,data/runs_scaling/s1v5_128_frequency_main_fixed
s1v5_128_frequency_main,bigram,1000,1331,-0.27619580551981926,1331,1,42,data/runs_scaling/s1v5_128_frequency_main_fixed
s1v5_128_frequency_main,bigram,1000,1413,6.191708892583847,1413,1,42,data/runs_scaling/s1v5_128_frequency_main_fixed
s1v5_128_frequency_main,bigram,1000,1437,4.352247104048729,2874,2,42,data/runs_scaling/s1v5_128_frequency_main_fixed
s1v5_128_frequency_main,bigram,1000,1512,-1.2686676979064941,1512,1,42,data/runs_scaling/s1v5_128_frequency_main_fixed
s1v5_128_frequency_main,bigram,1000,2122,3.6327232718467712,4244,2,42,data/runs_scaling/s1v5_128_frequency_main_fixed
s1v5_128_frequency_main,bigram,1000,3009,1.685336947441101,3009,1,42,data/runs_scaling/s1v5_128_frequency_main_fixed
s1v5_128_frequency_main,bigram,1000,1475,-2.3058850492040315,4425,3,42,data/runs_scaling/s1v5_128_frequency_main_fixed
s1v5_128_frequency_main,bigram,1000,2366,4.722728759050369,2366,1,42,data/runs_scaling/s1v5_128_frequency_main_fixed
s1v5_128_frequency_main,bigram,1000,1544,-5.028748637996614,1544,1,42,data/runs_scaling/s1v5_128_frequency_main_fixed
s1v5_128_frequency_main,bigram,1000,1396,3.1403494154413543,4188,3,42,data/runs_scaling/s1v5_128_frequency_main_fixed
s1v5_128_frequency_main,bigram,1000,4572,6.697138786315918,4572,1,42,data/runs_scaling/s1v5_128_frequency_main_fixed
s1v5_128_frequency_main,bigram,1000,4983,2.6398887634277344,4983,1,42,data/runs_scaling/s1v5_128_frequency_main_fixed
s1v5_128_frequency_main,bigram,1000,2305,-1.1750086843967438,4610,2,42,data/runs_scaling/s1v5_128_frequency_main_fixed
s1v5_128_frequency_main,bigram,1000,1933,-0.33693432807922363,1933,1,42,data/runs_scaling/s1v5_128_frequency_main_fixed
s1v5_128_frequency_main,bigram,1000,4899,4.061748504638672,4899,1,42,data/runs_scaling/s1v5_128_frequency_main_fixed
s1v5_128_frequency_main,bigram,1000,3019,2.925924636423588,6038,2,42,data/runs_scaling/s1v5_128_frequency_main_fixed
s1v5_128_frequency_main,bigram,1000,1259,3.9854778051376343,1259,1,42,data/runs_scaling/s1v5_128_frequency_main_fixed
s1v5_128_frequency_main,bigram,1000,2328,0.04828501492738724,2328,1,42,data/runs_scaling/s1v5_128_frequency_main_fixed
s1v5_128_frequency_main,bigram,1000,1575,0.4334261417388916,3150,2,42,data/runs_scaling/s1v5_128_frequency_main_fixed
s1v5_128_frequency_main,bigram,1000,2851,-0.011008411645889282,2851,1,42,data/runs_scaling/s1v5_128_frequency_main_fixed
s1v5_128_frequency_main,bigram,1000,1050,2.7396162984271846,3150,3,42,data/runs_scaling/s1v5_128_frequency_main_fixed
s1v5_128_frequency_main,bigram,1000,1734,2.390137195587158,1734,1,42,data/runs_scaling/s1v5_128_frequency_main_fixed
s1v5_128_frequency_main,bigram,1000,2395,1.572809785604477,4790,2,42,data/runs_scaling/s1v5_128_frequency_main_fixed
s1v5_128_frequency_main,bigram,1000,2778,-0.4837226867675781,2778,1,42,data/runs_scaling/s1v5_128_frequency_main_fixed
s1v5_128_frequency_main,bigram,1000,2949,-3.0899405479431152,2949,1,42,data/runs_scaling/s1v5_128_frequency_main_fixed
s1v5_128_frequency_main,bigram,1000,1406,4.221398234367371,1406,1,42,data/runs_scaling/s1v5_128_frequency_main_fixed
s1v5_128_frequency_main,bigram,1000,8256,5.1631083488464355,8256,1,42,data/runs_scaling/s1v5_128_frequency_main_fixed
s1v5_128_frequency_main,bigram,1000,1291,1.8410318692525227,3873,3,42,data/runs_scaling/s1v5_128_frequency_main_fixed
s1v5_128_frequency_main,bigram,1000,3477,8.446531295776367,3477,1,42,data/runs_scaling/s1v5_128_frequency_main_fixed
s1v5_128_frequency_main,bigram,1000,4903,4.963977932929993,4903,1,42,data/runs_scaling/s1v5_128_frequency_main_fixed
s1v5_128_frequency_main,bigram,1000,5031,4.316941559314728,5031,1,42,data/runs_scaling/s1v5_128_frequency_main_fixed
s1v5_128_frequency_main,bigram,1000,2615,-0.25562310218811035,5230,2,42,data/runs_scaling/s1v5_128_frequency_main_fixed
s1v5_128_frequency_main,bigram,1000,5427,-1.4022789001464844,5427,1,42,data/runs_scaling/s1v5_128_frequency_main_fixed
s1v5_128_frequency_main,bigram,1000,1911,-2.273235321044922,1911,1,42,data/runs_scaling/s1v5_128_frequency_main_fixed
s1v5_128_frequency_main,bigram,1000,1315,-1.9670452773571014,2630,2,42,data/runs_scaling/s1v5_128_frequency_main_fixed
s1v5_128_frequency_main,bigram,1000,5092,0.23952770233154297,5092,1,42,data/runs_scaling/s1v5_128_frequency_main_fixed
s1v5_128_frequency_main,bigram,1000,22870,6.426382124423981,22870,1,42,data/runs_scaling/s1v5_128_frequency_main_fixed
s1v5_128_frequency_main,bigram,1000,4070,0.6322369575500488,4070,1,42,data/runs_scaling/s1v5_128_frequency_main_fixed
s1v5_128_frequency_main,bigram,1000,3787,4.212464809417725,3787,1,42,data/runs_scaling/s1v5_128_frequency_main_fixed
s1v5_128_frequency_main,bigram,1000,1371,-0.2978935241699219,4113,3,42,data/runs_scaling/s1v5_128_frequency_main_fixed
s1v5_128_frequency_main,bigram,1000,1783,3.6217145919799805,1783,1,42,data/runs_scaling/s1v5_128_frequency_main_fixed
s1v5_128_frequency_main,bigram,1000,7975,2.434995174407959,7975,1,42,data/runs_scaling/s1v5_128_frequency_main_fixed
s1v5_128_frequency_main,bigram,1000,5875,2.8944454193115234,5875,1,42,data/runs_scaling/s1v5_128_frequency_main_fixed
s1v5_128_frequency_main,bigram,1000,1374,-0.3901427686214447,5496,4,42,data/runs_scaling/s1v5_128_frequency_main_fixed
s1v5_128_frequency_main,bigram,1000,4646,0.006392002105712891,4646,1,42,data/runs_scaling/s1v5_128_frequency_main_fixed
s1v5_128_frequency_main,bigram,1000,4343,-1.8685877323150635,4343,1,42,data/runs_scaling/s1v5_128_frequency_main_fixed
s1v5_128_frequency_main,bigram,1000,4351,8.551221959292889,4351,1,42,data/runs_scaling/s1v5_128_frequency_main_fixed
s1v5_128_frequency_main,bigram,1000,4055,-0.8703999519348145,4055,1,42,data/runs_scaling/s1v5_128_frequency_main_fixed
s1v5_128_frequency_main,bigram,1000,1487,2.0688393115997314,2974,2,42,data/runs_scaling/s1v5_128_frequency_main_fixed
s1v5_128_frequency_main,bigram,1000,2478,9.160953044891357,2478,1,42,data/runs_scaling/s1v5_128_frequency_main_fixed
s1v5_128_frequency_main,bigram,1000,3220,-2.1211137771606445,3220,1,42,data/runs_scaling/s1v5_128_frequency_main_fixed
s1v5_128_frequency_main,bigram,1000,2541,7.020215272903442,2541,1,42,data/runs_scaling/s1v5_128_frequency_main_fixed
s1v5_128_frequency_main,bigram,1000,2477,2.044843316078186,2477,1,42,data/runs_scaling/s1v5_128_frequency_main_fixed
s1v5_128_frequency_main,bigram,1000,1549,0.02718067169189453,1549,1,42,data/runs_scaling/s1v5_128_frequency_main_fixed
s1v5_128_frequency_main,bigram,1000,1308,2.011754035949707,1308,1,42,data/runs_scaling/s1v5_128_frequency_main_fixed
s1v5_128_frequency_main,bigram,1000,1949,0.37486541271209717,1949,1,42,data/runs_scaling/s1v5_128_frequency_main_fixed
s1v5_128_frequency_main,bigram,1000,1706,-2.8603785037994385,1706,1,42,data/runs_scaling/s1v5_128_frequency_main_fixed
s1v5_128_frequency_main,bigram,1000,1428,4.2698090473810835,4284,3,42,data/runs_scaling/s1v5_128_frequency_main_fixed
s1v5_128_frequency_main,bigram,1000,1206,0.31186697135368985,3618,3,42,data/runs_scaling/s1v5_128_frequency_main_fixed
s1v5_128_frequency_main,bigram,1000,2303,4.382156074047089,2303,1,42,data/runs_scaling/s1v5_128_frequency_main_fixed
s1v5_128_frequency_main,bigram,1000,1866,7.094287839718163,1866,1,42,data/runs_scaling/s1v5_128_frequency_main_fixed
s1v5_128_frequency_main,bigram,1000,1226,4.3853554129600525,4904,4,42,data/runs_scaling/s1v5_128_frequency_main_fixed
s1v5_128_frequency_main,bigram,1000,7298,6.286871075630188,7298,1,42,data/runs_scaling/s1v5_128_frequency_main_fixed
s1v5_128_frequency_main,bigram,1000,5619,2.8828506469726562,5619,1,42,data/runs_scaling/s1v5_128_frequency_main_fixed
s1v5_128_frequency_main,bigram,1000,5669,-3.5495920181274414,5669,1,42,data/runs_scaling/s1v5_128_frequency_main_fixed
s1v5_128_frequency_main,bigram,1000,1958,-2.0109938383102417,1958,1,42,data/runs_scaling/s1v5_128_frequency_main_fixed
s1v5_128_frequency_main,bigram,1000,2118,2.3222713470458984,2118,1,42,data/runs_scaling/s1v5_128_frequency_main_fixed
s1v5_128_frequency_main,bigram,1000,2111,8.11266678571701,2111,1,42,data/runs_scaling/s1v5_128_frequency_main_fixed
s1v5_128_frequency_main,bigram,1000,2158,6.90967008844018,4316,2,42,data/runs_scaling/s1v5_128_frequency_main_fixed
s1v5_128_frequency_main,bigram,1000,1114,0.5542914072672526,3342,3,42,data/runs_scaling/s1v5_128_frequency_main_fixed
s1v5_128_frequency_main,bigram,1000,13611,-0.4936661720275879,13611,1,42,data/runs_scaling/s1v5_128_frequency_main_fixed
s1v5_128_frequency_main,bigram,1000,4079,2.9759860038757324,4079,1,42,data/runs_scaling/s1v5_128_frequency_main_fixed
s1v5_128_frequency_main,bigram,1000,4584,0.5553004741668701,4584,1,42,data/runs_scaling/s1v5_128_frequency_main_fixed
s1v5_128_frequency_main,bigram,1000,2812,-0.012791633605957031,2812,1,42,data/runs_scaling/s1v5_128_frequency_main_fixed
s1v5_128_frequency_main,bigram,1000,3529,4.722303867340088,3529,1,42,data/runs_scaling/s1v5_128_frequency_main_fixed
s1v5_128_frequency_main,bigram,1000,1070,2.5743622183799744,3210,3,42,data/runs_scaling/s1v5_128_frequency_main_fixed
s1v5_128_frequency_main,bigram,1000,1764,-3.6111817113123834,3528,2,42,data/runs_scaling/s1v5_128_frequency_main_fixed
s1v5_128_frequency_main,bigram,1000,1809,3.2734211683273315,3618,2,42,data/runs_scaling/s1v5_128_frequency_main_fixed
s1v5_128_frequency_main,bigram,1000,12597,0.6637043952941895,12597,1,42,data/runs_scaling/s1v5_128_frequency_main_fixed
s1v5_128_frequency_main,bigram,1000,1960,4.839709758758545,1960,1,42,data/runs_scaling/s1v5_128_frequency_main_fixed
s1v5_128_frequency_main,bigram,1000,1126,-5.425116062164307,1126,1,42,data/runs_scaling/s1v5_128_frequency_main_fixed
s1v5_128_frequency_main,bigram,1000,1937,-0.4130244255065918,1937,1,42,data/runs_scaling/s1v5_128_frequency_main_fixed
s1v5_128_frequency_main,bigram,1000,1277,3.2525582313537598,1277,1,42,data/runs_scaling/s1v5_128_frequency_main_fixed
s1v5_128_frequency_main,bigram,1000,18692,1.0724058151245117,18692,1,42,data/runs_scaling/s1v5_128_frequency_main_fixed
s1v5_128_frequency_main,bigram,1000,1121,3.9838082790374756,3363,3,42,data/runs_scaling/s1v5_128_frequency_main_fixed
s1v5_128_frequency_main,bigram,1000,1203,4.658684015274048,1203,1,42,data/runs_scaling/s1v5_128_frequency_main_fixed
s1v5_128_frequency_main,bigram,1000,3267,2.53043270111084,3267,1,42,data/runs_scaling/s1v5_128_frequency_main_fixed
s1v5_128_frequency_main,bigram,1000,2742,-0.26092004776000977,5484,2,42,data/runs_scaling/s1v5_128_frequency_main_fixed
s1v5_128_frequency_main,bigram,1000,2604,6.909406542778015,5208,2,42,data/runs_scaling/s1v5_128_frequency_main_fixed
s1v5_128_frequency_main,bigram,1000,2427,12.61242538690567,2427,1,42,data/runs_scaling/s1v5_128_frequency_main_fixed
s1v5_128_frequency_main,bigram,1000,1389,-2.178405523300171,1389,1,42,data/runs_scaling/s1v5_128_frequency_main_fixed
s1v5_128_frequency_main,bigram,1000,2215,2.05015105009079,2215,1,42,data/runs_scaling/s1v5_128_frequency_main_fixed
s1v5_128_frequency_main,bigram,1000,6614,8.014131307601929,6614,1,42,data/runs_scaling/s1v5_128_frequency_main_fixed
s1v5_128_frequency_main,bigram,1000,5109,8.576530247926712,5109,1,42,data/runs_scaling/s1v5_128_frequency_main_fixed
s1v5_128_frequency_main,bigram,1000,1340,-1.0810339376330376,2680,2,42,data/runs_scaling/s1v5_128_frequency_main_fixed
s1v5_128_frequency_main,bigram,1000,4587,-0.36437129974365234,4587,1,42,data/runs_scaling/s1v5_128_frequency_main_fixed
s1v5_128_frequency_main,bigram,1000,2121,1.363345518708229,4242,2,42,data/runs_scaling/s1v5_128_frequency_main_fixed
s1v5_128_frequency_main,bigram,1000,1041,3.2832037806510925,2082,2,42,data/runs_scaling/s1v5_128_frequency_main_fixed
s1v5_128_frequency_main,bigram,1000,1902,1.5161789655685425,5706,3,42,data/runs_scaling/s1v5_128_frequency_main_fixed
s1v5_128_frequency_main,bigram,1000,10012,7.544652819633484,10012,1,42,data/runs_scaling/s1v5_128_frequency_main_fixed
s1v5_128_frequency_main,bigram,1000,7145,3.7285029888153076,7145,1,42,data/runs_scaling/s1v5_128_frequency_main_fixed
s1v5_128_frequency_main,bigram,1000,8233,7.715669274330139,8233,1,42,data/runs_scaling/s1v5_128_frequency_main_fixed
s1v5_128_frequency_main,bigram,1000,3408,-0.2874636650085449,3408,1,42,data/runs_scaling/s1v5_128_frequency_main_fixed
s1v5_128_frequency_main,bigram,1000,3893,3.0902925729751587,3893,1,42,data/runs_scaling/s1v5_128_frequency_main_fixed
s1v5_128_frequency_main,bigram,1000,4164,7.68542218208313,4164,1,42,data/runs_scaling/s1v5_128_frequency_main_fixed
s1v5_128_frequency_main,bigram,1000,3352,0.9648807048797607,6704,2,42,data/runs_scaling/s1v5_128_frequency_main_fixed
s1v5_128_frequency_main,bigram,1000,4253,2.464524030685425,4253,1,42,data/runs_scaling/s1v5_128_frequency_main_fixed
s1v5_128_frequency_main,bigram,1000,4208,9.243343830108643,4208,1,42,data/runs_scaling/s1v5_128_frequency_main_fixed
s1v5_128_frequency_main,bigram,1000,2955,6.7397573590278625,2955,1,42,data/runs_scaling/s1v5_128_frequency_main_fixed
s1v5_128_frequency_main,bigram,1000,3166,7.666229724884033,3166,1,42,data/runs_scaling/s1v5_128_frequency_main_fixed
s1v5_128_frequency_main,bigram,1000,5153,-2.7964601516723633,5153,1,42,data/runs_scaling/s1v5_128_frequency_main_fixed
s1v5_128_frequency_main,bigram,1000,2393,0.24535655975341797,2393,1,42,data/runs_scaling/s1v5_128_frequency_main_fixed
s1v5_128_frequency_main,bigram,1000,3068,2.130366563796997,3068,1,42,data/runs_scaling/s1v5_128_frequency_main_fixed
s1v5_128_frequency_main,bigram,1000,1850,-0.03879867939394899,1850,1,42,data/runs_scaling/s1v5_128_frequency_main_fixed
s1v5_128_frequency_main,bigram,1000,1301,-1.2824814319610596,2602,2,42,data/runs_scaling/s1v5_128_frequency_main_fixed
s1v5_128_frequency_main,bigram,1000,1566,4.154433637857437,6264,4,42,data/runs_scaling/s1v5_128_frequency_main_fixed
s1v5_128_frequency_main,bigram,1000,4031,2.7698073387145996,4031,1,42,data/runs_scaling/s1v5_128_frequency_main_fixed
s1v5_128_frequency_main,bigram,1000,1120,4.337568759918213,1120,1,42,data/runs_scaling/s1v5_128_frequency_main_fixed
s1v5_128_frequency_main,bigram,1000,5209,4.364132881164551,5209,1,42,data/runs_scaling/s1v5_128_frequency_main_fixed
s1v5_128_frequency_main,bigram,1000,5184,4.782174587249756,5184,1,42,data/runs_scaling/s1v5_128_frequency_main_fixed
s1v5_128_frequency_main,bigram,1000,3938,6.601521015167236,3938,1,42,data/runs_scaling/s1v5_128_frequency_main_fixed
s1v5_128_frequency_main,bigram,1000,3277,0.48479604721069336,3277,1,42,data/runs_scaling/s1v5_128_frequency_main_fixed
s1v5_128_frequency_main,bigram,1000,1609,0.4964756965637207,1609,1,42,data/runs_scaling/s1v5_128_frequency_main_fixed
s1v5_128_frequency_main,bigram,1000,2155,2.3706438541412354,2155,1,42,data/runs_scaling/s1v5_128_frequency_main_fixed
s1v5_128_frequency_main,bigram,1000,2277,1.03068208694458,2277,1,42,data/runs_scaling/s1v5_128_frequency_main_fixed
s1v5_128_frequency_main,bigram,1000,2390,0.16299641132354736,2390,1,42,data/runs_scaling/s1v5_128_frequency_main_fixed
s1v5_128_frequency_main,bigram,1000,2895,-0.00023717992007732391,2895,1,42,data/runs_scaling/s1v5_128_frequency_main_fixed
s1v5_128_frequency_main,bigram,1000,1380,4.303770939509074,4140,3,42,data/runs_scaling/s1v5_128_frequency_main_fixed
s1v5_128_frequency_main,bigram,1000,1042,2.0838677436113358,2084,2,42,data/runs_scaling/s1v5_128_frequency_main_fixed
s1v5_128_frequency_main,bigram,1000,4812,1.110060214996338,4812,1,42,data/runs_scaling/s1v5_128_frequency_main_fixed
s1v5_128_frequency_main,bigram,1000,3364,0.4850459098815918,3364,1,42,data/runs_scaling/s1v5_128_frequency_main_fixed
s1v5_128_frequency_main,bigram,1000,3458,-1.4319276809692383,3458,1,42,data/runs_scaling/s1v5_128_frequency_main_fixed
s1v5_128_frequency_main,bigram,1000,2159,-0.26610352098941803,4318,2,42,data/runs_scaling/s1v5_128_frequency_main_fixed
s1v5_128_frequency_main,bigram,1000,2101,-3.0483025312423706,2101,1,42,data/runs_scaling/s1v5_128_frequency_main_fixed
s1v5_128_frequency_main,bigram,1000,4726,0.14122879970818758,4726,1,42,data/runs_scaling/s1v5_128_frequency_main_fixed
s1v5_128_frequency_main,bigram,1000,1580,3.7295411825180054,1580,1,42,data/runs_scaling/s1v5_128_frequency_main_fixed
s1v5_128_frequency_main,bigram,1000,2710,4.386748790740967,5420,2,42,data/runs_scaling/s1v5_128_frequency_main_fixed
s1v5_128_frequency_main,bigram,1000,5405,3.6834356784820557,5405,1,42,data/runs_scaling/s1v5_128_frequency_main_fixed
s1v5_128_frequency_main,bigram,1000,2171,1.19035005569458,2171,1,42,data/runs_scaling/s1v5_128_frequency_main_fixed
s1v5_128_frequency_main,bigram,1000,6767,4.391418933868408,6767,1,42,data/runs_scaling/s1v5_128_frequency_main_fixed
s1v5_128_frequency_main,bigram,1000,2489,0.8362992405891418,2489,1,42,data/runs_scaling/s1v5_128_frequency_main_fixed
s1v5_128_frequency_main,bigram,1000,1996,3.7102257311344147,1996,1,42,data/runs_scaling/s1v5_128_frequency_main_fixed
s1v5_128_frequency_main,bigram,1000,1252,0.5888807773590088,2504,2,42,data/runs_scaling/s1v5_128_frequency_main_fixed
s1v5_128_frequency_main,bigram,1000,74404,4.978508710861206,74404,1,42,data/runs_scaling/s1v5_128_frequency_main_fixed
s1v5_128_frequency_main,bigram,1000,8043,2.6668217182159424,8043,1,42,data/runs_scaling/s1v5_128_frequency_main_fixed
s1v5_128_frequency_main,bigram,1000,1820,0.8866981863975525,1820,1,42,data/runs_scaling/s1v5_128_frequency_main_fixed
s1v5_128_frequency_main,bigram,1000,2374,3.457597553730011,2374,1,42,data/runs_scaling/s1v5_128_frequency_main_fixed
s1v5_128_frequency_main,bigram,1000,1797,-3.09195613861084,1797,1,42,data/runs_scaling/s1v5_128_frequency_main_fixed
s1v5_128_frequency_main,bigram,1000,7894,-3.330085277557373,7894,1,42,data/runs_scaling/s1v5_128_frequency_main_fixed
s1v5_128_frequency_main,bigram,1000,3381,4.0827250480651855,3381,1,42,data/runs_scaling/s1v5_128_frequency_main_fixed
s1v5_128_frequency_main,bigram,1000,1751,3.533440589904785,3502,2,42,data/runs_scaling/s1v5_128_frequency_main_fixed
s1v5_128_frequency_main,bigram,1000,1924,3.620753765106201,1924,1,42,data/runs_scaling/s1v5_128_frequency_main_fixed
s1v5_128_frequency_main,bigram,1000,2022,1.572906732559204,2022,1,42,data/runs_scaling/s1v5_128_frequency_main_fixed
s1v5_128_frequency_main,bigram,1000,2074,5.1009581089019775,2074,1,42,data/runs_scaling/s1v5_128_frequency_main_fixed
s1v5_128_frequency_main,bigram,1000,1639,1.3195422291755676,3278,2,42,data/runs_scaling/s1v5_128_frequency_main_fixed
s1v5_128_frequency_main,bigram,1000,2534,0.031024500727653503,2534,1,42,data/runs_scaling/s1v5_128_frequency_main_fixed
s1v5_128_frequency_main,bigram,1000,2394,0.5851136445999146,2394,1,42,data/runs_scaling/s1v5_128_frequency_main_fixed
s1v5_128_frequency_main,bigram,1000,1927,4.632495880126953,1927,1,42,data/runs_scaling/s1v5_128_frequency_main_fixed
s1v5_128_frequency_main,bigram,1000,16217,2.3952441215515137,16217,1,42,data/runs_scaling/s1v5_128_frequency_main_fixed
s1v5_128_frequency_main,bigram,1000,7276,1.876615047454834,7276,1,42,data/runs_scaling/s1v5_128_frequency_main_fixed
s1v5_128_frequency_main,bigram,1000,2705,-1.5441837310791016,2705,1,42,data/runs_scaling/s1v5_128_frequency_main_fixed
s1v5_128_frequency_main,bigram,1000,5051,6.126789808273315,5051,1,42,data/runs_scaling/s1v5_128_frequency_main_fixed
s1v5_128_frequency_main,bigram,1000,1982,0.8945428133010864,3964,2,42,data/runs_scaling/s1v5_128_frequency_main_fixed
s1v5_128_frequency_main,bigram,1000,4039,-2.0757384300231934,4039,1,42,data/runs_scaling/s1v5_128_frequency_main_fixed
s1v5_128_frequency_main,bigram,1000,1992,2.78009033203125,1992,1,42,data/runs_scaling/s1v5_128_frequency_main_fixed
s1v5_128_frequency_main,bigram,1000,3235,-2.509341035038233,6470,2,42,data/runs_scaling/s1v5_128_frequency_main_fixed
s1v5_128_frequency_main,bigram,1000,1926,2.5438764095306396,1926,1,42,data/runs_scaling/s1v5_128_frequency_main_fixed
s1v5_128_frequency_main,bigram,1000,1952,-2.3393722530454397,3904,2,42,data/runs_scaling/s1v5_128_frequency_main_fixed
s1v5_128_frequency_main,bigram,1000,1790,-0.8324050903320312,1790,1,42,data/runs_scaling/s1v5_128_frequency_main_fixed
s1v5_128_frequency_main,bigram,1000,7186,0.8482799530029297,7186,1,42,data/runs_scaling/s1v5_128_frequency_main_fixed
s1v5_128_frequency_main,bigram,1000,1348,6.156288504600525,2696,2,42,data/runs_scaling/s1v5_128_frequency_main_fixed
s1v5_128_frequency_main,bigram,1000,1469,0.02138054370880127,2938,2,42,data/runs_scaling/s1v5_128_frequency_main_fixed
s1v5_128_frequency_main,bigram,1000,1188,-1.3455057640870411,3564,3,42,data/runs_scaling/s1v5_128_frequency_main_fixed
s1v5_128_frequency_main,bigram,1000,3116,1.255777359008789,3116,1,42,data/runs_scaling/s1v5_128_frequency_main_fixed
s1v5_128_frequency_main,bigram,1000,2304,-0.475950022538503,6912,3,42,data/runs_scaling/s1v5_128_frequency_main_fixed
s1v5_128_frequency_main,bigram,1000,4582,7.446783542633057,4582,1,42,data/runs_scaling/s1v5_128_frequency_main_fixed
s1v5_128_frequency_main,bigram,1000,1204,1.906220018863678,3612,3,42,data/runs_scaling/s1v5_128_frequency_main_fixed
s1v5_128_frequency_main,bigram,1000,1365,-0.6024240255355835,2730,2,42,data/runs_scaling/s1v5_128_frequency_main_fixed
s1v5_128_frequency_main,bigram,1000,2676,2.3329620361328125,2676,1,42,data/runs_scaling/s1v5_128_frequency_main_fixed
s1v5_128_frequency_main,bigram,1000,1975,0.3214874267578125,3950,2,42,data/runs_scaling/s1v5_128_frequency_main_fixed
s1v5_128_frequency_main,bigram,1000,1667,5.475647211074829,3334,2,42,data/runs_scaling/s1v5_128_frequency_main_fixed
s1v5_128_frequency_main,bigram,1000,2402,0.5743639469146729,2402,1,42,data/runs_scaling/s1v5_128_frequency_main_fixed
s1v5_128_frequency_main,bigram,1000,1068,-2.34832102060318,2136,2,42,data/runs_scaling/s1v5_128_frequency_main_fixed
s1v5_128_frequency_main,bigram,1000,1158,1.499908208847046,1158,1,42,data/runs_scaling/s1v5_128_frequency_main_fixed
s1v5_128_frequency_main,bigram,1000,2428,3.209111213684082,2428,1,42,data/runs_scaling/s1v5_128_frequency_main_fixed
s1v5_128_frequency_main,bigram,1000,2020,2.074095368385315,2020,1,42,data/runs_scaling/s1v5_128_frequency_main_fixed
s1v5_128_frequency_main,bigram,1000,2486,-2.7003505676984787,2486,1,42,data/runs_scaling/s1v5_128_frequency_main_fixed
s1v5_128_frequency_main,bigram,1000,7447,0.21270671486854553,7447,1,42,data/runs_scaling/s1v5_128_frequency_main_fixed
s1v5_128_frequency_main,bigram,1000,2283,2.5946077704429626,2283,1,42,data/runs_scaling/s1v5_128_frequency_main_fixed
s1v5_128_frequency_main,bigram,1000,3607,6.272693157196045,3607,1,42,data/runs_scaling/s1v5_128_frequency_main_fixed
s1v5_128_frequency_main,bigram,1000,2931,0.9930734634399414,2931,1,42,data/runs_scaling/s1v5_128_frequency_main_fixed
s1v5_128_frequency_main,bigram,1000,5344,-0.623723030090332,5344,1,42,data/runs_scaling/s1v5_128_frequency_main_fixed
s1v5_128_frequency_main,bigram,1000,11276,1.3111286163330078,11276,1,42,data/runs_scaling/s1v5_128_frequency_main_fixed
s1v5_128_frequency_main,bigram,1000,1537,2.0371522903442383,1537,1,42,data/runs_scaling/s1v5_128_frequency_main_fixed
s1v5_128_frequency_main,bigram,1000,1232,0.014213800430297852,2464,2,42,data/runs_scaling/s1v5_128_frequency_main_fixed
s1v5_128_frequency_main,bigram,1000,1217,0.33810922503471375,2434,2,42,data/runs_scaling/s1v5_128_frequency_main_fixed
s1v5_128_frequency_main,bigram,1000,10658,3.3901491165161133,10658,1,42,data/runs_scaling/s1v5_128_frequency_main_fixed
s1v5_128_frequency_main,bigram,1000,4242,7.916085720062256,4242,1,42,data/runs_scaling/s1v5_128_frequency_main_fixed
s1v5_128_frequency_main,bigram,1000,4670,-2.7044061422348022,4670,1,42,data/runs_scaling/s1v5_128_frequency_main_fixed
s1v5_128_frequency_main,bigram,1000,1611,-0.29671621322631836,1611,1,42,data/runs_scaling/s1v5_128_frequency_main_fixed
s1v5_128_frequency_main,bigram,1000,2364,4.652836084365845,2364,1,42,data/runs_scaling/s1v5_128_frequency_main_fixed
s1v5_128_frequency_main,bigram,1000,1418,2.491951107978821,1418,1,42,data/runs_scaling/s1v5_128_frequency_main_fixed
s1v5_128_frequency_main,bigram,1000,1646,4.714976072311401,1646,1,42,data/runs_scaling/s1v5_128_frequency_main_fixed
s1v5_128_frequency_main,bigram,1000,1644,0.0003331553307361901,1644,1,42,data/runs_scaling/s1v5_128_frequency_main_fixed
s1v5_128_frequency_main,bigram,1000,2306,4.665489435195923,2306,1,42,data/runs_scaling/s1v5_128_frequency_main_fixed
s1v5_128_frequency_main,bigram,1000,2110,-1.0430669784545898,2110,1,42,data/runs_scaling/s1v5_128_frequency_main_fixed
s1v5_128_frequency_main,bigram,1000,5291,0.7160143852233887,5291,1,42,data/runs_scaling/s1v5_128_frequency_main_fixed
s1v5_128_frequency_main,bigram,1000,2290,-4.616912007331848,2290,1,42,data/runs_scaling/s1v5_128_frequency_main_fixed
s1v5_128_frequency_main,bigram,1000,1425,1.0222094655036926,2850,2,42,data/runs_scaling/s1v5_128_frequency_main_fixed
s1v5_128_frequency_main,bigram,1000,1663,-1.829801082611084,3326,2,42,data/runs_scaling/s1v5_128_frequency_main_fixed
s1v5_128_frequency_main,bigram,1000,26625,-1.8951168060302734,26625,1,42,data/runs_scaling/s1v5_128_frequency_main_fixed
s1v5_128_frequency_main,bigram,1000,2059,-6.838340401649475,2059,1,42,data/runs_scaling/s1v5_128_frequency_main_fixed
s1v5_128_frequency_main,bigram,1000,13537,0.48625779151916504,13537,1,42,data/runs_scaling/s1v5_128_frequency_main_fixed
s1v5_128_frequency_main,bigram,1000,4067,-4.747084140777588,4067,1,42,data/runs_scaling/s1v5_128_frequency_main_fixed
s1v5_128_frequency_main,bigram,1000,6951,-1.7905118465423584,6951,1,42,data/runs_scaling/s1v5_128_frequency_main_fixed
s1v5_128_frequency_main,bigram,1000,4320,1.0766987800598145,4320,1,42,data/runs_scaling/s1v5_128_frequency_main_fixed
s1v5_128_frequency_main,bigram,1000,7037,-4.899867877364159,7037,1,42,data/runs_scaling/s1v5_128_frequency_main_fixed
s1v5_128_frequency_main,bigram,1000,1805,2.2366209030151367,1805,1,42,data/runs_scaling/s1v5_128_frequency_main_fixed
s1v5_128_frequency_main,bigram,1000,4210,1.4214506149291992,4210,1,42,data/runs_scaling/s1v5_128_frequency_main_fixed
s1v5_128_frequency_main,bigram,1000,1604,4.63052499294281,3208,2,42,data/runs_scaling/s1v5_128_frequency_main_fixed
s1v5_128_frequency_main,bigram,1000,3858,2.3257908821105957,3858,1,42,data/runs_scaling/s1v5_128_frequency_main_fixed
s1v5_128_frequency_main,bigram,1000,3008,1.7714180946350098,3008,1,42,data/runs_scaling/s1v5_128_frequency_main_fixed
s1v5_128_frequency_main,bigram,1000,9707,1.7081851959228516,9707,1,42,data/runs_scaling/s1v5_128_frequency_main_fixed
s1v5_128_frequency_main,bigram,1000,4720,5.3769181072711945,4720,1,42,data/runs_scaling/s1v5_128_frequency_main_fixed
s1v5_128_frequency_main,bigram,1000,2013,-6.611917018890381,2013,1,42,data/runs_scaling/s1v5_128_frequency_main_fixed
s1v5_128_frequency_main,bigram,1000,2188,-0.9572434425354004,2188,1,42,data/runs_scaling/s1v5_128_frequency_main_fixed
s1v5_128_frequency_main,bigram,1000,14578,4.097385406494141,14578,1,42,data/runs_scaling/s1v5_128_frequency_main_fixed
s1v5_128_frequency_main,bigram,1000,4186,-0.04373037477489561,4186,1,42,data/runs_scaling/s1v5_128_frequency_main_fixed
s1v5_128_frequency_main,bigram,1000,6964,1.426027774810791,6964,1,42,data/runs_scaling/s1v5_128_frequency_main_fixed
s1v5_128_frequency_main,bigram,1000,1397,-3.1262879371643066,1397,1,42,data/runs_scaling/s1v5_128_frequency_main_fixed
s1v5_128_frequency_main,bigram,1000,2422,2.352230429649353,4844,2,42,data/runs_scaling/s1v5_128_frequency_main_fixed
s1v5_128_frequency_main,bigram,1000,1703,-0.47919368743896484,1703,1,42,data/runs_scaling/s1v5_128_frequency_main_fixed
s1v5_128_frequency_main,bigram,1000,5789,-1.9602317810058594,5789,1,42,data/runs_scaling/s1v5_128_frequency_main_fixed
s1v5_128_frequency_main,bigram,1000,1258,2.311911106109619,2516,2,42,data/runs_scaling/s1v5_128_frequency_main_fixed
s1v5_128_frequency_main,bigram,1000,3483,-0.5494475364685059,3483,1,42,data/runs_scaling/s1v5_128_frequency_main_fixed
s1v5_128_frequency_main,bigram,1000,1442,4.641366680463155,4326,3,42,data/runs_scaling/s1v5_128_frequency_main_fixed
s1v5_128_frequency_main,bigram,1000,2229,5.694196939468384,2229,1,42,data/runs_scaling/s1v5_128_frequency_main_fixed
s1v5_128_frequency_main,bigram,1000,2667,-4.588164567947388,5334,2,42,data/runs_scaling/s1v5_128_frequency_main_fixed
s1v5_128_frequency_main,bigram,1000,3224,6.974216818809509,3224,1,42,data/runs_scaling/s1v5_128_frequency_main_fixed
s1v5_128_frequency_main,bigram,1000,2240,1.7885805368423462,2240,1,42,data/runs_scaling/s1v5_128_frequency_main_fixed
s1v5_128_frequency_main,bigram,1000,1758,10.45363512635231,1758,1,42,data/runs_scaling/s1v5_128_frequency_main_fixed
s1v5_128_frequency_main,bigram,1000,2585,0.29647761583328247,5170,2,42,data/runs_scaling/s1v5_128_frequency_main_fixed
s1v5_128_frequency_main,bigram,1000,1838,0.5462396144866943,3676,2,42,data/runs_scaling/s1v5_128_frequency_main_fixed
s1v5_128_frequency_main,bigram,1000,1576,5.127248764038086,1576,1,42,data/runs_scaling/s1v5_128_frequency_main_fixed
s1v5_128_frequency_main,bigram,1000,2049,0.1361560821533203,2049,1,42,data/runs_scaling/s1v5_128_frequency_main_fixed
s1v5_128_frequency_main,bigram,1000,4505,-7.884386420249939,4505,1,42,data/runs_scaling/s1v5_128_frequency_main_fixed
s1v5_128_frequency_main,bigram,1000,1388,2.3801945447921753,1388,1,42,data/runs_scaling/s1v5_128_frequency_main_fixed
s1v5_128_frequency_main,bigram,1000,10198,-2.350153684616089,10198,1,42,data/runs_scaling/s1v5_128_frequency_main_fixed
s1v5_128_frequency_main,bigram,1000,2930,-3.188854694366455,2930,1,42,data/runs_scaling/s1v5_128_frequency_main_fixed
s1v5_128_frequency_main,bigram,1000,4246,2.0772815942764282,4246,1,42,data/runs_scaling/s1v5_128_frequency_main_fixed
s1v5_128_frequency_main,bigram,1000,1218,4.093755722045898,1218,1,42,data/runs_scaling/s1v5_128_frequency_main_fixed
s1v5_128_frequency_main,bigram,1000,7317,4.396406650543213,7317,1,42,data/runs_scaling/s1v5_128_frequency_main_fixed
s1v5_128_frequency_main,bigram,1000,1459,1.346524715423584,1459,1,42,data/runs_scaling/s1v5_128_frequency_main_fixed
s1v5_128_frequency_main,bigram,1000,1515,0.9044185876846313,3030,2,42,data/runs_scaling/s1v5_128_frequency_main_fixed
s1v5_128_frequency_main,bigram,1000,3470,1.142775535583496,3470,1,42,data/runs_scaling/s1v5_128_frequency_main_fixed
s1v5_128_frequency_main,bigram,1000,7193,2.5725473761558533,7193,1,42,data/runs_scaling/s1v5_128_frequency_main_fixed
s1v5_128_frequency_main,bigram,1000,3771,4.353799534961581,3771,1,42,data/runs_scaling/s1v5_128_frequency_main_fixed
s1v5_128_frequency_main,bigram,1000,15687,0.39010047912597656,15687,1,42,data/runs_scaling/s1v5_128_frequency_main_fixed
s1v5_128_frequency_main,bigram,1000,1373,6.431907057762146,2746,2,42,data/runs_scaling/s1v5_128_frequency_main_fixed
s1v5_128_frequency_main,bigram,1000,5943,4.504248857498169,5943,1,42,data/runs_scaling/s1v5_128_frequency_main_fixed
s1v5_128_frequency_main,bigram,1000,1980,3.642888069152832,1980,1,42,data/runs_scaling/s1v5_128_frequency_main_fixed
s1v5_128_frequency_main,bigram,1000,2555,-3.48183012008667,2555,1,42,data/runs_scaling/s1v5_128_frequency_main_fixed
s1v5_128_frequency_main,bigram,1000,2167,-2.6112694069743156,2167,1,42,data/runs_scaling/s1v5_128_frequency_main_fixed
s1v5_128_frequency_main,bigram,1000,2046,-3.0104188919067383,2046,1,42,data/runs_scaling/s1v5_128_frequency_main_fixed
s1v5_128_frequency_main,bigram,1000,2162,1.8150008916854858,2162,1,42,data/runs_scaling/s1v5_128_frequency_main_fixed
s1v5_128_frequency_main,bigram,1000,3587,2.977486550807953,7174,2,42,data/runs_scaling/s1v5_128_frequency_main_fixed
s1v5_128_frequency_main,bigram,1000,3123,3.3409883975982666,6246,2,42,data/runs_scaling/s1v5_128_frequency_main_fixed
s1v5_128_frequency_main,bigram,1000,1903,-0.29663753509521484,1903,1,42,data/runs_scaling/s1v5_128_frequency_main_fixed
s1v5_128_frequency_main,bigram,1000,3400,-0.041614532470703125,3400,1,42,data/runs_scaling/s1v5_128_frequency_main_fixed
s1v5_128_frequency_main,bigram,1000,4569,5.0076072216033936,4569,1,42,data/runs_scaling/s1v5_128_frequency_main_fixed
s1v5_128_frequency_main,bigram,1000,1449,6.571147203445435,1449,1,42,data/runs_scaling/s1v5_128_frequency_main_fixed
s1v5_128_frequency_main,bigram,1000,2713,2.057447776198387,2713,1,42,data/runs_scaling/s1v5_128_frequency_main_fixed
s1v5_128_frequency_main,bigram,1000,3965,-0.10062885284423828,3965,1,42,data/runs_scaling/s1v5_128_frequency_main_fixed
s1v5_128_frequency_main,bigram,1000,2933,-5.374309927225113,2933,1,42,data/runs_scaling/s1v5_128_frequency_main_fixed
s1v5_128_frequency_main,bigram,1000,45328,0.2507905960083008,45328,1,42,data/runs_scaling/s1v5_128_frequency_main_fixed
s1v5_128_frequency_main,bigram,1000,3028,-1.9012188911437988,3028,1,42,data/runs_scaling/s1v5_128_frequency_main_fixed
s1v5_128_frequency_main,bigram,1000,2261,1.776695728302002,4522,2,42,data/runs_scaling/s1v5_128_frequency_main_fixed
s1v5_128_frequency_main,bigram,1000,2346,1.7447807788848877,2346,1,42,data/runs_scaling/s1v5_128_frequency_main_fixed
s1v5_128_frequency_main,bigram,1000,6987,0.16813206672668457,6987,1,42,data/runs_scaling/s1v5_128_frequency_main_fixed
s1v5_128_frequency_main,bigram,1000,1262,8.856515564024448,1262,1,42,data/runs_scaling/s1v5_128_frequency_main_fixed
s1v5_128_frequency_main,bigram,1000,1145,-4.2353599071502686,1145,1,42,data/runs_scaling/s1v5_128_frequency_main_fixed
s1v5_128_frequency_main,bigram,1000,1339,-2.7140116691589355,1339,1,42,data/runs_scaling/s1v5_128_frequency_main_fixed
s1v5_128_frequency_main,bigram,1000,2204,4.930756613612175,2204,1,42,data/runs_scaling/s1v5_128_frequency_main_fixed
s1v5_128_frequency_main,bigram,1000,3241,2.1051344871520996,3241,1,42,data/runs_scaling/s1v5_128_frequency_main_fixed
s1v5_128_frequency_main,bigram,1000,2343,2.4783865213394165,4686,2,42,data/runs_scaling/s1v5_128_frequency_main_fixed
s1v5_128_frequency_main,bigram,1000,10823,5.902150750160217,10823,1,42,data/runs_scaling/s1v5_128_frequency_main_fixed
s1v5_128_frequency_main,bigram,1000,1894,-3.7084436416625977,3788,2,42,data/runs_scaling/s1v5_128_frequency_main_fixed
s1v5_128_frequency_main,bigram,1000,2423,-1.6460986137390137,2423,1,42,data/runs_scaling/s1v5_128_frequency_main_fixed
s1v5_128_frequency_main,bigram,1000,1853,-0.11954975128173828,1853,1,42,data/runs_scaling/s1v5_128_frequency_main_fixed
s1v5_128_frequency_main,bigram,1000,2452,7.601311922073364,2452,1,42,data/runs_scaling/s1v5_128_frequency_main_fixed
s1v5_128_frequency_main,bigram,1000,1943,3.153038501739502,1943,1,42,data/runs_scaling/s1v5_128_frequency_main_fixed
s1v5_128_frequency_main,bigram,1000,2312,0.09880569949746132,2312,1,42,data/runs_scaling/s1v5_128_frequency_main_fixed
s1v5_128_frequency_main,bigram,1000,5722,7.88713526725769,5722,1,42,data/runs_scaling/s1v5_128_frequency_main_fixed
s1v5_128_frequency_main,bigram,1000,2136,1.9102544429867219,6408,3,42,data/runs_scaling/s1v5_128_frequency_main_fixed
s1v5_128_frequency_main,bigram,1000,3475,1.8716573640704155,3475,1,42,data/runs_scaling/s1v5_128_frequency_main_fixed
s1v5_128_frequency_main,bigram,1000,2429,4.276362657546997,2429,1,42,data/runs_scaling/s1v5_128_frequency_main_fixed
s1v5_128_frequency_main,bigram,1000,2093,6.18567156791687,4186,2,42,data/runs_scaling/s1v5_128_frequency_main_fixed
s1v5_128_frequency_main,bigram,1000,2761,6.946722030639648,2761,1,42,data/runs_scaling/s1v5_128_frequency_main_fixed
s1v5_128_frequency_main,bigram,1000,8280,1.4220540523529053,8280,1,42,data/runs_scaling/s1v5_128_frequency_main_fixed
s1v5_128_frequency_main,bigram,1000,2889,-1.3437579870224,5778,2,42,data/runs_scaling/s1v5_128_frequency_main_fixed
s1v5_128_frequency_main,bigram,1000,1486,8.9276123046875,1486,1,42,data/runs_scaling/s1v5_128_frequency_main_fixed
s1v5_128_frequency_main,bigram,1000,2361,2.692164659500122,2361,1,42,data/runs_scaling/s1v5_128_frequency_main_fixed
s1v5_128_frequency_main,bigram,1000,1901,1.4822889119386673,1901,1,42,data/runs_scaling/s1v5_128_frequency_main_fixed
s1v5_128_frequency_main,bigram,1000,6768,3.868072509765625,6768,1,42,data/runs_scaling/s1v5_128_frequency_main_fixed
s1v5_128_frequency_main,bigram,1000,2120,9.016582369804382,4240,2,42,data/runs_scaling/s1v5_128_frequency_main_fixed
s1v5_128_frequency_main,bigram,1000,2883,8.800626873970032,2883,1,42,data/runs_scaling/s1v5_128_frequency_main_fixed
s1v5_128_frequency_main,bigram,1000,1858,3.532337188720703,1858,1,42,data/runs_scaling/s1v5_128_frequency_main_fixed
s1v5_128_frequency_main,bigram,1000,2496,-4.03147292137146,2496,1,42,data/runs_scaling/s1v5_128_frequency_main_fixed
s1v5_128_frequency_main,bigram,1000,4615,-8.017861127853394,4615,1,42,data/runs_scaling/s1v5_128_frequency_main_fixed
s1v5_128_frequency_main,bigram,1000,2114,3.444065570831299,2114,1,42,data/runs_scaling/s1v5_128_frequency_main_fixed
s1v5_128_frequency_main,bigram,1000,1867,6.937031149864197,3734,2,42,data/runs_scaling/s1v5_128_frequency_main_fixed
s1v5_128_frequency_main,bigram,1000,3305,-3.4975470900535583,3305,1,42,data/runs_scaling/s1v5_128_frequency_main_fixed
s1v5_128_frequency_main,bigram,1000,17799,1.2266198098659515,17799,1,42,data/runs_scaling/s1v5_128_frequency_main_fixed
s1v5_128_frequency_main,bigram,1000,21585,-4.6838167905807495,21585,1,42,data/runs_scaling/s1v5_128_frequency_main_fixed
s1v5_128_frequency_main,bigram,1000,79407,-2.1561570167541504,79407,1,42,data/runs_scaling/s1v5_128_frequency_main_fixed
s1v5_128_frequency_main,bigram,1000,1265,2.0493680220097303,3795,3,42,data/runs_scaling/s1v5_128_frequency_main_fixed
s1v5_128_frequency_main,bigram,1000,2338,4.99947726726532,2338,1,42,data/runs_scaling/s1v5_128_frequency_main_fixed
s1v5_128_frequency_main,bigram,1000,40316,-0.8199234008789062,40316,1,42,data/runs_scaling/s1v5_128_frequency_main_fixed
s1v5_128_frequency_main,bigram,1000,1950,4.950162589550018,3900,2,42,data/runs_scaling/s1v5_128_frequency_main_fixed
s1v5_128_frequency_main,bigram,1000,3653,5.5373454093933105,3653,1,42,data/runs_scaling/s1v5_128_frequency_main_fixed
s1v5_128_frequency_main,bigram,1000,2025,4.244964957237244,4050,2,42,data/runs_scaling/s1v5_128_frequency_main_fixed
s1v5_128_frequency_main,bigram,1000,9950,3.3091793060302734,9950,1,42,data/runs_scaling/s1v5_128_frequency_main_fixed
s1v5_128_frequency_main,bigram,1000,1660,0.7630689144134521,1660,1,42,data/runs_scaling/s1v5_128_frequency_main_fixed
s1v5_128_frequency_main,bigram,1000,9393,8.129844523966312,9393,1,42,data/runs_scaling/s1v5_128_frequency_main_fixed
s1v5_128_frequency_main,bigram,1000,9573,2.4397950172424316,9573,1,42,data/runs_scaling/s1v5_128_frequency_main_fixed
s1v5_128_frequency_main,bigram,1000,10985,3.935332775115967,10985,1,42,data/runs_scaling/s1v5_128_frequency_main_fixed
s1v5_128_frequency_main,bigram,1000,3401,6.563722401857376,3401,1,42,data/runs_scaling/s1v5_128_frequency_main_fixed
s1v5_128_frequency_main,bigram,1000,1574,-3.2734203338623047,3148,2,42,data/runs_scaling/s1v5_128_frequency_main_fixed
s1v5_128_frequency_main,bigram,1000,2194,2.918091893196106,4388,2,42,data/runs_scaling/s1v5_128_frequency_main_fixed
s1v5_128_frequency_main,bigram,1000,2058,-0.2930436134338379,2058,1,42,data/runs_scaling/s1v5_128_frequency_main_fixed
s1v5_128_frequency_main,bigram,1000,9667,-2.639529228210449,9667,1,42,data/runs_scaling/s1v5_128_frequency_main_fixed
s1v5_128_frequency_main,bigram,1000,2060,1.4856081008911133,2060,1,42,data/runs_scaling/s1v5_128_frequency_main_fixed
s1v5_128_frequency_main,bigram,1000,3187,5.159017562866211,3187,1,42,data/runs_scaling/s1v5_128_frequency_main_fixed
s1v5_128_frequency_main,bigram,1000,8649,7.204500675201416,8649,1,42,data/runs_scaling/s1v5_128_frequency_main_fixed
s1v5_128_frequency_main,bigram,1000,4254,-3.0907214879989624,4254,1,42,data/runs_scaling/s1v5_128_frequency_main_fixed
s1v5_128_frequency_main,bigram,1000,4180,-7.54252415895462,4180,1,42,data/runs_scaling/s1v5_128_frequency_main_fixed
s1v5_128_frequency_main,bigram,1000,11623,1.3882269859313965,11623,1,42,data/runs_scaling/s1v5_128_frequency_main_fixed
s1v5_128_frequency_main,bigram,1000,9076,-2.039396047592163,9076,1,42,data/runs_scaling/s1v5_128_frequency_main_fixed
s1v5_128_frequency_main,bigram,1000,14619,0.9326906204223633,14619,1,42,data/runs_scaling/s1v5_128_frequency_main_fixed
s1v5_128_frequency_main,bigram,1000,4137,9.131143808364868,4137,1,42,data/runs_scaling/s1v5_128_frequency_main_fixed
s1v5_128_frequency_main,bigram,1000,2809,3.299973487854004,2809,1,42,data/runs_scaling/s1v5_128_frequency_main_fixed
s1v5_128_frequency_main,bigram,1000,2970,4.23717987537384,2970,1,42,data/runs_scaling/s1v5_128_frequency_main_fixed
s1v5_128_frequency_main,bigram,1000,6832,-1.9762462973594666,6832,1,42,data/runs_scaling/s1v5_128_frequency_main_fixed
s1v5_128_frequency_main,bigram,1000,2763,1.9811577945947647,5526,2,42,data/runs_scaling/s1v5_128_frequency_main_fixed
s1v5_128_frequency_main,bigram,1000,5855,-0.27469348907470703,5855,1,42,data/runs_scaling/s1v5_128_frequency_main_fixed
s1v5_128_frequency_main,bigram,1000,2863,-2.9132209420204163,5726,2,42,data/runs_scaling/s1v5_128_frequency_main_fixed
s1v5_128_frequency_main,bigram,1000,6106,1.1253297328948975,6106,1,42,data/runs_scaling/s1v5_128_frequency_main_fixed
s1v5_128_frequency_main,bigram,1000,7564,5.355113983154297,7564,1,42,data/runs_scaling/s1v5_128_frequency_main_fixed
s1v5_128_frequency_main,bigram,1000,1702,3.108521342277527,3404,2,42,data/runs_scaling/s1v5_128_frequency_main_fixed
s1v5_128_frequency_main,bigram,1000,3502,1.7534046173095703,3502,1,42,data/runs_scaling/s1v5_128_frequency_main_fixed
s1v5_128_frequency_main,bigram,1000,3769,-5.324287414550781,3769,1,42,data/runs_scaling/s1v5_128_frequency_main_fixed
s1v5_128_frequency_main,bigram,1000,4299,-0.21948719024658203,4299,1,42,data/runs_scaling/s1v5_128_frequency_main_fixed
s1v5_128_frequency_main,bigram,1000,1344,-1.09995698928833,1344,1,42,data/runs_scaling/s1v5_128_frequency_main_fixed
s1v5_128_frequency_main,bigram,1000,2089,6.262819766998291,2089,1,42,data/runs_scaling/s1v5_128_frequency_main_fixed
s1v5_128_frequency_main,bigram,1000,7717,5.560292959213257,7717,1,42,data/runs_scaling/s1v5_128_frequency_main_fixed
s1v5_128_frequency_main,bigram,1000,4265,8.418895602226257,4265,1,42,data/runs_scaling/s1v5_128_frequency_main_fixed
s1v5_128_frequency_main,bigram,1000,4684,-1.2066831588745117,4684,1,42,data/runs_scaling/s1v5_128_frequency_main_fixed
s1v5_128_frequency_main,bigram,1000,1749,6.300468444824219,1749,1,42,data/runs_scaling/s1v5_128_frequency_main_fixed
s1v5_128_frequency_main,bigram,1000,2258,2.013303178973729,4516,2,42,data/runs_scaling/s1v5_128_frequency_main_fixed
s1v5_128_frequency_main,bigram,1000,2308,1.8843430392444134,4616,2,42,data/runs_scaling/s1v5_128_frequency_main_fixed
s1v5_128_frequency_main,bigram,1000,2137,-0.23486948013305664,2137,1,42,data/runs_scaling/s1v5_128_frequency_main_fixed
s1v5_128_frequency_main,bigram,1000,2052,3.472349166870117,2052,1,42,data/runs_scaling/s1v5_128_frequency_main_fixed
s1v5_128_frequency_main,bigram,1000,1682,-0.08379888534545898,1682,1,42,data/runs_scaling/s1v5_128_frequency_main_fixed
s1v5_128_frequency_main,bigram,1000,3020,4.046622276306152,3020,1,42,data/runs_scaling/s1v5_128_frequency_main_fixed
s1v5_128_frequency_main,bigram,1000,6206,2.527980327606201,6206,1,42,data/runs_scaling/s1v5_128_frequency_main_fixed
s1v5_128_frequency_main,bigram,1000,3245,-5.835688591003418,3245,1,42,data/runs_scaling/s1v5_128_frequency_main_fixed
s1v5_128_frequency_main,bigram,1000,2673,-0.21750783920288086,2673,1,42,data/runs_scaling/s1v5_128_frequency_main_fixed
s1v5_128_frequency_main,bigram,1000,3131,6.156778037548065,3131,1,42,data/runs_scaling/s1v5_128_frequency_main_fixed
s1v5_128_frequency_main,bigram,1000,2070,3.8731141090393066,2070,1,42,data/runs_scaling/s1v5_128_frequency_main_fixed
s1v5_128_frequency_main,bigram,1000,3580,5.210209101438522,3580,1,42,data/runs_scaling/s1v5_128_frequency_main_fixed
s1v5_128_frequency_main,bigram,1000,1319,3.632855176925659,1319,1,42,data/runs_scaling/s1v5_128_frequency_main_fixed
s1v5_128_frequency_main,bigram,1000,1655,-6.571804121136665,1655,1,42,data/runs_scaling/s1v5_128_frequency_main_fixed
s1v5_128_frequency_main,bigram,1000,2340,4.048972189426422,2340,1,42,data/runs_scaling/s1v5_128_frequency_main_fixed
s1v5_128_frequency_main,bigram,1000,1526,0.8304499387741089,1526,1,42,data/runs_scaling/s1v5_128_frequency_main_fixed
s1v5_128_frequency_main,bigram,1000,1273,-5.804057598114014,2546,2,42,data/runs_scaling/s1v5_128_frequency_main_fixed
s1v5_128_frequency_main,bigram,1000,1582,8.010432422161102,3164,2,42,data/runs_scaling/s1v5_128_frequency_main_fixed
s1v5_128_frequency_main,bigram,1000,1369,-3.2132341861724854,1369,1,42,data/runs_scaling/s1v5_128_frequency_main_fixed
s1v5_128_frequency_main,bigram,1000,3358,3.9539636373519897,3358,1,42,data/runs_scaling/s1v5_128_frequency_main_fixed
s1v5_128_frequency_main,bigram,1000,4924,-1.2105045318603516,4924,1,42,data/runs_scaling/s1v5_128_frequency_main_fixed
s1v5_128_frequency_main,bigram,1000,10056,-0.44341158866882324,10056,1,42,data/runs_scaling/s1v5_128_frequency_main_fixed
s1v5_128_frequency_main,bigram,1000,2353,-1.1038339138031006,2353,1,42,data/runs_scaling/s1v5_128_frequency_main_fixed
s1v5_128_frequency_main,bigram,1000,2174,1.1619634628295898,2174,1,42,data/runs_scaling/s1v5_128_frequency_main_fixed
s1v5_128_frequency_main,bigram,1000,3669,2.5817126035690308,3669,1,42,data/runs_scaling/s1v5_128_frequency_main_fixed
s1v5_128_frequency_main,bigram,1000,11022,-4.605764627456665,11022,1,42,data/runs_scaling/s1v5_128_frequency_main_fixed
s1v5_128_frequency_main,bigram,1000,2825,-0.9012312889099121,2825,1,42,data/runs_scaling/s1v5_128_frequency_main_fixed
s1v5_128_frequency_main,bigram,1000,8300,0.8690400123596191,8300,1,42,data/runs_scaling/s1v5_128_frequency_main_fixed
s1v5_128_frequency_main,bigram,1000,1837,1.707259178161621,3674,2,42,data/runs_scaling/s1v5_128_frequency_main_fixed
s1v5_128_frequency_main,bigram,1000,2160,-2.5852527655661106,2160,1,42,data/runs_scaling/s1v5_128_frequency_main_fixed
s1v5_128_frequency_main,bigram,1000,2371,2.5717992782592773,2371,1,42,data/runs_scaling/s1v5_128_frequency_main_fixed
s1v5_128_frequency_main,bigram,1000,1584,5.018354833126068,1584,1,42,data/runs_scaling/s1v5_128_frequency_main_fixed
s1v5_128_frequency_main,bigram,1000,1997,6.449156045913696,3994,2,42,data/runs_scaling/s1v5_128_frequency_main_fixed
s1v5_128_frequency_main,bigram,1000,1922,8.650869288947433,1922,1,42,data/runs_scaling/s1v5_128_frequency_main_fixed
s1v5_128_frequency_main,bigram,1000,2387,0.2057679183781147,2387,1,42,data/runs_scaling/s1v5_128_frequency_main_fixed
s1v5_128_frequency_main,bigram,1000,1170,0.03285156283527613,1170,1,42,data/runs_scaling/s1v5_128_frequency_main_fixed
s1v5_128_frequency_main,bigram,1000,2212,7.1866302490234375,2212,1,42,data/runs_scaling/s1v5_128_frequency_main_fixed
s1v5_128_frequency_main,bigram,1000,1074,5.21939492225647,2148,2,42,data/runs_scaling/s1v5_128_frequency_main_fixed
s1v5_128_frequency_main,bigram,1000,2270,6.632292985916138,2270,1,42,data/runs_scaling/s1v5_128_frequency_main_fixed
s1v5_128_frequency_main,bigram,1000,9429,1.363547921180725,9429,1,42,data/runs_scaling/s1v5_128_frequency_main_fixed
s1v5_128_frequency_main,bigram,1000,2442,2.3578948974609375,2442,1,42,data/runs_scaling/s1v5_128_frequency_main_fixed
s1v5_128_frequency_main,bigram,1000,1676,1.088233083486557,1676,1,42,data/runs_scaling/s1v5_128_frequency_main_fixed
s1v5_128_frequency_main,bigram,1000,1665,12.57653583586216,1665,1,42,data/runs_scaling/s1v5_128_frequency_main_fixed
s1v5_128_frequency_main,bigram,1000,1979,-0.24044406414031982,1979,1,42,data/runs_scaling/s1v5_128_frequency_main_fixed
s1v5_128_frequency_main,bigram,1000,1670,1.8325119018554688,1670,1,42,data/runs_scaling/s1v5_128_frequency_main_fixed
s1v5_128_frequency_main,bigram,1000,2629,-0.43009281158447266,2629,1,42,data/runs_scaling/s1v5_128_frequency_main_fixed
s1v5_128_frequency_main,bigram,1000,19547,5.036998271942139,19547,1,42,data/runs_scaling/s1v5_128_frequency_main_fixed
s1v5_128_frequency_main,bigram,1000,6425,0.22813987731933594,6425,1,42,data/runs_scaling/s1v5_128_frequency_main_fixed
s1v5_128_frequency_main,bigram,1000,10638,1.1443233489990234,10638,1,42,data/runs_scaling/s1v5_128_frequency_main_fixed
s1v5_128_frequency_main,bigram,1000,1941,-0.3777398578822613,1941,1,42,data/runs_scaling/s1v5_128_frequency_main_fixed
s1v5_128_frequency_main,bigram,1000,2993,11.068460941314697,2993,1,42,data/runs_scaling/s1v5_128_frequency_main_fixed
s1v5_128_frequency_main,bigram,1000,2849,-0.5830955505371094,2849,1,42,data/runs_scaling/s1v5_128_frequency_main_fixed
s1v5_128_frequency_main,bigram,1000,1913,-2.1952033042907715,1913,1,42,data/runs_scaling/s1v5_128_frequency_main_fixed
s1v5_128_frequency_main,bigram,1000,1745,0.847930908203125,1745,1,42,data/runs_scaling/s1v5_128_frequency_main_fixed
s1v5_128_frequency_main,bigram,1000,15386,2.3128609657287598,15386,1,42,data/runs_scaling/s1v5_128_frequency_main_fixed
s1v5_128_frequency_main,bigram,1000,57965,2.401902675628662,57965,1,42,data/runs_scaling/s1v5_128_frequency_main_fixed
s1v5_128_frequency_main,bigram,1000,1856,0.5870077610015869,1856,1,42,data/runs_scaling/s1v5_128_frequency_main_fixed
s1v5_128_frequency_main,bigram,1000,1287,1.5403785705566406,1287,1,42,data/runs_scaling/s1v5_128_frequency_main_fixed
s1v5_128_frequency_main,bigram,1000,7804,4.151721775531769,7804,1,42,data/runs_scaling/s1v5_128_frequency_main_fixed
s1v5_128_frequency_main,bigram,1000,17022,3.8987239748239517,17022,1,42,data/runs_scaling/s1v5_128_frequency_main_fixed
s1v5_128_frequency_main,bigram,1000,1481,0.6088983515898386,4443,3,42,data/runs_scaling/s1v5_128_frequency_main_fixed
s1v5_128_frequency_main,bigram,1000,5536,4.682164669036865,5536,1,42,data/runs_scaling/s1v5_128_frequency_main_fixed
s1v5_128_frequency_main,bigram,1000,9340,2.376349449157715,9340,1,42,data/runs_scaling/s1v5_128_frequency_main_fixed
s1v5_128_frequency_main,bigram,1000,2805,5.920969665050507,2805,1,42,data/runs_scaling/s1v5_128_frequency_main_fixed
s1v5_128_frequency_main,bigram,1000,3382,0.26549601554870605,3382,1,42,data/runs_scaling/s1v5_128_frequency_main_fixed
s1v5_128_frequency_main,bigram,1000,2271,-2.507914125919342,2271,1,42,data/runs_scaling/s1v5_128_frequency_main_fixed
s1v5_128_frequency_main,bigram,1000,4312,-0.9697935581207275,4312,1,42,data/runs_scaling/s1v5_128_frequency_main_fixed
s1v5_128_frequency_main,bigram,1000,1023,2.921967029571533,1023,1,42,data/runs_scaling/s1v5_128_frequency_main_fixed
s1v5_128_frequency_main,bigram,1000,1193,5.10455584526062,1193,1,42,data/runs_scaling/s1v5_128_frequency_main_fixed
s1v5_128_frequency_main,bigram,1000,1887,-6.782866686582565,1887,1,42,data/runs_scaling/s1v5_128_frequency_main_fixed
s1v5_128_frequency_main,bigram,1000,1872,3.977838695049286,1872,1,42,data/runs_scaling/s1v5_128_frequency_main_fixed
s1v5_128_frequency_main,bigram,1000,1930,2.9552011489868164,1930,1,42,data/runs_scaling/s1v5_128_frequency_main_fixed
s1v5_128_frequency_main,bigram,1000,1673,0.850865364074707,1673,1,42,data/runs_scaling/s1v5_128_frequency_main_fixed
s1v5_128_frequency_main,bigram,1000,1466,2.405521422624588,1466,1,42,data/runs_scaling/s1v5_128_frequency_main_fixed
s1v5_128_frequency_main,bigram,1000,3872,2.723471999168396,3872,1,42,data/runs_scaling/s1v5_128_frequency_main_fixed
s1v5_128_frequency_main,bigram,1000,1888,0.04231446981430054,1888,1,42,data/runs_scaling/s1v5_128_frequency_main_fixed
s1v5_128_frequency_main,bigram,1000,2505,1.0314149856567383,2505,1,42,data/runs_scaling/s1v5_128_frequency_main_fixed
s1v5_128_frequency_main,bigram,1000,2152,-1.215245246887207,2152,1,42,data/runs_scaling/s1v5_128_frequency_main_fixed
s1v5_128_frequency_main,bigram,1000,1372,-2.05394446849823,1372,1,42,data/runs_scaling/s1v5_128_frequency_main_fixed
s1v5_128_frequency_main,bigram,1000,2401,-2.298153042793274,4802,2,42,data/runs_scaling/s1v5_128_frequency_main_fixed
s1v5_128_frequency_main,bigram,1000,3379,-0.030912023968994617,3379,1,42,data/runs_scaling/s1v5_128_frequency_main_fixed
s1v5_128_frequency_main,bigram,1000,7661,1.5833001136779785,7661,1,42,data/runs_scaling/s1v5_128_frequency_main_fixed
s1v5_128_frequency_main,bigram,1000,1671,0.6625485420227051,1671,1,42,data/runs_scaling/s1v5_128_frequency_main_fixed
s1v5_128_frequency_main,bigram,1000,1261,0.5361888408660889,1261,1,42,data/runs_scaling/s1v5_128_frequency_main_fixed
s1v5_128_frequency_main,bigram,1000,71168,0.0003893761486324365,71168,1,42,data/runs_scaling/s1v5_128_frequency_main_fixed
s1v5_128_frequency_main,bigram,1000,6592,-0.08400106430053711,6592,1,42,data/runs_scaling/s1v5_128_frequency_main_fixed
s1v5_128_frequency_main,bigram,1000,26125,-7.357373923063278,26125,1,42,data/runs_scaling/s1v5_128_frequency_main_fixed
s1v5_128_frequency_main,bigram,1000,1765,0.9079933166503906,1765,1,42,data/runs_scaling/s1v5_128_frequency_main_fixed
s1v5_128_frequency_main,bigram,1000,26232,0.7820978164672852,26232,1,42,data/runs_scaling/s1v5_128_frequency_main_fixed
s1v5_128_frequency_main,bigram,1000,78561,-3.4386209547519684,78561,1,42,data/runs_scaling/s1v5_128_frequency_main_fixed
s1v5_128_frequency_main,bigram,1000,1567,-3.5768447406589985,1567,1,42,data/runs_scaling/s1v5_128_frequency_main_fixed
s1v5_128_frequency_main,bigram,1000,3043,6.3476691246032715,3043,1,42,data/runs_scaling/s1v5_128_frequency_main_fixed
s1v5_128_frequency_main,bigram,1000,7526,-3.943310886621475,7526,1,42,data/runs_scaling/s1v5_128_frequency_main_fixed
s1v5_128_frequency_main,bigram,1000,1688,4.088876336812973,1688,1,42,data/runs_scaling/s1v5_128_frequency_main_fixed
s1v5_128_frequency_main,bigram,1000,161271,-7.16117724776268,161271,1,42,data/runs_scaling/s1v5_128_frequency_main_fixed
s1v5_128_frequency_main,bigram,1000,8949,10.20323246717453,8949,1,42,data/runs_scaling/s1v5_128_frequency_main_fixed
s1v5_128_frequency_main,bigram,1000,2357,2.036705493927002,2357,1,42,data/runs_scaling/s1v5_128_frequency_main_fixed
s1v5_128_frequency_main,bigram,1000,5152,2.6267447471618652,5152,1,42,data/runs_scaling/s1v5_128_frequency_main_fixed
s1v5_128_frequency_main,bigram,1000,8778,2.694608211517334,8778,1,42,data/runs_scaling/s1v5_128_frequency_main_fixed
s1v5_128_frequency_main,bigram,1000,33706,-0.8994438648223877,33706,1,42,data/runs_scaling/s1v5_128_frequency_main_fixed
s1v5_128_frequency_main,bigram,1000,6657,-3.519105911254883,6657,1,42,data/runs_scaling/s1v5_128_frequency_main_fixed
s1v5_128_frequency_main,bigram,1000,2823,-1.1870076060295105,2823,1,42,data/runs_scaling/s1v5_128_frequency_main_fixed
s1v5_128_frequency_main,bigram,1000,16551,2.5310659408569336,16551,1,42,data/runs_scaling/s1v5_128_frequency_main_fixed
s1v5_128_frequency_main,bigram,1000,3936,2.9915226697921753,3936,1,42,data/runs_scaling/s1v5_128_frequency_main_fixed
s1v5_128_frequency_main,bigram,1000,6645,5.182637095451355,6645,1,42,data/runs_scaling/s1v5_128_frequency_main_fixed
s1v5_128_frequency_main,bigram,1000,1057,-4.749391864985228,2114,2,42,data/runs_scaling/s1v5_128_frequency_main_fixed
s1v5_128_frequency_main,bigram,1000,4146,2.4447405338287354,4146,1,42,data/runs_scaling/s1v5_128_frequency_main_fixed
s1v5_128_frequency_main,bigram,1000,39513,1.9226698875427246,39513,1,42,data/runs_scaling/s1v5_128_frequency_main_fixed
s1v5_128_frequency_main,bigram,1000,11284,0.44268798828125,11284,1,42,data/runs_scaling/s1v5_128_frequency_main_fixed
s1v5_128_frequency_main,bigram,1000,5077,0.8427920341491699,5077,1,42,data/runs_scaling/s1v5_128_frequency_main_fixed
s1v5_128_frequency_main,bigram,1000,3351,10.593086838722229,3351,1,42,data/runs_scaling/s1v5_128_frequency_main_fixed
s1v5_128_frequency_main,bigram,1000,30096,-0.27908897399902344,30096,1,42,data/runs_scaling/s1v5_128_frequency_main_fixed
s1v5_128_frequency_main,bigram,1000,18732,13.594241261482239,18732,1,42,data/runs_scaling/s1v5_128_frequency_main_fixed
s1v5_128_frequency_main,bigram,1000,3670,3.411064863204956,3670,1,42,data/runs_scaling/s1v5_128_frequency_main_fixed
s1v5_128_frequency_main,bigram,1000,3383,-1.2036939859390259,3383,1,42,data/runs_scaling/s1v5_128_frequency_main_fixed
s1v5_128_frequency_main,bigram,1000,5402,-0.026202917098999023,5402,1,42,data/runs_scaling/s1v5_128_frequency_main_fixed
s1v5_128_frequency_main,bigram,1000,3133,1.0480051040649414,3133,1,42,data/runs_scaling/s1v5_128_frequency_main_fixed
s1v5_128_frequency_main,bigram,1000,2688,3.0137914419174194,2688,1,42,data/runs_scaling/s1v5_128_frequency_main_fixed
s1v5_128_frequency_main,bigram,1000,2048,2.9782967567443848,2048,1,42,data/runs_scaling/s1v5_128_frequency_main_fixed
s1v5_128_frequency_main,bigram,1000,2834,-1.5724826827645302,2834,1,42,data/runs_scaling/s1v5_128_frequency_main_fixed
s1v5_128_frequency_main,bigram,1000,2183,5.161063194274902,2183,1,42,data/runs_scaling/s1v5_128_frequency_main_fixed
s1v5_128_frequency_main,bigram,1000,4813,3.3534677624702454,4813,1,42,data/runs_scaling/s1v5_128_frequency_main_fixed
s1v5_128_frequency_main,bigram,1000,9284,4.919855713844299,9284,1,42,data/runs_scaling/s1v5_128_frequency_main_fixed
s1v5_128_frequency_main,bigram,1000,17867,1.1603999137878418,17867,1,42,data/runs_scaling/s1v5_128_frequency_main_fixed
s1v5_128_frequency_main,bigram,1000,2299,3.5491623878479004,2299,1,42,data/runs_scaling/s1v5_128_frequency_main_fixed
s1v5_128_frequency_main,bigram,1000,2370,3.179784893989563,2370,1,42,data/runs_scaling/s1v5_128_frequency_main_fixed
s1v5_128_frequency_main,bigram,1000,2769,1.4161291122436523,2769,1,42,data/runs_scaling/s1v5_128_frequency_main_fixed
s1v5_128_frequency_main,bigram,1000,2537,-6.899476490914822,2537,1,42,data/runs_scaling/s1v5_128_frequency_main_fixed
s1v5_128_frequency_main,bigram,1000,1931,0.2691676616668701,1931,1,42,data/runs_scaling/s1v5_128_frequency_main_fixed
s1v5_128_frequency_main,bigram,1000,46932,-1.4795117378234863,46932,1,42,data/runs_scaling/s1v5_128_frequency_main_fixed
s1v5_128_frequency_main,bigram,1000,14939,2.735705256462097,14939,1,42,data/runs_scaling/s1v5_128_frequency_main_fixed
s1v5_128_frequency_main,bigram,1000,5490,8.675502505153418,5490,1,42,data/runs_scaling/s1v5_128_frequency_main_fixed
s1v5_128_frequency_main,bigram,1000,13470,10.165947794914246,13470,1,42,data/runs_scaling/s1v5_128_frequency_main_fixed
s1v5_128_frequency_main,bigram,1000,6216,1.8357012271881104,6216,1,42,data/runs_scaling/s1v5_128_frequency_main_fixed
s1v5_128_frequency_main,bigram,1000,34205,-0.7056049108505249,34205,1,42,data/runs_scaling/s1v5_128_frequency_main_fixed
s1v5_128_frequency_main,bigram,1000,5877,6.80277693271637,11754,2,42,data/runs_scaling/s1v5_128_frequency_main_fixed
s1v5_128_frequency_main,bigram,1000,3310,4.561150074005127,3310,1,42,data/runs_scaling/s1v5_128_frequency_main_fixed
s1v5_128_frequency_main,bigram,1000,3913,-4.670082628726959,3913,1,42,data/runs_scaling/s1v5_128_frequency_main_fixed
s1v5_128_frequency_main,bigram,1000,6720,6.404938220977783,6720,1,42,data/runs_scaling/s1v5_128_frequency_main_fixed
s1v5_128_frequency_main,bigram,1000,2671,9.209522247314453,2671,1,42,data/runs_scaling/s1v5_128_frequency_main_fixed
s1v5_128_frequency_main,bigram,1000,4574,0.5228724479675293,4574,1,42,data/runs_scaling/s1v5_128_frequency_main_fixed
s1v5_128_frequency_main,bigram,1000,3291,-3.7597084045410156,3291,1,42,data/runs_scaling/s1v5_128_frequency_main_fixed
s1v5_128_frequency_main,bigram,1000,3390,4.157120704650879,3390,1,42,data/runs_scaling/s1v5_128_frequency_main_fixed
s1v5_128_frequency_main,bigram,1000,4881,-1.6704750061035156,4881,1,42,data/runs_scaling/s1v5_128_frequency_main_fixed
s1v5_128_frequency_main,bigram,1000,8685,5.386708825826645,8685,1,42,data/runs_scaling/s1v5_128_frequency_main_fixed
s1v5_128_frequency_main,bigram,1000,1579,-1.663421630859375,1579,1,42,data/runs_scaling/s1v5_128_frequency_main_fixed
s1v5_128_frequency_main,bigram,1000,12448,-2.362498104572296,12448,1,42,data/runs_scaling/s1v5_128_frequency_main_fixed
s1v5_128_frequency_main,bigram,1000,4300,-5.4585676193237305,4300,1,42,data/runs_scaling/s1v5_128_frequency_main_fixed
s1v5_128_frequency_main,bigram,1000,4036,3.071290969848633,4036,1,42,data/runs_scaling/s1v5_128_frequency_main_fixed
s1v5_128_frequency_main,bigram,1000,3285,4.628598213195801,3285,1,42,data/runs_scaling/s1v5_128_frequency_main_fixed
s1v5_128_frequency_main,bigram,1000,2706,0.21194112300872803,2706,1,42,data/runs_scaling/s1v5_128_frequency_main_fixed
s1v5_128_frequency_main,bigram,1000,2098,-0.5714398473501205,4196,2,42,data/runs_scaling/s1v5_128_frequency_main_fixed
s1v5_128_frequency_main,bigram,1000,2725,-0.3251185417175293,2725,1,42,data/runs_scaling/s1v5_128_frequency_main_fixed
s1v5_128_frequency_main,bigram,1000,2450,5.001073479652405,4900,2,42,data/runs_scaling/s1v5_128_frequency_main_fixed
s1v5_128_frequency_main,bigram,1000,15794,0.17435359954833984,15794,1,42,data/runs_scaling/s1v5_128_frequency_main_fixed
s1v5_128_frequency_main,bigram,1000,10155,3.0783438682556152,10155,1,42,data/runs_scaling/s1v5_128_frequency_main_fixed
s1v5_128_frequency_main,bigram,1000,1392,4.495516300201416,1392,1,42,data/runs_scaling/s1v5_128_frequency_main_fixed
s1v5_128_frequency_main,bigram,1000,8962,-1.9226347208023071,8962,1,42,data/runs_scaling/s1v5_128_frequency_main_fixed
s1v5_128_frequency_main,bigram,1000,3135,-7.778647541999817,3135,1,42,data/runs_scaling/s1v5_128_frequency_main_fixed
s1v5_128_frequency_main,bigram,1000,1865,8.307765245437622,1865,1,42,data/runs_scaling/s1v5_128_frequency_main_fixed
s1v5_128_frequency_main,bigram,1000,1614,-3.3076722621917725,1614,1,42,data/runs_scaling/s1v5_128_frequency_main_fixed
s1v5_128_frequency_main,bigram,1000,4228,0.703484296798706,4228,1,42,data/runs_scaling/s1v5_128_frequency_main_fixed
s1v5_128_frequency_main,bigram,1000,2524,0.5268392562866211,5048,2,42,data/runs_scaling/s1v5_128_frequency_main_fixed
s1v5_128_frequency_main,bigram,1000,3648,-0.666107177734375,3648,1,42,data/runs_scaling/s1v5_128_frequency_main_fixed
s1v5_128_frequency_main,bigram,1000,4183,1.6736745834350586,4183,1,42,data/runs_scaling/s1v5_128_frequency_main_fixed
s1v5_128_frequency_main,bigram,1000,11872,0.7680044174194336,11872,1,42,data/runs_scaling/s1v5_128_frequency_main_fixed
s1v5_128_frequency_main,bigram,1000,9723,5.894077956676483,9723,1,42,data/runs_scaling/s1v5_128_frequency_main_fixed
s1v5_128_frequency_main,bigram,1000,4511,0.17510724067687988,4511,1,42,data/runs_scaling/s1v5_128_frequency_main_fixed
s1v5_128_frequency_main,bigram,1000,6000,2.472487449645996,6000,1,42,data/runs_scaling/s1v5_128_frequency_main_fixed
s1v5_128_frequency_main,bigram,1000,2028,-3.4674155712127686,2028,1,42,data/runs_scaling/s1v5_128_frequency_main_fixed
s1v5_128_frequency_main,bigram,1000,2538,5.005038619041443,2538,1,42,data/runs_scaling/s1v5_128_frequency_main_fixed
s1v5_128_frequency_main,bigram,1000,2197,2.391479969024658,2197,1,42,data/runs_scaling/s1v5_128_frequency_main_fixed
s1v5_128_frequency_main,bigram,1000,1288,-1.3126039505004883,1288,1,42,data/runs_scaling/s1v5_128_frequency_main_fixed
s1v5_128_frequency_main,bigram,1000,5759,2.80702543258667,5759,1,42,data/runs_scaling/s1v5_128_frequency_main_fixed
s1v5_128_frequency_main,bigram,1000,3320,0.8898224830627441,3320,1,42,data/runs_scaling/s1v5_128_frequency_main_fixed
s1v5_128_frequency_main,bigram,1000,2035,4.726951718330383,2035,1,42,data/runs_scaling/s1v5_128_frequency_main_fixed
s1v5_128_frequency_main,bigram,1000,1829,3.5548648834228516,1829,1,42,data/runs_scaling/s1v5_128_frequency_main_fixed
s1v5_128_frequency_main,bigram,1000,2533,4.364634037017822,2533,1,42,data/runs_scaling/s1v5_128_frequency_main_fixed
s1v5_128_frequency_main,bigram,1000,1061,-2.2586031705141068,1061,1,42,data/runs_scaling/s1v5_128_frequency_main_fixed
s1v5_128_frequency_main,bigram,1000,1886,0.9610223770141602,1886,1,42,data/runs_scaling/s1v5_128_frequency_main_fixed
s1v5_128_frequency_main,bigram,1000,9348,0.6192522048950195,9348,1,42,data/runs_scaling/s1v5_128_frequency_main_fixed
s1v5_128_frequency_main,bigram,1000,4345,-1.3710908889770508,4345,1,42,data/runs_scaling/s1v5_128_frequency_main_fixed
s1v5_128_frequency_main,bigram,1000,15006,0.41040439903736115,15006,1,42,data/runs_scaling/s1v5_128_frequency_main_fixed
s1v5_128_frequency_main,bigram,1000,5761,1.7118808031082153,5761,1,42,data/runs_scaling/s1v5_128_frequency_main_fixed
s1v5_128_frequency_main,bigram,1000,10542,-2.087194085121155,10542,1,42,data/runs_scaling/s1v5_128_frequency_main_fixed
s1v5_128_frequency_main,bigram,1000,5523,1.4023404121398926,5523,1,42,data/runs_scaling/s1v5_128_frequency_main_fixed
s1v5_128_frequency_main,bigram,1000,11207,4.698069348931313,11207,1,42,data/runs_scaling/s1v5_128_frequency_main_fixed
s1v5_128_frequency_main,bigram,1000,1478,1.7580132484436035,1478,1,42,data/runs_scaling/s1v5_128_frequency_main_fixed
s1v5_128_frequency_main,bigram,1000,7793,3.2052974104881287,7793,1,42,data/runs_scaling/s1v5_128_frequency_main_fixed
s1v5_128_frequency_main,bigram,1000,7376,8.771033644676208,7376,1,42,data/runs_scaling/s1v5_128_frequency_main_fixed
s1v5_128_frequency_main,bigram,1000,2611,5.687881112098694,2611,1,42,data/runs_scaling/s1v5_128_frequency_main_fixed
s1v5_128_frequency_main,bigram,1000,3082,6.858026504516602,3082,1,42,data/runs_scaling/s1v5_128_frequency_main_fixed
s1v5_128_frequency_main,bigram,1000,2073,0.9530501365661621,2073,1,42,data/runs_scaling/s1v5_128_frequency_main_fixed
s1v5_128_frequency_main,bigram,1000,2349,2.429414749145508,2349,1,42,data/runs_scaling/s1v5_128_frequency_main_fixed
s1v5_128_frequency_main,bigram,1000,1542,4.958600759506226,1542,1,42,data/runs_scaling/s1v5_128_frequency_main_fixed
s1v5_128_frequency_main,bigram,1000,4192,10.320829838514328,4192,1,42,data/runs_scaling/s1v5_128_frequency_main_fixed
s1v5_128_frequency_main,bigram,1000,35545,3.472926139831543,35545,1,42,data/runs_scaling/s1v5_128_frequency_main_fixed
s1v5_128_frequency_main,bigram,1000,195964,3.193258047103882,195964,1,42,data/runs_scaling/s1v5_128_frequency_main_fixed
s1v5_128_frequency_main,bigram,1000,3108,1.929466724395752,3108,1,42,data/runs_scaling/s1v5_128_frequency_main_fixed
s1v5_128_frequency_main,bigram,1000,1471,3.1736438274383545,1471,1,42,data/runs_scaling/s1v5_128_frequency_main_fixed
s1v5_128_frequency_main,bigram,1000,2391,-6.478584051132202,2391,1,42,data/runs_scaling/s1v5_128_frequency_main_fixed
s1v5_128_frequency_main,bigram,1000,2288,1.283193826675415,2288,1,42,data/runs_scaling/s1v5_128_frequency_main_fixed
s1v5_128_frequency_main,bigram,1000,3255,2.5139089822769165,3255,1,42,data/runs_scaling/s1v5_128_frequency_main_fixed
s1v5_128_frequency_main,bigram,1000,6996,-4.462695121765137,6996,1,42,data/runs_scaling/s1v5_128_frequency_main_fixed
s1v5_128_frequency_main,bigram,1000,1895,-0.8095091581344604,1895,1,42,data/runs_scaling/s1v5_128_frequency_main_fixed
s1v5_128_frequency_main,bigram,1000,14108,8.794920355081558,14108,1,42,data/runs_scaling/s1v5_128_frequency_main_fixed
s1v5_128_frequency_main,bigram,1000,1847,-0.28211015462875366,1847,1,42,data/runs_scaling/s1v5_128_frequency_main_fixed
s1v5_128_frequency_main,bigram,1000,1806,-1.0901317596435547,1806,1,42,data/runs_scaling/s1v5_128_frequency_main_fixed
s1v5_128_frequency_main,bigram,1000,1719,7.841835975646973,1719,1,42,data/runs_scaling/s1v5_128_frequency_main_fixed
s1v5_128_frequency_main,bigram,1000,4705,-0.1853916049003601,4705,1,42,data/runs_scaling/s1v5_128_frequency_main_fixed
s1v5_128_frequency_main,bigram,1000,6420,-6.350725173950195,6420,1,42,data/runs_scaling/s1v5_128_frequency_main_fixed
s1v5_128_frequency_main,bigram,1000,4930,9.225367546081543,4930,1,42,data/runs_scaling/s1v5_128_frequency_main_fixed
s1v5_128_frequency_main,bigram,1000,1948,-3.4497127532958984,1948,1,42,data/runs_scaling/s1v5_128_frequency_main_fixed
s1v5_128_frequency_main,bigram,1000,4817,2.0779476165771484,4817,1,42,data/runs_scaling/s1v5_128_frequency_main_fixed
s1v5_128_frequency_main,bigram,1000,1789,6.0869399309158325,1789,1,42,data/runs_scaling/s1v5_128_frequency_main_fixed
s1v5_128_frequency_main,bigram,1000,1848,4.66728401184082,1848,1,42,data/runs_scaling/s1v5_128_frequency_main_fixed
s1v5_128_frequency_main,bigram,1000,1513,1.704620361328125,1513,1,42,data/runs_scaling/s1v5_128_frequency_main_fixed
s1v5_128_frequency_main,bigram,1000,5442,-4.961510896682739,5442,1,42,data/runs_scaling/s1v5_128_frequency_main_fixed
s1v5_128_frequency_main,bigram,1000,2266,-2.7779746055603027,2266,1,42,data/runs_scaling/s1v5_128_frequency_main_fixed
s1v5_128_frequency_main,bigram,1000,1813,-0.946021556854248,1813,1,42,data/runs_scaling/s1v5_128_frequency_main_fixed
s1v5_128_frequency_main,bigram,1000,2581,-0.7701860070228577,2581,1,42,data/runs_scaling/s1v5_128_frequency_main_fixed
s1v5_128_frequency_main,bigram,1000,12826,5.170241594314575,12826,1,42,data/runs_scaling/s1v5_128_frequency_main_fixed
s1v5_128_frequency_main,bigram,1000,6845,7.25153112411499,6845,1,42,data/runs_scaling/s1v5_128_frequency_main_fixed
s1v5_128_frequency_main,bigram,1000,3001,-3.7324244379997253,3001,1,42,data/runs_scaling/s1v5_128_frequency_main_fixed
s1v5_128_frequency_main,bigram,1000,1674,-0.01034402847290039,1674,1,42,data/runs_scaling/s1v5_128_frequency_main_fixed
s1v5_128_frequency_main,bigram,1000,1624,3.6688027381896973,1624,1,42,data/runs_scaling/s1v5_128_frequency_main_fixed
s1v5_128_frequency_main,bigram,1000,2745,1.3483881950378418,2745,1,42,data/runs_scaling/s1v5_128_frequency_main_fixed
s1v5_128_frequency_main,bigram,1000,5804,0.3237314224243164,5804,1,42,data/runs_scaling/s1v5_128_frequency_main_fixed
s1v5_128_frequency_main,trigram,1000,110,0.21332772398290378,16060,146,42,data/runs_scaling/s1v5_128_frequency_main_fixed
s1v5_128_frequency_main,trigram,1000,473,1.0235658613964915,3784,8,42,data/runs_scaling/s1v5_128_frequency_main_fixed
s1v5_128_frequency_main,trigram,1000,498,3.1423194435055315,8466,17,42,data/runs_scaling/s1v5_128_frequency_main_fixed
s1v5_128_frequency_main,trigram,1000,124,0.6540511861910175,14508,117,42,data/runs_scaling/s1v5_128_frequency_main_fixed
s1v5_128_frequency_main,trigram,1000,275,0.14567825899404638,9350,34,42,data/runs_scaling/s1v5_128_frequency_main_fixed
s1v5_128_frequency_main,trigram,1000,1692,-0.34629321098327637,1692,1,42,data/runs_scaling/s1v5_128_frequency_main_fixed
s1v5_128_frequency_main,trigram,1000,160,0.5813276196816048,14880,93,42,data/runs_scaling/s1v5_128_frequency_main_fixed
s1v5_128_frequency_main,trigram,1000,46,1.1432427066226467,16284,354,42,data/runs_scaling/s1v5_128_frequency_main_fixed
s1v5_128_frequency_main,trigram,1000,1,3.1636822303936247,518,518,42,data/runs_scaling/s1v5_128_frequency_main_fixed
s1v5_128_frequency_main,trigram,1000,31,1.0436885123195596,13640,440,42,data/runs_scaling/s1v5_128_frequency_main_fixed
s1v5_128_frequency_main,trigram,1000,112,0.88994795255966,18144,162,42,data/runs_scaling/s1v5_128_frequency_main_fixed
s1v5_128_frequency_main,trigram,1000,62,0.8968275016729249,17298,279,42,data/runs_scaling/s1v5_128_frequency_main_fixed
s1v5_128_frequency_main,trigram,1000,26,1.2221711213779,12168,468,42,data/runs_scaling/s1v5_128_frequency_main_fixed
s1v5_128_frequency_main,trigram,1000,97,0.727500995253882,16684,172,42,data/runs_scaling/s1v5_128_frequency_main_fixed
s1v5_128_frequency_main,trigram,1000,40,0.8726363013946918,17400,435,42,data/runs_scaling/s1v5_128_frequency_main_fixed
s1v5_128_frequency_main,trigram,1000,185,0.3954885845855137,13320,72,42,data/runs_scaling/s1v5_128_frequency_main_fixed
s1v5_128_frequency_main,trigram,1000,308,0.9446615855707678,13244,43,42,data/runs_scaling/s1v5_128_frequency_main_fixed
s1v5_128_frequency_main,trigram,1000,73,0.572177243655866,18323,251,42,data/runs_scaling/s1v5_128_frequency_main_fixed
s1v5_128_frequency_main,trigram,1000,15,1.5919100705748406,8280,552,42,data/runs_scaling/s1v5_128_frequency_main_fixed
s1v5_128_frequency_main,trigram,1000,16,1.3794354435124088,8704,544,42,data/runs_scaling/s1v5_128_frequency_main_fixed
s1v5_128_frequency_main,trigram,1000,141,-0.05200672143338514,14805,105,42,data/runs_scaling/s1v5_128_frequency_main_fixed
s1v5_128_frequency_main,trigram,1000,244,-0.1457912209958662,9516,39,42,data/runs_scaling/s1v5_128_frequency_main_fixed
s1v5_128_frequency_main,trigram,1000,254,0.5531861189523294,11176,44,42,data/runs_scaling/s1v5_128_frequency_main_fixed
s1v5_128_frequency_main,trigram,1000,736,0.6276065707206726,2944,4,42,data/runs_scaling/s1v5_128_frequency_main_fixed
s1v5_128_frequency_main,trigram,1000,219,-0.2730744086142045,11169,51,42,data/runs_scaling/s1v5_128_frequency_main_fixed
s1v5_128_frequency_main,trigram,1000,61,0.8048569526110295,15921,261,42,data/runs_scaling/s1v5_128_frequency_main_fixed
s1v5_128_frequency_main,trigram,1000,28,1.2461042443848103,13860,495,42,data/runs_scaling/s1v5_128_frequency_main_fixed
s1v5_128_frequency_main,trigram,1000,284,-0.035873154794136365,8804,31,42,data/runs_scaling/s1v5_128_frequency_main_fixed
s1v5_128_frequency_main,trigram,1000,7,1.989473681033276,4256,608,42,data/runs_scaling/s1v5_128_frequency_main_fixed
s1v5_128_frequency_main,trigram,1000,2,2.731715052582421,1208,604,42,data/runs_scaling/s1v5_128_frequency_main_fixed
s1v5_128_frequency_main,trigram,1000,715,1.9642023146152496,4290,6,42,data/runs_scaling/s1v5_128_frequency_main_fixed
s1v5_128_frequency_main,trigram,1000,20,1.4221789783054144,9500,475,42,data/runs_scaling/s1v5_128_frequency_main_fixed
s1v5_128_frequency_main,trigram,1000,13,1.556054645529484,7241,557,42,data/runs_scaling/s1v5_128_frequency_main_fixed
s1v5_128_frequency_main,trigram,1000,6107,3.7960731983184814,6107,1,42,data/runs_scaling/s1v5_128_frequency_main_fixed
s1v5_128_frequency_main,trigram,1000,384,-0.2758426144719124,4608,12,42,data/runs_scaling/s1v5_128_frequency_main_fixed
s1v5_128_frequency_main,trigram,1000,335,-0.4179112159957488,8040,24,42,data/runs_scaling/s1v5_128_frequency_main_fixed
s1v5_128_frequency_main,trigram,1000,469,0.16883376939222217,2814,6,42,data/runs_scaling/s1v5_128_frequency_main_fixed
s1v5_128_frequency_main,trigram,1000,6,2.170965712211844,3648,608,42,data/runs_scaling/s1v5_128_frequency_main_fixed
s1v5_128_frequency_main,trigram,1000,165,0.48906477766058193,13695,83,42,data/runs_scaling/s1v5_128_frequency_main_fixed
s1v5_128_frequency_main,trigram,1000,47,0.9855079774618155,15933,339,42,data/runs_scaling/s1v5_128_frequency_main_fixed
s1v5_128_frequency_main,trigram,1000,253,0.8668855034571606,8855,35,42,data/runs_scaling/s1v5_128_frequency_main_fixed
s1v5_128_frequency_main,trigram,1000,831,2.3883261680603027,1662,2,42,data/runs_scaling/s1v5_128_frequency_main_fixed
s1v5_128_frequency_main,trigram,1000,502,-1.943860112266107,5522,11,42,data/runs_scaling/s1v5_128_frequency_main_fixed
s1v5_128_frequency_main,trigram,1000,413,1.338531089015305,6608,16,42,data/runs_scaling/s1v5_128_frequency_main_fixed
s1v5_128_frequency_main,trigram,1000,317,-0.02075937179767567,7291,23,42,data/runs_scaling/s1v5_128_frequency_main_fixed
s1v5_128_frequency_main,trigram,1000,11,1.5814580805772136,6138,558,42,data/runs_scaling/s1v5_128_frequency_main_fixed
s1v5_128_frequency_main,trigram,1000,193,0.9069015038950033,15826,82,42,data/runs_scaling/s1v5_128_frequency_main_fixed
s1v5_128_frequency_main,trigram,1000,22,1.4405403245492918,11330,515,42,data/runs_scaling/s1v5_128_frequency_main_fixed
s1v5_128_frequency_main,trigram,1000,173,1.0689825680739635,10034,58,42,data/runs_scaling/s1v5_128_frequency_main_fixed
s1v5_128_frequency_main,trigram,1000,171,0.3398832717200275,12825,75,42,data/runs_scaling/s1v5_128_frequency_main_fixed
s1v5_128_frequency_main,trigram,1000,5,2.1657718435462967,2950,590,42,data/runs_scaling/s1v5_128_frequency_main_fixed
s1v5_128_frequency_main,trigram,1000,433,1.3089199755340815,6928,16,42,data/runs_scaling/s1v5_128_frequency_main_fixed
s1v5_128_frequency_main,trigram,1000,21,1.4708525459855235,11151,531,42,data/runs_scaling/s1v5_128_frequency_main_fixed
s1v5_128_frequency_main,trigram,1000,150,0.7151841884270436,15750,105,42,data/runs_scaling/s1v5_128_frequency_main_fixed
s1v5_128_frequency_main,trigram,1000,37,0.961946635747248,14282,386,42,data/runs_scaling/s1v5_128_frequency_main_fixed
s1v5_128_frequency_main,trigram,1000,29,1.4044315085629082,13659,471,42,data/runs_scaling/s1v5_128_frequency_main_fixed
s1v5_128_frequency_main,trigram,1000,39,1.1148357100184678,15366,394,42,data/runs_scaling/s1v5_128_frequency_main_fixed
s1v5_128_frequency_main,trigram,1000,192,0.0858623641139392,11904,62,42,data/runs_scaling/s1v5_128_frequency_main_fixed
s1v5_128_frequency_main,trigram,1000,233,1.3977323872247889,9786,42,42,data/runs_scaling/s1v5_128_frequency_main_fixed
s1v5_128_frequency_main,trigram,1000,107,0.5474526402899856,19260,180,42,data/runs_scaling/s1v5_128_frequency_main_fixed
s1v5_128_frequency_main,trigram,1000,23,1.2617009525798495,11040,480,42,data/runs_scaling/s1v5_128_frequency_main_fixed
s1v5_128_frequency_main,trigram,1000,88,0.8069814511202822,17600,200,42,data/runs_scaling/s1v5_128_frequency_main_fixed
s1v5_128_frequency_main,trigram,1000,291,1.1266129350988194,11058,38,42,data/runs_scaling/s1v5_128_frequency_main_fixed
s1v5_128_frequency_main,trigram,1000,18,1.498205572137573,8946,497,42,data/runs_scaling/s1v5_128_frequency_main_fixed
s1v5_128_frequency_main,trigram,1000,44,0.9285870454735022,15884,361,42,data/runs_scaling/s1v5_128_frequency_main_fixed
s1v5_128_frequency_main,trigram,1000,45,1.254354762689643,15210,338,42,data/runs_scaling/s1v5_128_frequency_main_fixed
s1v5_128_frequency_main,trigram,1000,75,0.8765819539467845,17250,230,42,data/runs_scaling/s1v5_128_frequency_main_fixed
s1v5_128_frequency_main,trigram,1000,17,1.383259097184234,9367,551,42,data/runs_scaling/s1v5_128_frequency_main_fixed
s1v5_128_frequency_main,trigram,1000,38,0.8911363996376337,16302,429,42,data/runs_scaling/s1v5_128_frequency_main_fixed
s1v5_128_frequency_main,trigram,1000,92,1.1509808274360347,19320,210,42,data/runs_scaling/s1v5_128_frequency_main_fixed
s1v5_128_frequency_main,trigram,1000,152,0.6194611835867956,13984,92,42,data/runs_scaling/s1v5_128_frequency_main_fixed
s1v5_128_frequency_main,trigram,1000,80,0.7787754463252493,18640,233,42,data/runs_scaling/s1v5_128_frequency_main_fixed
s1v5_128_frequency_main,trigram,1000,10,1.7719912352242257,5870,587,42,data/runs_scaling/s1v5_128_frequency_main_fixed
s1v5_128_frequency_main,trigram,1000,33,0.9589445401139769,14487,439,42,data/runs_scaling/s1v5_128_frequency_main_fixed
s1v5_128_frequency_main,trigram,1000,79,0.7658771910200375,18091,229,42,data/runs_scaling/s1v5_128_frequency_main_fixed
s1v5_128_frequency_main,trigram,1000,272,-1.4112343441574249,7344,27,42,data/runs_scaling/s1v5_128_frequency_main_fixed
s1v5_128_frequency_main,trigram,1000,242,0.6751274805066443,11374,47,42,data/runs_scaling/s1v5_128_frequency_main_fixed
s1v5_128_frequency_main,trigram,1000,76,0.6016205191532112,17404,229,42,data/runs_scaling/s1v5_128_frequency_main_fixed
s1v5_128_frequency_main,trigram,1000,57,0.9580333268872251,16587,291,42,data/runs_scaling/s1v5_128_frequency_main_fixed
s1v5_128_frequency_main,trigram,1000,52,0.5752696854515582,17160,330,42,data/runs_scaling/s1v5_128_frequency_main_fixed
s1v5_128_frequency_main,trigram,1000,84,1.0657016141046518,16884,201,42,data/runs_scaling/s1v5_128_frequency_main_fixed
s1v5_128_frequency_main,trigram,1000,36,1.28806220665187,15084,419,42,data/runs_scaling/s1v5_128_frequency_main_fixed
s1v5_128_frequency_main,trigram,1000,55,0.9366240287269832,15730,286,42,data/runs_scaling/s1v5_128_frequency_main_fixed
s1v5_128_frequency_main,trigram,1000,30,1.0307430819372194,13200,440,42,data/runs_scaling/s1v5_128_frequency_main_fixed
s1v5_128_frequency_main,trigram,1000,34,1.1454819828022575,14076,414,42,data/runs_scaling/s1v5_128_frequency_main_fixed
s1v5_128_frequency_main,trigram,1000,378,0.11840316891670227,9450,25,42,data/runs_scaling/s1v5_128_frequency_main_fixed
s1v5_128_frequency_main,trigram,1000,161,0.6845075137473514,13363,83,42,data/runs_scaling/s1v5_128_frequency_main_fixed
s1v5_128_frequency_main,trigram,1000,42,1.057488914364622,15330,365,42,data/runs_scaling/s1v5_128_frequency_main_fixed
s1v5_128_frequency_main,trigram,1000,63,0.9480132022766266,17766,282,42,data/runs_scaling/s1v5_128_frequency_main_fixed
s1v5_128_frequency_main,trigram,1000,104,0.7602920489703271,17784,171,42,data/runs_scaling/s1v5_128_frequency_main_fixed
s1v5_128_frequency_main,trigram,1000,100,1.0914340167256062,17300,173,42,data/runs_scaling/s1v5_128_frequency_main_fixed
s1v5_128_frequency_main,trigram,1000,12,1.6282522382585445,6660,555,42,data/runs_scaling/s1v5_128_frequency_main_fixed
s1v5_128_frequency_main,trigram,1000,183,0.3620184711454546,12444,68,42,data/runs_scaling/s1v5_128_frequency_main_fixed
s1v5_128_frequency_main,trigram,1000,125,0.7756504247123182,18750,150,42,data/runs_scaling/s1v5_128_frequency_main_fixed
s1v5_128_frequency_main,trigram,1000,9,1.8868272634460879,5409,601,42,data/runs_scaling/s1v5_128_frequency_main_fixed
s1v5_128_frequency_main,trigram,1000,71,0.9768033651830744,17040,240,42,data/runs_scaling/s1v5_128_frequency_main_fixed
s1v5_128_frequency_main,trigram,1000,837,3.5475176572799683,2511,3,42,data/runs_scaling/s1v5_128_frequency_main_fixed
s1v5_128_frequency_main,trigram,1000,258,0.5045778214623551,7998,31,42,data/runs_scaling/s1v5_128_frequency_main_fixed
s1v5_128_frequency_main,trigram,1000,74,0.6784897254518619,17390,235,42,data/runs_scaling/s1v5_128_frequency_main_fixed
s1v5_128_frequency_main,trigram,1000,326,0.22289920084435363,9454,29,42,data/runs_scaling/s1v5_128_frequency_main_fixed
s1v5_128_frequency_main,trigram,1000,148,0.34197980320372845,12432,84,42,data/runs_scaling/s1v5_128_frequency_main_fixed
s1v5_128_frequency_main,trigram,1000,363,1.24058287187169,6534,18,42,data/runs_scaling/s1v5_128_frequency_main_fixed
s1v5_128_frequency_main,trigram,1000,4,2.2649660260713125,2604,651,42,data/runs_scaling/s1v5_128_frequency_main_fixed
s1v5_128_frequency_main,trigram,1000,3,2.371591119561976,1935,645,42,data/runs_scaling/s1v5_128_frequency_main_fixed
s1v5_128_frequency_main,trigram,1000,19,1.4056663140131835,9690,510,42,data/runs_scaling/s1v5_128_frequency_main_fixed
s1v5_128_frequency_main,trigram,1000,8,1.8996764148591199,4800,600,42,data/runs_scaling/s1v5_128_frequency_main_fixed
s1v5_128_frequency_main,trigram,1000,25,1.3276679847032056,12375,495,42,data/runs_scaling/s1v5_128_frequency_main_fixed
s1v5_128_frequency_main,trigram,1000,323,0.5460131814082464,7752,24,42,data/runs_scaling/s1v5_128_frequency_main_fixed
s1v5_128_frequency_main,trigram,1000,166,0.424196107821815,13446,81,42,data/runs_scaling/s1v5_128_frequency_main_fixed
s1v5_128_frequency_main,trigram,1000,210,0.09398377907346003,8400,40,42,data/runs_scaling/s1v5_128_frequency_main_fixed
s1v5_128_frequency_main,trigram,1000,121,0.3557105471659807,15367,127,42,data/runs_scaling/s1v5_128_frequency_main_fixed
s1v5_128_frequency_main,trigram,1000,67,0.7262399473771015,17554,262,42,data/runs_scaling/s1v5_128_frequency_main_fixed
s1v5_128_frequency_main,trigram,1000,122,0.31326420245858844,13908,114,42,data/runs_scaling/s1v5_128_frequency_main_fixed
s1v5_128_frequency_main,trigram,1000,2789,-2.7659215927124023,2789,1,42,data/runs_scaling/s1v5_128_frequency_main_fixed
s1v5_128_frequency_main,trigram,1000,1778,0.09608793258666992,1778,1,42,data/runs_scaling/s1v5_128_frequency_main_fixed
s1v5_128_frequency_main,trigram,1000,181,0.14718816882388916,18824,104,42,data/runs_scaling/s1v5_128_frequency_main_fixed
s1v5_128_frequency_main,trigram,1000,246,0.3820835009825473,12054,49,42,data/runs_scaling/s1v5_128_frequency_main_fixed
s1v5_128_frequency_main,trigram,1000,252,0.09564377914648503,10836,43,42,data/runs_scaling/s1v5_128_frequency_main_fixed
s1v5_128_frequency_main,trigram,1000,442,-0.5336415578931337,7072,16,42,data/runs_scaling/s1v5_128_frequency_main_fixed
s1v5_128_frequency_main,trigram,1000,1316,0.7052319447199503,3948,3,42,data/runs_scaling/s1v5_128_frequency_main_fixed
s1v5_128_frequency_main,trigram,1000,83,0.5395208660994781,17181,207,42,data/runs_scaling/s1v5_128_frequency_main_fixed
s1v5_128_frequency_main,trigram,1000,289,-0.6561434083338827,7225,25,42,data/runs_scaling/s1v5_128_frequency_main_fixed
s1v5_128_frequency_main,trigram,1000,824,-1.3247032165527344,824,1,42,data/runs_scaling/s1v5_128_frequency_main_fixed
s1v5_128_frequency_main,trigram,1000,412,1.0273303209044236,7828,19,42,data/runs_scaling/s1v5_128_frequency_main_fixed
s1v5_128_frequency_main,trigram,1000,478,1.4984375029802321,4780,10,42,data/runs_scaling/s1v5_128_frequency_main_fixed
s1v5_128_frequency_main,trigram,1000,356,1.1501971914881974,4984,14,42,data/runs_scaling/s1v5_128_frequency_main_fixed
s1v5_128_frequency_main,trigram,1000,178,0.601653862339384,13706,77,42,data/runs_scaling/s1v5_128_frequency_main_fixed
s1v5_128_frequency_main,trigram,1000,87,1.1338087450133938,16356,188,42,data/runs_scaling/s1v5_128_frequency_main_fixed
s1v5_128_frequency_main,trigram,1000,334,-0.1243796743452549,6680,20,42,data/runs_scaling/s1v5_128_frequency_main_fixed
s1v5_128_frequency_main,trigram,1000,421,0.43632045295089483,5894,14,42,data/runs_scaling/s1v5_128_frequency_main_fixed
s1v5_128_frequency_main,trigram,1000,370,2.3384672021493316,7400,20,42,data/runs_scaling/s1v5_128_frequency_main_fixed
s1v5_128_frequency_main,trigram,1000,120,1.0409071915026786,14040,117,42,data/runs_scaling/s1v5_128_frequency_main_fixed
s1v5_128_frequency_main,trigram,1000,99,1.34240864396447,15939,161,42,data/runs_scaling/s1v5_128_frequency_main_fixed
s1v5_128_frequency_main,trigram,1000,444,2.1113688523182645,3996,9,42,data/runs_scaling/s1v5_128_frequency_main_fixed
s1v5_128_frequency_main,trigram,1000,142,0.5586454227583966,15194,107,42,data/runs_scaling/s1v5_128_frequency_main_fixed
s1v5_128_frequency_main,trigram,1000,81,0.8659004886521463,18063,223,42,data/runs_scaling/s1v5_128_frequency_main_fixed
s1v5_128_frequency_main,trigram,1000,222,0.541281368038705,11766,53,42,data/runs_scaling/s1v5_128_frequency_main_fixed
s1v5_128_frequency_main,trigram,1000,64,0.8262895105726784,17728,277,42,data/runs_scaling/s1v5_128_frequency_main_fixed
s1v5_128_frequency_main,trigram,1000,69,0.6453072237775778,17250,250,42,data/runs_scaling/s1v5_128_frequency_main_fixed
s1v5_128_frequency_main,trigram,1000,59,0.7006836989150041,16284,276,42,data/runs_scaling/s1v5_128_frequency_main_fixed
s1v5_128_frequency_main,trigram,1000,68,0.8923602682373124,18496,272,42,data/runs_scaling/s1v5_128_frequency_main_fixed
s1v5_128_frequency_main,trigram,1000,135,0.8383422577232112,15255,113,42,data/runs_scaling/s1v5_128_frequency_main_fixed
s1v5_128_frequency_main,trigram,1000,748,0.3597269058227539,3740,5,42,data/runs_scaling/s1v5_128_frequency_main_fixed
s1v5_128_frequency_main,trigram,1000,481,0.4421889348886907,3848,8,42,data/runs_scaling/s1v5_128_frequency_main_fixed
s1v5_128_frequency_main,trigram,1000,251,0.8471920923662505,10542,42,42,data/runs_scaling/s1v5_128_frequency_main_fixed
s1v5_128_frequency_main,trigram,1000,205,1.6832888965841895,10455,51,42,data/runs_scaling/s1v5_128_frequency_main_fixed
s1v5_128_frequency_main,trigram,1000,217,0.05804939633289482,9331,43,42,data/runs_scaling/s1v5_128_frequency_main_fixed
s1v5_128_frequency_main,trigram,1000,595,1.8347993494632344,3570,6,42,data/runs_scaling/s1v5_128_frequency_main_fixed
s1v5_128_frequency_main,trigram,1000,197,1.020688221007327,10638,54,42,data/runs_scaling/s1v5_128_frequency_main_fixed
s1v5_128_frequency_main,trigram,1000,35,0.9370681614878772,14945,427,42,data/runs_scaling/s1v5_128_frequency_main_fixed
s1v5_128_frequency_main,trigram,1000,94,0.9136091323197391,17954,191,42,data/runs_scaling/s1v5_128_frequency_main_fixed
s1v5_128_frequency_main,trigram,1000,50,1.2161303733865259,14900,298,42,data/runs_scaling/s1v5_128_frequency_main_fixed
s1v5_128_frequency_main,trigram,1000,48,0.7408106854733968,15168,316,42,data/runs_scaling/s1v5_128_frequency_main_fixed
s1v5_128_frequency_main,trigram,1000,82,0.6706186263076741,17630,215,42,data/runs_scaling/s1v5_128_frequency_main_fixed
s1v5_128_frequency_main,trigram,1000,117,0.08406084434794209,15210,130,42,data/runs_scaling/s1v5_128_frequency_main_fixed
s1v5_128_frequency_main,trigram,1000,307,0.13306055733968,7368,24,42,data/runs_scaling/s1v5_128_frequency_main_fixed
s1v5_128_frequency_main,trigram,1000,128,0.6944092724978815,12032,94,42,data/runs_scaling/s1v5_128_frequency_main_fixed
s1v5_128_frequency_main,trigram,1000,154,1.0634506915184072,14784,96,42,data/runs_scaling/s1v5_128_frequency_main_fixed
s1v5_128_frequency_main,trigram,1000,139,0.7479532459147947,14039,101,42,data/runs_scaling/s1v5_128_frequency_main_fixed
s1v5_128_frequency_main,trigram,1000,206,0.8187640583663083,14008,68,42,data/runs_scaling/s1v5_128_frequency_main_fixed
s1v5_128_frequency_main,trigram,1000,78,0.6541932940463752,17550,225,42,data/runs_scaling/s1v5_128_frequency_main_fixed
s1v5_128_frequency_main,trigram,1000,133,0.6817553913200194,17689,133,42,data/runs_scaling/s1v5_128_frequency_main_fixed
s1v5_128_frequency_main,trigram,1000,51,1.3161064054035967,16167,317,42,data/runs_scaling/s1v5_128_frequency_main_fixed
s1v5_128_frequency_main,trigram,1000,126,0.6770563812952006,17766,141,42,data/runs_scaling/s1v5_128_frequency_main_fixed
s1v5_128_frequency_main,trigram,1000,350,0.32067486703661935,7350,21,42,data/runs_scaling/s1v5_128_frequency_main_fixed
s1v5_128_frequency_main,trigram,1000,184,0.8100039753360975,12512,68,42,data/runs_scaling/s1v5_128_frequency_main_fixed
s1v5_128_frequency_main,trigram,1000,53,0.9504204658160461,16907,319,42,data/runs_scaling/s1v5_128_frequency_main_fixed
s1v5_128_frequency_main,trigram,1000,449,0.556087277965465,5388,12,42,data/runs_scaling/s1v5_128_frequency_main_fixed
s1v5_128_frequency_main,trigram,1000,85,1.0098888586204882,16235,191,42,data/runs_scaling/s1v5_128_frequency_main_fixed
s1v5_128_frequency_main,trigram,1000,115,0.46953876046402243,15755,137,42,data/runs_scaling/s1v5_128_frequency_main_fixed
s1v5_128_frequency_main,trigram,1000,189,-0.28798061142015285,12096,64,42,data/runs_scaling/s1v5_128_frequency_main_fixed
s1v5_128_frequency_main,trigram,1000,267,0.8195335846610559,9612,36,42,data/runs_scaling/s1v5_128_frequency_main_fixed
s1v5_128_frequency_main,trigram,1000,109,0.6598177771326542,17985,165,42,data/runs_scaling/s1v5_128_frequency_main_fixed
s1v5_128_frequency_main,trigram,1000,468,1.3484910699938024,6552,14,42,data/runs_scaling/s1v5_128_frequency_main_fixed
s1v5_128_frequency_main,trigram,1000,27,1.4286678278392773,12690,470,42,data/runs_scaling/s1v5_128_frequency_main_fixed
s1v5_128_frequency_main,trigram,1000,163,0.6179606786253591,14018,86,42,data/runs_scaling/s1v5_128_frequency_main_fixed
s1v5_128_frequency_main,trigram,1000,218,0.3868978597854627,11118,51,42,data/runs_scaling/s1v5_128_frequency_main_fixed
s1v5_128_frequency_main,trigram,1000,101,0.6102744328122777,19493,193,42,data/runs_scaling/s1v5_128_frequency_main_fixed
s1v5_128_frequency_main,trigram,1000,172,0.5966091514848902,13932,81,42,data/runs_scaling/s1v5_128_frequency_main_fixed
s1v5_128_frequency_main,trigram,1000,43,0.8452654991351044,14491,337,42,data/runs_scaling/s1v5_128_frequency_main_fixed
s1v5_128_frequency_main,trigram,1000,209,1.0883339375841725,11286,54,42,data/runs_scaling/s1v5_128_frequency_main_fixed
s1v5_128_frequency_main,trigram,1000,102,0.6154324958085995,16116,158,42,data/runs_scaling/s1v5_128_frequency_main_fixed
s1v5_128_frequency_main,trigram,1000,134,0.5262593318652315,13668,102,42,data/runs_scaling/s1v5_128_frequency_main_fixed
s1v5_128_frequency_main,trigram,1000,14,1.507144971817194,7686,549,42,data/runs_scaling/s1v5_128_frequency_main_fixed
s1v5_128_frequency_main,trigram,1000,387,0.5853633164827313,5418,14,42,data/runs_scaling/s1v5_128_frequency_main_fixed
s1v5_128_frequency_main,trigram,1000,325,-0.19146823769967472,9100,28,42,data/runs_scaling/s1v5_128_frequency_main_fixed
s1v5_128_frequency_main,trigram,1000,96,0.7572432040049651,19488,203,42,data/runs_scaling/s1v5_128_frequency_main_fixed
s1v5_128_frequency_main,trigram,1000,144,1.148939276455572,14544,101,42,data/runs_scaling/s1v5_128_frequency_main_fixed
s1v5_128_frequency_main,trigram,1000,292,0.5769022525318207,9052,31,42,data/runs_scaling/s1v5_128_frequency_main_fixed
s1v5_128_frequency_main,trigram,1000,130,0.3819864051974946,16640,128,42,data/runs_scaling/s1v5_128_frequency_main_fixed
s1v5_128_frequency_main,trigram,1000,41,1.018572432576006,15416,376,42,data/runs_scaling/s1v5_128_frequency_main_fixed
s1v5_128_frequency_main,trigram,1000,119,0.4152761437690863,16184,136,42,data/runs_scaling/s1v5_128_frequency_main_fixed
s1v5_128_frequency_main,trigram,1000,2273,-4.4051713943481445,2273,1,42,data/runs_scaling/s1v5_128_frequency_main_fixed
s1v5_128_frequency_main,trigram,1000,402,0.5172532857767591,7236,18,42,data/runs_scaling/s1v5_128_frequency_main_fixed
s1v5_128_frequency_main,trigram,1000,862,-1.9024254083633423,1724,2,42,data/runs_scaling/s1v5_128_frequency_main_fixed
s1v5_128_frequency_main,trigram,1000,490,0.6627001538872719,5880,12,42,data/runs_scaling/s1v5_128_frequency_main_fixed
s1v5_128_frequency_main,trigram,1000,137,0.5026790553871542,17125,125,42,data/runs_scaling/s1v5_128_frequency_main_fixed
s1v5_128_frequency_main,trigram,1000,116,0.9640804027466484,16588,143,42,data/runs_scaling/s1v5_128_frequency_main_fixed
s1v5_128_frequency_main,trigram,1000,108,0.4583968227405311,14256,132,42,data/runs_scaling/s1v5_128_frequency_main_fixed
s1v5_128_frequency_main,trigram,1000,236,-0.15689362006903182,14396,61,42,data/runs_scaling/s1v5_128_frequency_main_fixed
s1v5_128_frequency_main,trigram,1000,182,1.0472218319082458,11648,64,42,data/runs_scaling/s1v5_128_frequency_main_fixed
s1v5_128_frequency_main,trigram,1000,24,1.144792052227369,12576,524,42,data/runs_scaling/s1v5_128_frequency_main_fixed
s1v5_128_frequency_main,trigram,1000,65,0.9028111849890943,18395,283,42,data/runs_scaling/s1v5_128_frequency_main_fixed
s1v5_128_frequency_main,trigram,1000,131,1.3738919735858965,17947,137,42,data/runs_scaling/s1v5_128_frequency_main_fixed
s1v5_128_frequency_main,trigram,1000,358,1.685215180665384,6444,18,42,data/runs_scaling/s1v5_128_frequency_main_fixed
s1v5_128_frequency_main,trigram,1000,215,0.40998470585784125,10965,51,42,data/runs_scaling/s1v5_128_frequency_main_fixed
s1v5_128_frequency_main,trigram,1000,159,0.7054119562966298,11925,75,42,data/runs_scaling/s1v5_128_frequency_main_fixed
s1v5_128_frequency_main,trigram,1000,186,0.1763981596003219,12834,69,42,data/runs_scaling/s1v5_128_frequency_main_fixed
s1v5_128_frequency_main,trigram,1000,105,0.8506800432184328,14700,140,42,data/runs_scaling/s1v5_128_frequency_main_fixed
s1v5_128_frequency_main,trigram,1000,49,0.9508059715420724,15435,315,42,data/runs_scaling/s1v5_128_frequency_main_fixed
s1v5_128_frequency_main,trigram,1000,517,2.7756038159132004,5170,10,42,data/runs_scaling/s1v5_128_frequency_main_fixed
s1v5_128_frequency_main,trigram,1000,347,0.9585263001422087,5205,15,42,data/runs_scaling/s1v5_128_frequency_main_fixed
s1v5_128_frequency_main,trigram,1000,175,0.25977482817190894,13300,76,42,data/runs_scaling/s1v5_128_frequency_main_fixed
s1v5_128_frequency_main,trigram,1000,398,0.2941542769020254,8756,22,42,data/runs_scaling/s1v5_128_frequency_main_fixed
s1v5_128_frequency_main,trigram,1000,262,1.308483445073331,9956,38,42,data/runs_scaling/s1v5_128_frequency_main_fixed
s1v5_128_frequency_main,trigram,1000,235,0.9351072974871097,9635,41,42,data/runs_scaling/s1v5_128_frequency_main_fixed
s1v5_128_frequency_main,trigram,1000,132,1.0776314568973462,17952,136,42,data/runs_scaling/s1v5_128_frequency_main_fixed
s1v5_128_frequency_main,trigram,1000,270,1.6488423323857464,9450,35,42,data/runs_scaling/s1v5_128_frequency_main_fixed
s1v5_128_frequency_main,trigram,1000,223,0.5177465354784444,10035,45,42,data/runs_scaling/s1v5_128_frequency_main_fixed
s1v5_128_frequency_main,trigram,1000,331,0.29727483537935767,6620,20,42,data/runs_scaling/s1v5_128_frequency_main_fixed
s1v5_128_frequency_main,trigram,1000,54,0.7977840346355963,15606,289,42,data/runs_scaling/s1v5_128_frequency_main_fixed
s1v5_128_frequency_main,trigram,1000,283,1.7652176617480375,9622,34,42,data/runs_scaling/s1v5_128_frequency_main_fixed
s1v5_128_frequency_main,trigram,1000,243,0.6353212686469002,10206,42,42,data/runs_scaling/s1v5_128_frequency_main_fixed
s1v5_128_frequency_main,trigram,1000,195,1.6780264710121957,11895,61,42,data/runs_scaling/s1v5_128_frequency_main_fixed
s1v5_128_frequency_main,trigram,1000,106,0.7947117249595675,16006,151,42,data/runs_scaling/s1v5_128_frequency_main_fixed
s1v5_128_frequency_main,trigram,1000,318,0.34479732917887823,8904,28,42,data/runs_scaling/s1v5_128_frequency_main_fixed
s1v5_128_frequency_main,trigram,1000,428,1.1507418867614534,3852,9,42,data/runs_scaling/s1v5_128_frequency_main_fixed
s1v5_128_frequency_main,trigram,1000,58,0.7641838538289294,17458,301,42,data/runs_scaling/s1v5_128_frequency_main_fixed
s1v5_128_frequency_main,trigram,1000,77,0.8291569282415677,18942,246,42,data/runs_scaling/s1v5_128_frequency_main_fixed
s1v5_128_frequency_main,trigram,1000,411,-0.3746219206130869,6165,15,42,data/runs_scaling/s1v5_128_frequency_main_fixed
s1v5_128_frequency_main,trigram,1000,798,-1.3421392440795898,1596,2,42,data/runs_scaling/s1v5_128_frequency_main_fixed
s1v5_128_frequency_main,trigram,1000,153,0.3205094066006116,16524,108,42,data/runs_scaling/s1v5_128_frequency_main_fixed
s1v5_128_frequency_main,trigram,1000,355,0.5830922008802494,8520,24,42,data/runs_scaling/s1v5_128_frequency_main_fixed
s1v5_128_frequency_main,trigram,1000,612,-2.606623659655452,3060,5,42,data/runs_scaling/s1v5_128_frequency_main_fixed
s1v5_128_frequency_main,trigram,1000,457,-1.3163978679933481,8226,18,42,data/runs_scaling/s1v5_128_frequency_main_fixed
s1v5_128_frequency_main,trigram,1000,562,-0.20813876531818615,3934,7,42,data/runs_scaling/s1v5_128_frequency_main_fixed
s1v5_128_frequency_main,trigram,1000,271,1.2019145281108863,4607,17,42,data/runs_scaling/s1v5_128_frequency_main_fixed
s1v5_128_frequency_main,trigram,1000,157,0.49106218727906614,15386,98,42,data/runs_scaling/s1v5_128_frequency_main_fixed
s1v5_128_frequency_main,trigram,1000,114,0.35034574516098327,17670,155,42,data/runs_scaling/s1v5_128_frequency_main_fixed
s1v5_128_frequency_main,trigram,1000,1118,-1.8908638547485073,3354,3,42,data/runs_scaling/s1v5_128_frequency_main_fixed
s1v5_128_frequency_main,trigram,1000,383,0.4554816354556303,7277,19,42,data/runs_scaling/s1v5_128_frequency_main_fixed
s1v5_128_frequency_main,trigram,1000,309,1.2018336929866802,7107,23,42,data/runs_scaling/s1v5_128_frequency_main_fixed
s1v5_128_frequency_main,trigram,1000,211,0.26930320551714615,15403,73,42,data/runs_scaling/s1v5_128_frequency_main_fixed
s1v5_128_frequency_main,trigram,1000,90,0.7283125930850929,17280,192,42,data/runs_scaling/s1v5_128_frequency_main_fixed
s1v5_128_frequency_main,trigram,1000,60,1.1695973098105115,15480,258,42,data/runs_scaling/s1v5_128_frequency_main_fixed
s1v5_128_frequency_main,trigram,1000,70,0.6448546729170923,17360,248,42,data/runs_scaling/s1v5_128_frequency_main_fixed
s1v5_128_frequency_main,trigram,1000,230,1.0188198198436056,11270,49,42,data/runs_scaling/s1v5_128_frequency_main_fixed
s1v5_128_frequency_main,trigram,1000,269,0.285674110327552,11029,41,42,data/runs_scaling/s1v5_128_frequency_main_fixed
s1v5_128_frequency_main,trigram,1000,191,0.5927546858398423,13943,73,42,data/runs_scaling/s1v5_128_frequency_main_fixed
s1v5_128_frequency_main,trigram,1000,127,0.726230265995712,14224,112,42,data/runs_scaling/s1v5_128_frequency_main_fixed
s1v5_128_frequency_main,trigram,1000,238,0.03093408044401763,10710,45,42,data/runs_scaling/s1v5_128_frequency_main_fixed
s1v5_128_frequency_main,trigram,1000,815,5.007647689431906,1630,2,42,data/runs_scaling/s1v5_128_frequency_main_fixed
s1v5_128_frequency_main,trigram,1000,212,-0.026015312096343172,11236,53,42,data/runs_scaling/s1v5_128_frequency_main_fixed
s1v5_128_frequency_main,trigram,1000,145,0.9876654355384007,16095,111,42,data/runs_scaling/s1v5_128_frequency_main_fixed
s1v5_128_frequency_main,trigram,1000,164,0.02605817961699508,11972,73,42,data/runs_scaling/s1v5_128_frequency_main_fixed
s1v5_128_frequency_main,trigram,1000,113,0.7427120807158373,18193,161,42,data/runs_scaling/s1v5_128_frequency_main_fixed
s1v5_128_frequency_main,trigram,1000,606,1.0583606511354446,4848,8,42,data/runs_scaling/s1v5_128_frequency_main_fixed
s1v5_128_frequency_main,trigram,1000,155,0.5201169709630343,13330,86,42,data/runs_scaling/s1v5_128_frequency_main_fixed
s1v5_128_frequency_main,trigram,1000,72,1.6148985169009533,16776,233,42,data/runs_scaling/s1v5_128_frequency_main_fixed
s1v5_128_frequency_main,trigram,1000,483,1.7199187508991196,4347,9,42,data/runs_scaling/s1v5_128_frequency_main_fixed
s1v5_128_frequency_main,trigram,1000,89,1.1212939671901678,17266,194,42,data/runs_scaling/s1v5_128_frequency_main_fixed
s1v5_128_frequency_main,trigram,1000,306,0.449269254099239,6732,22,42,data/runs_scaling/s1v5_128_frequency_main_fixed
s1v5_128_frequency_main,trigram,1000,241,-0.020705001872210277,10122,42,42,data/runs_scaling/s1v5_128_frequency_main_fixed
s1v5_128_frequency_main,trigram,1000,228,1.464277435914569,9576,42,42,data/runs_scaling/s1v5_128_frequency_main_fixed
s1v5_128_frequency_main,trigram,1000,322,1.1275558545409392,7728,24,42,data/runs_scaling/s1v5_128_frequency_main_fixed
s1v5_128_frequency_main,trigram,1000,339,0.32971507078036666,6441,19,42,data/runs_scaling/s1v5_128_frequency_main_fixed
s1v5_128_frequency_main,trigram,1000,535,-1.192771271057427,5350,10,42,data/runs_scaling/s1v5_128_frequency_main_fixed
s1v5_128_frequency_main,trigram,1000,151,0.7151959940955481,12835,85,42,data/runs_scaling/s1v5_128_frequency_main_fixed
s1v5_128_frequency_main,trigram,1000,32,1.1369745498101094,14176,443,42,data/runs_scaling/s1v5_128_frequency_main_fixed
s1v5_128_frequency_main,trigram,1000,806,0.7556938827037811,3224,4,42,data/runs_scaling/s1v5_128_frequency_main_fixed
s1v5_128_frequency_main,trigram,1000,679,2.391353666782379,2716,4,42,data/runs_scaling/s1v5_128_frequency_main_fixed
s1v5_128_frequency_main,trigram,1000,198,-0.10198544951173354,10494,53,42,data/runs_scaling/s1v5_128_frequency_main_fixed
s1v5_128_frequency_main,trigram,1000,1180,0.5169830322265625,1180,1,42,data/runs_scaling/s1v5_128_frequency_main_fixed
s1v5_128_frequency_main,trigram,1000,826,2.939948044717312,1652,2,42,data/runs_scaling/s1v5_128_frequency_main_fixed
s1v5_128_frequency_main,trigram,1000,540,1.071322686970234,4320,8,42,data/runs_scaling/s1v5_128_frequency_main_fixed
s1v5_128_frequency_main,trigram,1000,190,0.053997392197533585,12350,65,42,data/runs_scaling/s1v5_128_frequency_main_fixed
s1v5_128_frequency_main,trigram,1000,167,0.8573456271552471,13193,79,42,data/runs_scaling/s1v5_128_frequency_main_fixed
s1v5_128_frequency_main,trigram,1000,382,0.7618337698014719,5348,14,42,data/runs_scaling/s1v5_128_frequency_main_fixed
s1v5_128_frequency_main,trigram,1000,227,1.433292672270909,10215,45,42,data/runs_scaling/s1v5_128_frequency_main_fixed
s1v5_128_frequency_main,trigram,1000,273,0.26811673016301496,9009,33,42,data/runs_scaling/s1v5_128_frequency_main_fixed
s1v5_128_frequency_main,trigram,1000,945,0.049526690505445004,945,1,42,data/runs_scaling/s1v5_128_frequency_main_fixed
s1v5_128_frequency_main,trigram,1000,149,0.5935846007512641,14155,95,42,data/runs_scaling/s1v5_128_frequency_main_fixed
s1v5_128_frequency_main,trigram,1000,239,0.2492772969926591,7648,32,42,data/runs_scaling/s1v5_128_frequency_main_fixed
s1v5_128_frequency_main,trigram,1000,434,-0.7116351773341497,2604,6,42,data/runs_scaling/s1v5_128_frequency_main_fixed
s1v5_128_frequency_main,trigram,1000,403,1.6541772745868002,6448,16,42,data/runs_scaling/s1v5_128_frequency_main_fixed
s1v5_128_frequency_main,trigram,1000,4370,-0.6296401023864746,4370,1,42,data/runs_scaling/s1v5_128_frequency_main_fixed
s1v5_128_frequency_main,trigram,1000,561,1.4831229150295258,4488,8,42,data/runs_scaling/s1v5_128_frequency_main_fixed
s1v5_128_frequency_main,trigram,1000,2696,-0.06332790851593018,2696,1,42,data/runs_scaling/s1v5_128_frequency_main_fixed
s1v5_128_frequency_main,trigram,1000,379,0.8513039675002035,7201,19,42,data/runs_scaling/s1v5_128_frequency_main_fixed
s1v5_128_frequency_main,trigram,1000,420,1.8364495756462789,5460,13,42,data/runs_scaling/s1v5_128_frequency_main_fixed
s1v5_128_frequency_main,trigram,1000,118,0.7371492137787046,14986,127,42,data/runs_scaling/s1v5_128_frequency_main_fixed
s1v5_128_frequency_main,trigram,1000,202,-0.15244754999811347,14544,72,42,data/runs_scaling/s1v5_128_frequency_main_fixed
s1v5_128_frequency_main,trigram,1000,471,0.5635701045393944,3768,8,42,data/runs_scaling/s1v5_128_frequency_main_fixed
s1v5_128_frequency_main,trigram,1000,249,1.0479618412442506,9960,40,42,data/runs_scaling/s1v5_128_frequency_main_fixed
s1v5_128_frequency_main,trigram,1000,56,0.9930908510114663,15904,284,42,data/runs_scaling/s1v5_128_frequency_main_fixed
s1v5_128_frequency_main,trigram,1000,140,0.8235765264502594,15680,112,42,data/runs_scaling/s1v5_128_frequency_main_fixed
s1v5_128_frequency_main,trigram,1000,177,0.894801993213341,14337,81,42,data/runs_scaling/s1v5_128_frequency_main_fixed
s1v5_128_frequency_main,trigram,1000,240,0.7138272381959144,10560,44,42,data/runs_scaling/s1v5_128_frequency_main_fixed
s1v5_128_frequency_main,trigram,1000,459,2.0932278532534836,4590,10,42,data/runs_scaling/s1v5_128_frequency_main_fixed
s1v5_128_frequency_main,trigram,1000,441,1.1486416304750102,6174,14,42,data/runs_scaling/s1v5_128_frequency_main_fixed
s1v5_128_frequency_main,trigram,1000,285,1.0375262593715888,9120,32,42,data/runs_scaling/s1v5_128_frequency_main_fixed
s1v5_128_frequency_main,trigram,1000,203,0.9857864256789899,13601,67,42,data/runs_scaling/s1v5_128_frequency_main_fixed
s1v5_128_frequency_main,trigram,1000,925,1.9547415971755981,1850,2,42,data/runs_scaling/s1v5_128_frequency_main_fixed
s1v5_128_frequency_main,trigram,1000,630,0.07809602171182632,3150,5,42,data/runs_scaling/s1v5_128_frequency_main_fixed
s1v5_128_frequency_main,trigram,1000,1997,-4.764316640794277,1997,1,42,data/runs_scaling/s1v5_128_frequency_main_fixed
s1v5_128_frequency_main,trigram,1000,637,1.9283095937636163,5733,9,42,data/runs_scaling/s1v5_128_frequency_main_fixed
s1v5_128_frequency_main,trigram,1000,146,0.4071042300870581,13286,91,42,data/runs_scaling/s1v5_128_frequency_main_fixed
s1v5_128_frequency_main,trigram,1000,869,-1.7131358981132507,2607,3,42,data/runs_scaling/s1v5_128_frequency_main_fixed
s1v5_128_frequency_main,trigram,1000,294,-0.7429097266867757,7056,24,42,data/runs_scaling/s1v5_128_frequency_main_fixed
s1v5_128_frequency_main,trigram,1000,66,0.8167903865693985,18282,277,42,data/runs_scaling/s1v5_128_frequency_main_fixed
s1v5_128_frequency_main,trigram,1000,539,-0.7803316778606839,4851,9,42,data/runs_scaling/s1v5_128_frequency_main_fixed
s1v5_128_frequency_main,trigram,1000,366,1.76789512014842,8052,22,42,data/runs_scaling/s1v5_128_frequency_main_fixed
s1v5_128_frequency_main,trigram,1000,188,1.2771334353213508,12408,66,42,data/runs_scaling/s1v5_128_frequency_main_fixed
s1v5_128_frequency_main,trigram,1000,111,1.3837771868596125,16650,150,42,data/runs_scaling/s1v5_128_frequency_main_fixed
s1v5_128_frequency_main,trigram,1000,435,0.3941422777250409,4350,10,42,data/runs_scaling/s1v5_128_frequency_main_fixed
s1v5_128_frequency_main,trigram,1000,232,0.2803065909538418,11136,48,42,data/runs_scaling/s1v5_128_frequency_main_fixed
s1v5_128_frequency_main,trigram,1000,250,0.30895897689002927,11000,44,42,data/runs_scaling/s1v5_128_frequency_main_fixed
s1v5_128_frequency_main,trigram,1000,226,0.6217569373759695,9944,44,42,data/runs_scaling/s1v5_128_frequency_main_fixed
s1v5_128_frequency_main,trigram,1000,424,0.14167357555457524,5936,14,42,data/runs_scaling/s1v5_128_frequency_main_fixed
s1v5_128_frequency_main,trigram,1000,274,0.7524434208608,6028,22,42,data/runs_scaling/s1v5_128_frequency_main_fixed
s1v5_128_frequency_main,trigram,1000,98,0.8152096261550296,16464,168,42,data/runs_scaling/s1v5_128_frequency_main_fixed
s1v5_128_frequency_main,trigram,1000,324,0.6310723359411996,5832,18,42,data/runs_scaling/s1v5_128_frequency_main_fixed
s1v5_128_frequency_main,trigram,1000,1783,-4.938868045806885,1783,1,42,data/runs_scaling/s1v5_128_frequency_main_fixed
s1v5_128_frequency_main,trigram,1000,329,0.1374004033532401,7896,24,42,data/runs_scaling/s1v5_128_frequency_main_fixed
s1v5_128_frequency_main,trigram,1000,327,-0.20511013332754374,8175,25,42,data/runs_scaling/s1v5_128_frequency_main_fixed
s1v5_128_frequency_main,trigram,1000,221,0.6996105255704606,11050,50,42,data/runs_scaling/s1v5_128_frequency_main_fixed
s1v5_128_frequency_main,trigram,1000,592,-0.45292833785060793,2368,4,42,data/runs_scaling/s1v5_128_frequency_main_fixed
s1v5_128_frequency_main,trigram,1000,401,1.4106079273753696,3609,9,42,data/runs_scaling/s1v5_128_frequency_main_fixed
s1v5_128_frequency_main,trigram,1000,397,0.7928046517347236,5161,13,42,data/runs_scaling/s1v5_128_frequency_main_fixed
s1v5_128_frequency_main,trigram,1000,136,0.8771120856395715,15096,111,42,data/runs_scaling/s1v5_128_frequency_main_fixed
s1v5_128_frequency_main,trigram,1000,287,0.21680457895207736,10332,36,42,data/runs_scaling/s1v5_128_frequency_main_fixed
s1v5_128_frequency_main,trigram,1000,353,0.575186570303049,7060,20,42,data/runs_scaling/s1v5_128_frequency_main_fixed
s1v5_128_frequency_main,trigram,1000,343,0.6059254137109276,9261,27,42,data/runs_scaling/s1v5_128_frequency_main_fixed
s1v5_128_frequency_main,trigram,1000,360,0.5784178161993623,5760,16,42,data/runs_scaling/s1v5_128_frequency_main_fixed
s1v5_128_frequency_main,trigram,1000,276,-0.44722200366449116,9936,36,42,data/runs_scaling/s1v5_128_frequency_main_fixed
s1v5_128_frequency_main,trigram,1000,393,0.9469422050477827,6681,17,42,data/runs_scaling/s1v5_128_frequency_main_fixed
s1v5_128_frequency_main,trigram,1000,666,-0.6439561396837234,2664,4,42,data/runs_scaling/s1v5_128_frequency_main_fixed
s1v5_128_frequency_main,trigram,1000,313,0.8730784842501516,7199,23,42,data/runs_scaling/s1v5_128_frequency_main_fixed
s1v5_128_frequency_main,trigram,1000,479,0.09516300838440657,2395,5,42,data/runs_scaling/s1v5_128_frequency_main_fixed
s1v5_128_frequency_main,trigram,1000,1155,-0.9776228666305542,2310,2,42,data/runs_scaling/s1v5_128_frequency_main_fixed
s1v5_128_frequency_main,trigram,1000,594,1.6274998865344308,6534,11,42,data/runs_scaling/s1v5_128_frequency_main_fixed
s1v5_128_frequency_main,trigram,1000,156,0.8871994484500546,14040,90,42,data/runs_scaling/s1v5_128_frequency_main_fixed
s1v5_128_frequency_main,trigram,1000,475,0.5389717628713697,3800,8,42,data/runs_scaling/s1v5_128_frequency_main_fixed
s1v5_128_frequency_main,trigram,1000,658,1.0082488059997559,3290,5,42,data/runs_scaling/s1v5_128_frequency_main_fixed
s1v5_128_frequency_main,trigram,1000,129,-0.3423375884232929,15093,117,42,data/runs_scaling/s1v5_128_frequency_main_fixed
s1v5_128_frequency_main,trigram,1000,158,0.41179473713919934,14220,90,42,data/runs_scaling/s1v5_128_frequency_main_fixed
s1v5_128_frequency_main,trigram,1000,170,1.2105715931982381,13940,82,42,data/runs_scaling/s1v5_128_frequency_main_fixed
s1v5_128_frequency_main,trigram,1000,300,-0.03367671476943152,8400,28,42,data/runs_scaling/s1v5_128_frequency_main_fixed
s1v5_128_frequency_main,trigram,1000,277,1.5458164549260889,8587,31,42,data/runs_scaling/s1v5_128_frequency_main_fixed
s1v5_128_frequency_main,trigram,1000,555,-1.4999048374593258,3330,6,42,data/runs_scaling/s1v5_128_frequency_main_fixed
s1v5_128_frequency_main,trigram,1000,290,0.7159067193384875,6380,22,42,data/runs_scaling/s1v5_128_frequency_main_fixed
s1v5_128_frequency_main,trigram,1000,214,0.9931362707766918,12840,60,42,data/runs_scaling/s1v5_128_frequency_main_fixed
s1v5_128_frequency_main,trigram,1000,439,1.073468548378774,6146,14,42,data/runs_scaling/s1v5_128_frequency_main_fixed
s1v5_128_frequency_main,trigram,1000,320,0.6925565410312265,8000,25,42,data/runs_scaling/s1v5_128_frequency_main_fixed
s1v5_128_frequency_main,trigram,1000,295,-0.6759132995891074,7080,24,42,data/runs_scaling/s1v5_128_frequency_main_fixed
s1v5_128_frequency_main,trigram,1000,256,0.7938050261865823,9984,39,42,data/runs_scaling/s1v5_128_frequency_main_fixed
s1v5_128_frequency_main,trigram,1000,204,0.6631276777570448,12444,61,42,data/runs_scaling/s1v5_128_frequency_main_fixed
s1v5_128_frequency_main,trigram,1000,201,0.675779298047956,13065,65,42,data/runs_scaling/s1v5_128_frequency_main_fixed
s1v5_128_frequency_main,trigram,1000,601,0.9870994687080383,4207,7,42,data/runs_scaling/s1v5_128_frequency_main_fixed
s1v5_128_frequency_main,trigram,1000,422,0.632193000479178,4642,11,42,data/runs_scaling/s1v5_128_frequency_main_fixed
s1v5_128_frequency_main,trigram,1000,162,0.5192538818569522,12798,79,42,data/runs_scaling/s1v5_128_frequency_main_fixed
s1v5_128_frequency_main,trigram,1000,208,0.9441715213612827,10608,51,42,data/runs_scaling/s1v5_128_frequency_main_fixed
s1v5_128_frequency_main,trigram,1000,95,0.6888503858967922,18525,195,42,data/runs_scaling/s1v5_128_frequency_main_fixed
s1v5_128_frequency_main,trigram,1000,123,0.18822459366372382,15621,127,42,data/runs_scaling/s1v5_128_frequency_main_fixed
s1v5_128_frequency_main,trigram,1000,541,0.5941623952239752,4328,8,42,data/runs_scaling/s1v5_128_frequency_main_fixed
s1v5_128_frequency_main,trigram,1000,187,0.4310837113118114,13277,71,42,data/runs_scaling/s1v5_128_frequency_main_fixed
s1v5_128_frequency_main,trigram,1000,510,-0.8439055120834382,4080,8,42,data/runs_scaling/s1v5_128_frequency_main_fixed
s1v5_128_frequency_main,trigram,1000,432,-0.24145332754414994,5184,12,42,data/runs_scaling/s1v5_128_frequency_main_fixed
s1v5_128_frequency_main,trigram,1000,220,0.09459405500976052,10780,49,42,data/runs_scaling/s1v5_128_frequency_main_fixed
s1v5_128_frequency_main,trigram,1000,1305,0.6512467861175537,2610,2,42,data/runs_scaling/s1v5_128_frequency_main_fixed
s1v5_128_frequency_main,trigram,1000,341,-0.1282320169176763,8866,26,42,data/runs_scaling/s1v5_128_frequency_main_fixed
s1v5_128_frequency_main,trigram,1000,216,-0.3583688560712948,12528,58,42,data/runs_scaling/s1v5_128_frequency_main_fixed
s1v5_128_frequency_main,trigram,1000,3110,3.933683183277026e-05,3110,1,42,data/runs_scaling/s1v5_128_frequency_main_fixed
s1v5_128_frequency_main,trigram,1000,176,-0.02713403449592146,9504,54,42,data/runs_scaling/s1v5_128_frequency_main_fixed
s1v5_128_frequency_main,trigram,1000,643,0.6952053296069304,3858,6,42,data/runs_scaling/s1v5_128_frequency_main_fixed
s1v5_128_frequency_main,trigram,1000,260,1.1570961784075968,11180,43,42,data/runs_scaling/s1v5_128_frequency_main_fixed
s1v5_128_frequency_main,trigram,1000,301,0.9376303529690789,6923,23,42,data/runs_scaling/s1v5_128_frequency_main_fixed
s1v5_128_frequency_main,trigram,1000,143,1.7420879270310152,15587,109,42,data/runs_scaling/s1v5_128_frequency_main_fixed
s1v5_128_frequency_main,trigram,1000,286,0.9014788846174876,8580,30,42,data/runs_scaling/s1v5_128_frequency_main_fixed
s1v5_128_frequency_main,trigram,1000,577,-1.585907220840454,2308,4,42,data/runs_scaling/s1v5_128_frequency_main_fixed
s1v5_128_frequency_main,trigram,1000,302,0.09267367608772474,6040,20,42,data/runs_scaling/s1v5_128_frequency_main_fixed
s1v5_128_frequency_main,trigram,1000,265,-0.04168978489220276,9275,35,42,data/runs_scaling/s1v5_128_frequency_main_fixed
s1v5_128_frequency_main,trigram,1000,345,-0.4322089257184416,5520,16,42,data/runs_scaling/s1v5_128_frequency_main_fixed
s1v5_128_frequency_main,trigram,1000,338,1.3803695482507967,9802,29,42,data/runs_scaling/s1v5_128_frequency_main_fixed
s1v5_128_frequency_main,trigram,1000,279,0.2668057047001018,11439,41,42,data/runs_scaling/s1v5_128_frequency_main_fixed
s1v5_128_frequency_main,trigram,1000,248,0.5316799190398809,9176,37,42,data/runs_scaling/s1v5_128_frequency_main_fixed
s1v5_128_frequency_main,trigram,1000,231,0.909080517349218,10626,46,42,data/runs_scaling/s1v5_128_frequency_main_fixed
s1v5_128_frequency_main,trigram,1000,310,1.0299749189782788,7130,23,42,data/runs_scaling/s1v5_128_frequency_main_fixed
s1v5_128_frequency_main,trigram,1000,278,1.0006269925331708,8896,32,42,data/runs_scaling/s1v5_128_frequency_main_fixed
s1v5_128_frequency_main,trigram,1000,234,0.6138874437125196,9360,40,42,data/runs_scaling/s1v5_128_frequency_main_fixed
s1v5_128_frequency_main,trigram,1000,174,0.7004310039236493,12006,69,42,data/runs_scaling/s1v5_128_frequency_main_fixed
s1v5_128_frequency_main,trigram,1000,282,0.5065263458416753,5922,21,42,data/runs_scaling/s1v5_128_frequency_main_fixed
s1v5_128_frequency_main,trigram,1000,542,-1.672422594577074,5420,10,42,data/runs_scaling/s1v5_128_frequency_main_fixed
s1v5_128_frequency_main,trigram,1000,296,1.0285839659110683,8584,29,42,data/runs_scaling/s1v5_128_frequency_main_fixed
s1v5_128_frequency_main,trigram,1000,297,0.6961126990567069,7722,26,42,data/runs_scaling/s1v5_128_frequency_main_fixed
s1v5_128_frequency_main,trigram,1000,304,1.5032880009913987,6688,22,42,data/runs_scaling/s1v5_128_frequency_main_fixed
s1v5_128_frequency_main,trigram,1000,431,-1.1227198705770813,5172,12,42,data/runs_scaling/s1v5_128_frequency_main_fixed
s1v5_128_frequency_main,trigram,1000,388,1.8431619564071298,5820,15,42,data/runs_scaling/s1v5_128_frequency_main_fixed
s1v5_128_frequency_main,trigram,1000,257,0.6767804209142924,7710,30,42,data/runs_scaling/s1v5_128_frequency_main_fixed
s1v5_128_frequency_main,trigram,1000,357,-0.15217622263090952,4998,14,42,data/runs_scaling/s1v5_128_frequency_main_fixed
s1v5_128_frequency_main,trigram,1000,1550,-1.3151731491088867,1550,1,42,data/runs_scaling/s1v5_128_frequency_main_fixed
s1v5_128_frequency_main,trigram,1000,207,1.308128378141966,11178,54,42,data/runs_scaling/s1v5_128_frequency_main_fixed
s1v5_128_frequency_main,trigram,1000,266,1.613328549762567,7980,30,42,data/runs_scaling/s1v5_128_frequency_main_fixed
s1v5_128_frequency_main,trigram,1000,255,0.25759272219147533,10200,40,42,data/runs_scaling/s1v5_128_frequency_main_fixed
s1v5_128_frequency_main,trigram,1000,179,0.20775237740388652,12351,69,42,data/runs_scaling/s1v5_128_frequency_main_fixed
s1v5_128_frequency_main,trigram,1000,103,0.5905195949764696,18334,178,42,data/runs_scaling/s1v5_128_frequency_main_fixed
s1v5_128_frequency_main,trigram,1000,993,-0.7382211089134216,1986,2,42,data/runs_scaling/s1v5_128_frequency_main_fixed
s1v5_128_frequency_main,trigram,1000,533,1.5538518832853208,6929,13,42,data/runs_scaling/s1v5_128_frequency_main_fixed
s1v5_128_frequency_main,trigram,1000,93,0.8216250810684099,19344,208,42,data/runs_scaling/s1v5_128_frequency_main_fixed
s1v5_128_frequency_main,trigram,1000,931,-1.0799633637070656,3724,4,42,data/runs_scaling/s1v5_128_frequency_main_fixed
s1v5_128_frequency_main,trigram,1000,237,0.7488266883422815,11376,48,42,data/runs_scaling/s1v5_128_frequency_main_fixed
s1v5_128_frequency_main,trigram,1000,427,0.24810852234259073,6832,16,42,data/runs_scaling/s1v5_128_frequency_main_fixed
s1v5_128_frequency_main,trigram,1000,655,-0.3099046815186739,2620,4,42,data/runs_scaling/s1v5_128_frequency_main_fixed
s1v5_128_frequency_main,trigram,1000,764,-0.6421022335998714,3056,4,42,data/runs_scaling/s1v5_128_frequency_main_fixed
s1v5_128_frequency_main,trigram,1000,314,0.10482679636334069,7536,24,42,data/runs_scaling/s1v5_128_frequency_main_fixed
s1v5_128_frequency_main,trigram,1000,346,-0.007642996903693226,8304,24,42,data/runs_scaling/s1v5_128_frequency_main_fixed
s1v5_128_frequency_main,trigram,1000,438,0.4790668785572052,5694,13,42,data/runs_scaling/s1v5_128_frequency_main_fixed
s1v5_128_frequency_main,trigram,1000,86,0.5784229446881518,16598,193,42,data/runs_scaling/s1v5_128_frequency_main_fixed
s1v5_128_frequency_main,trigram,1000,447,0.9948168371726448,4023,9,42,data/runs_scaling/s1v5_128_frequency_main_fixed
s1v5_128_frequency_main,trigram,1000,200,0.6230556651285691,12600,63,42,data/runs_scaling/s1v5_128_frequency_main_fixed
s1v5_128_frequency_main,trigram,1000,91,0.7378337027124391,15925,175,42,data/runs_scaling/s1v5_128_frequency_main_fixed
s1v5_128_frequency_main,trigram,1000,686,3.418241783976555,2744,4,42,data/runs_scaling/s1v5_128_frequency_main_fixed
s1v5_128_frequency_main,trigram,1000,1168,0.7397129535675049,1168,1,42,data/runs_scaling/s1v5_128_frequency_main_fixed
s1v5_128_frequency_main,trigram,1000,224,0.25193023973185086,10304,46,42,data/runs_scaling/s1v5_128_frequency_main_fixed
s1v5_128_frequency_main,trigram,1000,2295,-13.247466534376144,2295,1,42,data/runs_scaling/s1v5_128_frequency_main_fixed
s1v5_128_frequency_main,trigram,1000,663,0.1846215214048113,4641,7,42,data/runs_scaling/s1v5_128_frequency_main_fixed
s1v5_128_frequency_main,trigram,1000,336,1.1421642995932524,5712,17,42,data/runs_scaling/s1v5_128_frequency_main_fixed
s1v5_128_frequency_main,trigram,1000,436,0.3880266536887373,3924,9,42,data/runs_scaling/s1v5_128_frequency_main_fixed
s1v5_128_frequency_main,trigram,1000,225,0.8050191751617382,9225,41,42,data/runs_scaling/s1v5_128_frequency_main_fixed
s1v5_128_frequency_main,trigram,1000,147,0.7473000368179996,12495,85,42,data/runs_scaling/s1v5_128_frequency_main_fixed
s1v5_128_frequency_main,trigram,1000,333,-0.31403137705055995,4995,15,42,data/runs_scaling/s1v5_128_frequency_main_fixed
s1v5_128_frequency_main,trigram,1000,641,-0.48879035096615553,5128,8,42,data/runs_scaling/s1v5_128_frequency_main_fixed
s1v5_128_frequency_main,trigram,1000,373,0.3151568281697109,9325,25,42,data/runs_scaling/s1v5_128_frequency_main_fixed
s1v5_128_frequency_main,trigram,1000,342,-0.02847453179818235,6498,19,42,data/runs_scaling/s1v5_128_frequency_main_fixed
s1v5_128_frequency_main,trigram,1000,423,0.6378845340675778,3807,9,42,data/runs_scaling/s1v5_128_frequency_main_fixed
s1v5_128_frequency_main,trigram,1000,547,0.4075108169345185,2735,5,42,data/runs_scaling/s1v5_128_frequency_main_fixed
s1v5_128_frequency_main,trigram,1000,281,1.0893850930561628,12364,44,42,data/runs_scaling/s1v5_128_frequency_main_fixed
s1v5_128_frequency_main,trigram,1000,466,-3.3073979832231997,4660,10,42,data/runs_scaling/s1v5_128_frequency_main_fixed
s1v5_128_frequency_main,trigram,1000,450,-0.5774600720550451,8100,18,42,data/runs_scaling/s1v5_128_frequency_main_fixed
s1v5_128_frequency_main,trigram,1000,138,1.224372777759378,15180,110,42,data/runs_scaling/s1v5_128_frequency_main_fixed
s1v5_128_frequency_main,trigram,1000,415,0.3179673551532783,7885,19,42,data/runs_scaling/s1v5_128_frequency_main_fixed
s1v5_128_frequency_main,trigram,1000,586,0.1377200424671173,2930,5,42,data/runs_scaling/s1v5_128_frequency_main_fixed
s1v5_128_frequency_main,trigram,1000,929,4.4642201997339725,1858,2,42,data/runs_scaling/s1v5_128_frequency_main_fixed
s1v5_128_frequency_main,trigram,1000,316,1.1377459579327314,6952,22,42,data/runs_scaling/s1v5_128_frequency_main_fixed
s1v5_128_frequency_main,trigram,1000,199,0.03958770050858071,12139,61,42,data/runs_scaling/s1v5_128_frequency_main_fixed
s1v5_128_frequency_main,trigram,1000,375,0.45517077453339216,8250,22,42,data/runs_scaling/s1v5_128_frequency_main_fixed
s1v5_128_frequency_main,trigram,1000,1037,4.539785861968994,2074,2,42,data/runs_scaling/s1v5_128_frequency_main_fixed
s1v5_128_frequency_main,trigram,1000,169,0.17666069715594251,12675,75,42,data/runs_scaling/s1v5_128_frequency_main_fixed
s1v5_128_frequency_main,trigram,1000,330,0.29640155380972527,7920,24,42,data/runs_scaling/s1v5_128_frequency_main_fixed
s1v5_128_frequency_main,trigram,1000,3215,-0.21457791328430176,3215,1,42,data/runs_scaling/s1v5_128_frequency_main_fixed
s1v5_128_frequency_main,trigram,1000,820,-0.5216802755991617,2460,3,42,data/runs_scaling/s1v5_128_frequency_main_fixed
s1v5_128_frequency_main,trigram,1000,168,0.8515319004315872,15288,91,42,data/runs_scaling/s1v5_128_frequency_main_fixed
s1v5_128_frequency_main,trigram,1000,682,0.595449224114418,2728,4,42,data/runs_scaling/s1v5_128_frequency_main_fixed
s1v5_128_frequency_main,trigram,1000,2010,-4.979260563850403,2010,1,42,data/runs_scaling/s1v5_128_frequency_main_fixed
s1v5_128_frequency_main,trigram,1000,409,1.8040387844209493,5726,14,42,data/runs_scaling/s1v5_128_frequency_main_fixed
s1v5_128_frequency_main,trigram,1000,647,-1.5657283067703247,2588,4,42,data/runs_scaling/s1v5_128_frequency_main_fixed
s1v5_128_frequency_main,trigram,1000,410,1.3634875901043415,4920,12,42,data/runs_scaling/s1v5_128_frequency_main_fixed
s1v5_128_frequency_main,trigram,1000,263,0.4409574951307896,10257,39,42,data/runs_scaling/s1v5_128_frequency_main_fixed
s1v5_128_frequency_main,trigram,1000,261,0.06896659521347222,9396,36,42,data/runs_scaling/s1v5_128_frequency_main_fixed
s1v5_128_frequency_main,trigram,1000,1303,1.8376511335372925,1303,1,42,data/runs_scaling/s1v5_128_frequency_main_fixed
s1v5_128_frequency_main,trigram,1000,776,-0.4180278778076172,776,1,42,data/runs_scaling/s1v5_128_frequency_main_fixed
s1v5_128_frequency_main,trigram,1000,455,-2.9699825644493103,2730,6,42,data/runs_scaling/s1v5_128_frequency_main_fixed
s1v5_128_frequency_main,trigram,1000,845,-5.448478400707245,845,1,42,data/runs_scaling/s1v5_128_frequency_main_fixed
s1v5_128_frequency_main,trigram,1000,245,0.7242330900060812,8575,35,42,data/runs_scaling/s1v5_128_frequency_main_fixed
s1v5_128_frequency_main,trigram,1000,4512,0.04824284557253122,4512,1,42,data/runs_scaling/s1v5_128_frequency_main_fixed
s1v5_128_frequency_main,trigram,1000,332,-0.027838164882268757,10624,32,42,data/runs_scaling/s1v5_128_frequency_main_fixed
s1v5_128_frequency_main,trigram,1000,445,-1.291492944955826,4450,10,42,data/runs_scaling/s1v5_128_frequency_main_fixed
s1v5_128_frequency_main,trigram,1000,1505,-2.9634847790002823,1505,1,42,data/runs_scaling/s1v5_128_frequency_main_fixed
s1v5_128_frequency_main,trigram,1000,419,-1.0108398731265749,2933,7,42,data/runs_scaling/s1v5_128_frequency_main_fixed
s1v5_128_frequency_main,trigram,1000,484,0.052480378498633705,4356,9,42,data/runs_scaling/s1v5_128_frequency_main_fixed
s1v5_128_frequency_main,trigram,1000,752,-1.5058933347463608,3008,4,42,data/runs_scaling/s1v5_128_frequency_main_fixed
s1v5_128_frequency_main,trigram,1000,229,0.8827847996779549,7557,33,42,data/runs_scaling/s1v5_128_frequency_main_fixed
s1v5_128_frequency_main,trigram,1000,376,0.7618062185710701,8648,23,42,data/runs_scaling/s1v5_128_frequency_main_fixed
s1v5_128_frequency_main,trigram,1000,492,0.5772863965830766,3936,8,42,data/runs_scaling/s1v5_128_frequency_main_fixed
s1v5_128_frequency_main,trigram,1000,446,-0.10300216021446082,5798,13,42,data/runs_scaling/s1v5_128_frequency_main_fixed
s1v5_128_frequency_main,trigram,1000,321,-0.7739117429074314,5778,18,42,data/runs_scaling/s1v5_128_frequency_main_fixed
s1v5_128_frequency_main,trigram,1000,351,0.019381940985719364,8424,24,42,data/runs_scaling/s1v5_128_frequency_main_fixed
s1v5_128_frequency_main,trigram,1000,1367,-4.1991866528987885,1367,1,42,data/runs_scaling/s1v5_128_frequency_main_fixed
s1v5_128_frequency_main,trigram,1000,1013,-0.9675177733103434,3039,3,42,data/runs_scaling/s1v5_128_frequency_main_fixed
s1v5_128_frequency_main,trigram,1000,2446,-5.923480272293091,2446,1,42,data/runs_scaling/s1v5_128_frequency_main_fixed
s1v5_128_frequency_main,trigram,1000,2113,-3.278498888015747,2113,1,42,data/runs_scaling/s1v5_128_frequency_main_fixed
s1v5_128_frequency_main,trigram,1000,1206,5.365227522328496,1206,1,42,data/runs_scaling/s1v5_128_frequency_main_fixed
s1v5_128_frequency_main,trigram,1000,399,0.06718094201965465,7182,18,42,data/runs_scaling/s1v5_128_frequency_main_fixed
s1v5_128_frequency_main,trigram,1000,400,2.2369676710416875,4800,12,42,data/runs_scaling/s1v5_128_frequency_main_fixed
s1v5_128_frequency_main,trigram,1000,487,1.563316747546196,5844,12,42,data/runs_scaling/s1v5_128_frequency_main_fixed
s1v5_128_frequency_main,trigram,1000,760,1.7778098727576435,3800,5,42,data/runs_scaling/s1v5_128_frequency_main_fixed
s1v5_128_frequency_main,trigram,1000,3091,8.446531295776367,3091,1,42,data/runs_scaling/s1v5_128_frequency_main_fixed
s1v5_128_frequency_main,trigram,1000,381,0.9444584255530075,4191,11,42,data/runs_scaling/s1v5_128_frequency_main_fixed
s1v5_128_frequency_main,trigram,1000,348,0.6833842706667687,8352,24,42,data/runs_scaling/s1v5_128_frequency_main_fixed
s1v5_128_frequency_main,trigram,1000,1345,0.7615976333618164,1345,1,42,data/runs_scaling/s1v5_128_frequency_main_fixed
s1v5_128_frequency_main,trigram,1000,1038,2.925572395324707,1038,1,42,data/runs_scaling/s1v5_128_frequency_main_fixed
s1v5_128_frequency_main,trigram,1000,380,-0.16132996449208198,5700,15,42,data/runs_scaling/s1v5_128_frequency_main_fixed
s1v5_128_frequency_main,trigram,1000,194,0.5705055039885548,13386,69,42,data/runs_scaling/s1v5_128_frequency_main_fixed
s1v5_128_frequency_main,trigram,1000,732,-0.42177391052246094,1464,2,42,data/runs_scaling/s1v5_128_frequency_main_fixed
s1v5_128_frequency_main,trigram,1000,180,1.3905173901322057,11160,62,42,data/runs_scaling/s1v5_128_frequency_main_fixed
s1v5_128_frequency_main,trigram,1000,565,0.4123818079630534,1695,3,42,data/runs_scaling/s1v5_128_frequency_main_fixed
s1v5_128_frequency_main,trigram,1000,590,2.0402575031257584,4720,8,42,data/runs_scaling/s1v5_128_frequency_main_fixed
s1v5_128_frequency_main,trigram,1000,426,1.2400761023600353,5112,12,42,data/runs_scaling/s1v5_128_frequency_main_fixed
s1v5_128_frequency_main,trigram,1000,196,0.7637287704556661,13524,69,42,data/runs_scaling/s1v5_128_frequency_main_fixed
s1v5_128_frequency_main,trigram,1000,538,2.9879465897878013,3228,6,42,data/runs_scaling/s1v5_128_frequency_main_fixed
s1v5_128_frequency_main,trigram,1000,1140,-0.11648356914520264,2280,2,42,data/runs_scaling/s1v5_128_frequency_main_fixed
s1v5_128_frequency_main,trigram,1000,744,-3.3225452452898026,2976,4,42,data/runs_scaling/s1v5_128_frequency_main_fixed
s1v5_128_frequency_main,trigram,1000,485,0.7652470110915601,3880,8,42,data/runs_scaling/s1v5_128_frequency_main_fixed
s1v5_128_frequency_main,trigram,1000,496,-1.819912526058033,1984,4,42,data/runs_scaling/s1v5_128_frequency_main_fixed
s1v5_128_frequency_main,trigram,1000,3003,-2.1608667373657227,3003,1,42,data/runs_scaling/s1v5_128_frequency_main_fixed
s1v5_128_frequency_main,trigram,1000,1146,-0.40618276596069336,1146,1,42,data/runs_scaling/s1v5_128_frequency_main_fixed
s1v5_128_frequency_main,trigram,1000,516,0.01708997360297612,7224,14,42,data/runs_scaling/s1v5_128_frequency_main_fixed
s1v5_128_frequency_main,trigram,1000,456,-0.8016320142196491,3648,8,42,data/runs_scaling/s1v5_128_frequency_main_fixed
s1v5_128_frequency_main,trigram,1000,337,1.7631058197743683,7414,22,42,data/runs_scaling/s1v5_128_frequency_main_fixed
s1v5_128_frequency_main,trigram,1000,499,0.4791736390616279,3992,8,42,data/runs_scaling/s1v5_128_frequency_main_fixed
s1v5_128_frequency_main,trigram,1000,1184,-2.736494302749634,1184,1,42,data/runs_scaling/s1v5_128_frequency_main_fixed
s1v5_128_frequency_main,trigram,1000,4539,-0.22481560707092285,4539,1,42,data/runs_scaling/s1v5_128_frequency_main_fixed
s1v5_128_frequency_main,trigram,1000,549,0.08440423011779785,1098,2,42,data/runs_scaling/s1v5_128_frequency_main_fixed
s1v5_128_frequency_main,trigram,1000,894,0.5437430143356323,1788,2,42,data/runs_scaling/s1v5_128_frequency_main_fixed
s1v5_128_frequency_main,trigram,1000,305,0.8349784490253244,8540,28,42,data/runs_scaling/s1v5_128_frequency_main_fixed
s1v5_128_frequency_main,trigram,1000,462,1.5073563905639782,4158,9,42,data/runs_scaling/s1v5_128_frequency_main_fixed
s1v5_128_frequency_main,trigram,1000,593,-1.4473838329315185,2965,5,42,data/runs_scaling/s1v5_128_frequency_main_fixed
s1v5_128_frequency_main,trigram,1000,1069,1.1155283451080322,3207,3,42,data/runs_scaling/s1v5_128_frequency_main_fixed
s1v5_128_frequency_main,trigram,1000,527,2.7882943550745645,3162,6,42,data/runs_scaling/s1v5_128_frequency_main_fixed
s1v5_128_frequency_main,trigram,1000,901,0.8785161972045898,901,1,42,data/runs_scaling/s1v5_128_frequency_main_fixed
s1v5_128_frequency_main,trigram,1000,759,0.8917088905970255,2277,3,42,data/runs_scaling/s1v5_128_frequency_main_fixed
s1v5_128_frequency_main,trigram,1000,638,2.4064022079110146,2552,4,42,data/runs_scaling/s1v5_128_frequency_main_fixed
s1v5_128_frequency_main,trigram,1000,871,5.532704949378967,1742,2,42,data/runs_scaling/s1v5_128_frequency_main_fixed
s1v5_128_frequency_main,trigram,1000,280,1.4249968343767627,8120,29,42,data/runs_scaling/s1v5_128_frequency_main_fixed
s1v5_128_frequency_main,trigram,1000,299,1.3223887571493833,9568,32,42,data/runs_scaling/s1v5_128_frequency_main_fixed
s1v5_128_frequency_main,trigram,1000,340,-0.5064433004148304,8500,25,42,data/runs_scaling/s1v5_128_frequency_main_fixed
s1v5_128_frequency_main,trigram,1000,2914,-0.9331355094909668,2914,1,42,data/runs_scaling/s1v5_128_frequency_main_fixed
s1v5_128_frequency_main,trigram,1000,2615,-2.2583518028259277,2615,1,42,data/runs_scaling/s1v5_128_frequency_main_fixed
s1v5_128_frequency_main,trigram,1000,213,0.9336027378170305,10224,48,42,data/runs_scaling/s1v5_128_frequency_main_fixed
s1v5_128_frequency_main,trigram,1000,488,1.732255533337593,3904,8,42,data/runs_scaling/s1v5_128_frequency_main_fixed
s1v5_128_frequency_main,trigram,1000,3060,-5.113929748535156,3060,1,42,data/runs_scaling/s1v5_128_frequency_main_fixed
s1v5_128_frequency_main,trigram,1000,519,-0.7813859091968172,4671,9,42,data/runs_scaling/s1v5_128_frequency_main_fixed
s1v5_128_frequency_main,trigram,1000,344,-0.2105384364258498,7568,22,42,data/runs_scaling/s1v5_128_frequency_main_fixed
s1v5_128_frequency_main,trigram,1000,572,-1.717102742886969,4004,7,42,data/runs_scaling/s1v5_128_frequency_main_fixed
s1v5_128_frequency_main,trigram,1000,259,-0.3501695891599842,9842,38,42,data/runs_scaling/s1v5_128_frequency_main_fixed
s1v5_128_frequency_main,trigram,1000,1647,-0.8693141937255859,1647,1,42,data/runs_scaling/s1v5_128_frequency_main_fixed
s1v5_128_frequency_main,trigram,1000,1311,2.7596487998962402,1311,1,42,data/runs_scaling/s1v5_128_frequency_main_fixed
s1v5_128_frequency_main,trigram,1000,551,-1.6388602601364255,3306,6,42,data/runs_scaling/s1v5_128_frequency_main_fixed
s1v5_128_frequency_main,trigram,1000,2782,2.706540584564209,2782,1,42,data/runs_scaling/s1v5_128_frequency_main_fixed
s1v5_128_frequency_main,trigram,1000,775,-1.397173821926117,3100,4,42,data/runs_scaling/s1v5_128_frequency_main_fixed
s1v5_128_frequency_main,trigram,1000,825,1.2913198471069336,825,1,42,data/runs_scaling/s1v5_128_frequency_main_fixed
s1v5_128_frequency_main,trigram,1000,2861,3.7013463973999023,2861,1,42,data/runs_scaling/s1v5_128_frequency_main_fixed
s1v5_128_frequency_main,trigram,1000,418,-1.9879822358489037,2508,6,42,data/runs_scaling/s1v5_128_frequency_main_fixed
s1v5_128_frequency_main,trigram,1000,501,-0.3681338056921959,3006,6,42,data/runs_scaling/s1v5_128_frequency_main_fixed
s1v5_128_frequency_main,trigram,1000,2587,-3.272498369216919,5174,2,42,data/runs_scaling/s1v5_128_frequency_main_fixed
s1v5_128_frequency_main,trigram,1000,372,2.785684577988286,3720,10,42,data/runs_scaling/s1v5_128_frequency_main_fixed
s1v5_128_frequency_main,trigram,1000,635,-0.1475212126970291,2540,4,42,data/runs_scaling/s1v5_128_frequency_main_fixed
s1v5_128_frequency_main,trigram,1000,1650,1.19035005569458,1650,1,42,data/runs_scaling/s1v5_128_frequency_main_fixed
s1v5_128_frequency_main,trigram,1000,531,-0.4645465612411499,2124,4,42,data/runs_scaling/s1v5_128_frequency_main_fixed
s1v5_128_frequency_main,trigram,1000,392,-0.0416893976576188,6664,17,42,data/runs_scaling/s1v5_128_frequency_main_fixed
s1v5_128_frequency_main,trigram,1000,650,-1.129149965941906,2600,4,42,data/runs_scaling/s1v5_128_frequency_main_fixed
s1v5_128_frequency_main,trigram,1000,603,-1.5143719792366028,3015,5,42,data/runs_scaling/s1v5_128_frequency_main_fixed
s1v5_128_frequency_main,trigram,1000,1034,1.6263502836227417,4136,4,42,data/runs_scaling/s1v5_128_frequency_main_fixed
s1v5_128_frequency_main,trigram,1000,877,3.954270988702774,877,1,42,data/runs_scaling/s1v5_128_frequency_main_fixed
s1v5_128_frequency_main,trigram,1000,505,-0.012326269307070307,4545,9,42,data/runs_scaling/s1v5_128_frequency_main_fixed
s1v5_128_frequency_main,trigram,1000,827,-0.9712299505869547,2481,3,42,data/runs_scaling/s1v5_128_frequency_main_fixed
s1v5_128_frequency_main,trigram,1000,311,1.4703485972624128,8086,26,42,data/runs_scaling/s1v5_128_frequency_main_fixed
s1v5_128_frequency_main,trigram,1000,371,0.881889806361869,5936,16,42,data/runs_scaling/s1v5_128_frequency_main_fixed
s1v5_128_frequency_main,trigram,1000,312,-0.10666452921286691,6240,20,42,data/runs_scaling/s1v5_128_frequency_main_fixed
s1v5_128_frequency_main,trigram,1000,890,0.5364798784255982,4450,5,42,data/runs_scaling/s1v5_128_frequency_main_fixed
s1v5_128_frequency_main,trigram,1000,464,0.609665761486842,6032,13,42,data/runs_scaling/s1v5_128_frequency_main_fixed
s1v5_128_frequency_main,trigram,1000,646,2.7449334859848022,1938,3,42,data/runs_scaling/s1v5_128_frequency_main_fixed
s1v5_128_frequency_main,trigram,1000,544,2.107371192192659,3808,7,42,data/runs_scaling/s1v5_128_frequency_main_fixed
s1v5_128_frequency_main,trigram,1000,406,-0.18046475251515706,6090,15,42,data/runs_scaling/s1v5_128_frequency_main_fixed
s1v5_128_frequency_main,trigram,1000,1247,-2.512672185897827,1247,1,42,data/runs_scaling/s1v5_128_frequency_main_fixed
s1v5_128_frequency_main,trigram,1000,754,-0.8464501698811849,2262,3,42,data/runs_scaling/s1v5_128_frequency_main_fixed
s1v5_128_frequency_main,trigram,1000,935,1.9891784191131592,935,1,42,data/runs_scaling/s1v5_128_frequency_main_fixed
s1v5_128_frequency_main,trigram,1000,546,1.9070303187602096,4914,9,42,data/runs_scaling/s1v5_128_frequency_main_fixed
s1v5_128_frequency_main,trigram,1000,902,1.9642552137374878,3608,4,42,data/runs_scaling/s1v5_128_frequency_main_fixed
s1v5_128_frequency_main,trigram,1000,2278,-1.6074059009552002,2278,1,42,data/runs_scaling/s1v5_128_frequency_main_fixed
s1v5_128_frequency_main,trigram,1000,793,-2.1833237409591675,3172,4,42,data/runs_scaling/s1v5_128_frequency_main_fixed
s1v5_128_frequency_main,trigram,1000,973,0.7663826942443848,2919,3,42,data/runs_scaling/s1v5_128_frequency_main_fixed
s1v5_128_frequency_main,trigram,1000,509,-1.2059721478726715,4072,8,42,data/runs_scaling/s1v5_128_frequency_main_fixed
s1v5_128_frequency_main,trigram,1000,652,5.358646109700203,3912,6,42,data/runs_scaling/s1v5_128_frequency_main_fixed
s1v5_128_frequency_main,trigram,1000,853,2.7912386655807495,1706,2,42,data/runs_scaling/s1v5_128_frequency_main_fixed
s1v5_128_frequency_main,trigram,1000,417,-1.0295160928597817,5421,13,42,data/runs_scaling/s1v5_128_frequency_main_fixed
s1v5_128_frequency_main,trigram,1000,3093,-6.089236028492451,3093,1,42,data/runs_scaling/s1v5_128_frequency_main_fixed
s1v5_128_frequency_main,trigram,1000,362,-0.5802834183123196,5792,16,42,data/runs_scaling/s1v5_128_frequency_main_fixed
s1v5_128_frequency_main,trigram,1000,293,0.061329310971777885,7325,25,42,data/runs_scaling/s1v5_128_frequency_main_fixed
s1v5_128_frequency_main,trigram,1000,733,0.9146385192871094,1466,2,42,data/runs_scaling/s1v5_128_frequency_main_fixed
s1v5_128_frequency_main,trigram,1000,518,-0.6391576081514359,4144,8,42,data/runs_scaling/s1v5_128_frequency_main_fixed
s1v5_128_frequency_main,trigram,1000,588,-0.7781622260808945,4704,8,42,data/runs_scaling/s1v5_128_frequency_main_fixed
s1v5_128_frequency_main,trigram,1000,725,2.774276395638784,2175,3,42,data/runs_scaling/s1v5_128_frequency_main_fixed
s1v5_128_frequency_main,trigram,1000,1275,-5.2121570110321045,1275,1,42,data/runs_scaling/s1v5_128_frequency_main_fixed
s1v5_128_frequency_main,trigram,1000,1104,-0.4346524477005005,1104,1,42,data/runs_scaling/s1v5_128_frequency_main_fixed
s1v5_128_frequency_main,trigram,1000,467,-0.17901629582047462,2802,6,42,data/runs_scaling/s1v5_128_frequency_main_fixed
s1v5_128_frequency_main,trigram,1000,852,-1.683124024537392,2556,3,42,data/runs_scaling/s1v5_128_frequency_main_fixed
s1v5_128_frequency_main,trigram,1000,640,-2.4983429511388144,3840,6,42,data/runs_scaling/s1v5_128_frequency_main_fixed
s1v5_128_frequency_main,trigram,1000,448,-1.0655039686292487,2688,6,42,data/runs_scaling/s1v5_128_frequency_main_fixed
s1v5_128_frequency_main,trigram,1000,636,-0.3610151410102844,2544,4,42,data/runs_scaling/s1v5_128_frequency_main_fixed
s1v5_128_frequency_main,trigram,1000,405,2.002791820477475,6885,17,42,data/runs_scaling/s1v5_128_frequency_main_fixed
s1v5_128_frequency_main,trigram,1000,354,-1.1608227962995163,4602,13,42,data/runs_scaling/s1v5_128_frequency_main_fixed
s1v5_128_frequency_main,trigram,1000,661,2.2178938450912633,3966,6,42,data/runs_scaling/s1v5_128_frequency_main_fixed
s1v5_128_frequency_main,trigram,1000,704,0.6226598024368286,704,1,42,data/runs_scaling/s1v5_128_frequency_main_fixed
s1v5_128_frequency_main,trigram,1000,440,0.9709884011083179,3960,9,42,data/runs_scaling/s1v5_128_frequency_main_fixed
s1v5_128_frequency_main,trigram,1000,696,1.427609732747078,3480,5,42,data/runs_scaling/s1v5_128_frequency_main_fixed
s1v5_128_frequency_main,trigram,1000,808,0.8801463581621647,3232,4,42,data/runs_scaling/s1v5_128_frequency_main_fixed
s1v5_128_frequency_main,trigram,1000,2215,1.7962381839752197,4430,2,42,data/runs_scaling/s1v5_128_frequency_main_fixed
s1v5_128_frequency_main,trigram,1000,1869,-2.7150683403015137,1869,1,42,data/runs_scaling/s1v5_128_frequency_main_fixed
s1v5_128_frequency_main,trigram,1000,564,0.36741484701633453,2256,4,42,data/runs_scaling/s1v5_128_frequency_main_fixed
s1v5_128_frequency_main,trigram,1000,960,-0.36269598454236984,1920,2,42,data/runs_scaling/s1v5_128_frequency_main_fixed
s1v5_128_frequency_main,trigram,1000,513,-0.21223397003450373,4104,8,42,data/runs_scaling/s1v5_128_frequency_main_fixed
s1v5_128_frequency_main,trigram,1000,1319,2.749864161014557,2638,2,42,data/runs_scaling/s1v5_128_frequency_main_fixed
s1v5_128_frequency_main,trigram,1000,524,0.30479434558323454,3668,7,42,data/runs_scaling/s1v5_128_frequency_main_fixed
s1v5_128_frequency_main,trigram,1000,264,1.8712480502775481,9504,36,42,data/runs_scaling/s1v5_128_frequency_main_fixed
s1v5_128_frequency_main,trigram,1000,472,0.42293802329472135,3304,7,42,data/runs_scaling/s1v5_128_frequency_main_fixed
s1v5_128_frequency_main,trigram,1000,520,1.354029685331625,4160,8,42,data/runs_scaling/s1v5_128_frequency_main_fixed
s1v5_128_frequency_main,trigram,1000,579,2.8131277076900005,2316,4,42,data/runs_scaling/s1v5_128_frequency_main_fixed
s1v5_128_frequency_main,trigram,1000,1093,0.01114608347415924,1093,1,42,data/runs_scaling/s1v5_128_frequency_main_fixed
s1v5_128_frequency_main,trigram,1000,1373,-2.555761769413948,1373,1,42,data/runs_scaling/s1v5_128_frequency_main_fixed
s1v5_128_frequency_main,trigram,1000,528,2.9371347228686013,3168,6,42,data/runs_scaling/s1v5_128_frequency_main_fixed
s1v5_128_frequency_main,trigram,1000,832,2.147806942462921,1664,2,42,data/runs_scaling/s1v5_128_frequency_main_fixed
s1v5_128_frequency_main,trigram,1000,656,6.092312335968018,656,1,42,data/runs_scaling/s1v5_128_frequency_main_fixed
s1v5_128_frequency_main,trigram,1000,605,0.9250246513901013,4235,7,42,data/runs_scaling/s1v5_128_frequency_main_fixed
s1v5_128_frequency_main,trigram,1000,1484,-0.4156196117401123,1484,1,42,data/runs_scaling/s1v5_128_frequency_main_fixed
s1v5_128_frequency_main,trigram,1000,408,0.7958670078834984,4080,10,42,data/runs_scaling/s1v5_128_frequency_main_fixed
s1v5_128_frequency_main,trigram,1000,545,-2.0609701905865223,2725,5,42,data/runs_scaling/s1v5_128_frequency_main_fixed
s1v5_128_frequency_main,trigram,1000,507,-0.2598976194858551,4056,8,42,data/runs_scaling/s1v5_128_frequency_main_fixed
s1v5_128_frequency_main,trigram,1000,955,0.6217067241668701,955,1,42,data/runs_scaling/s1v5_128_frequency_main_fixed
s1v5_128_frequency_main,trigram,1000,1482,5.032814025878906,1482,1,42,data/runs_scaling/s1v5_128_frequency_main_fixed
s1v5_128_frequency_main,trigram,1000,758,-1.3641234040260315,1516,2,42,data/runs_scaling/s1v5_128_frequency_main_fixed
s1v5_128_frequency_main,trigram,1000,670,-1.437842191942036,3350,5,42,data/runs_scaling/s1v5_128_frequency_main_fixed
s1v5_128_frequency_main,trigram,1000,247,0.1740630994573599,10127,41,42,data/runs_scaling/s1v5_128_frequency_main_fixed
s1v5_128_frequency_main,trigram,1000,364,-1.1048839033088262,6188,17,42,data/runs_scaling/s1v5_128_frequency_main_fixed
s1v5_128_frequency_main,trigram,1000,903,-0.7896719127893448,2709,3,42,data/runs_scaling/s1v5_128_frequency_main_fixed
s1v5_128_frequency_main,trigram,1000,437,0.8111809227201674,3933,9,42,data/runs_scaling/s1v5_128_frequency_main_fixed
s1v5_128_frequency_main,trigram,1000,377,1.2604751384506623,5655,15,42,data/runs_scaling/s1v5_128_frequency_main_fixed
s1v5_128_frequency_main,trigram,1000,1840,-1.7516902750357985,3680,2,42,data/runs_scaling/s1v5_128_frequency_main_fixed
s1v5_128_frequency_main,trigram,1000,268,0.09421553851910479,8040,30,42,data/runs_scaling/s1v5_128_frequency_main_fixed
s1v5_128_frequency_main,trigram,1000,288,0.8014309667813082,6048,21,42,data/runs_scaling/s1v5_128_frequency_main_fixed
s1v5_128_frequency_main,trigram,1000,368,-0.8604042807763274,4048,11,42,data/runs_scaling/s1v5_128_frequency_main_fixed
s1v5_128_frequency_main,trigram,1000,624,-0.43755663745105267,4992,8,42,data/runs_scaling/s1v5_128_frequency_main_fixed
s1v5_128_frequency_main,trigram,1000,9978,-2.5152536630630493,9978,1,42,data/runs_scaling/s1v5_128_frequency_main_fixed
s1v5_128_frequency_main,trigram,1000,374,1.8165162631443568,2618,7,42,data/runs_scaling/s1v5_128_frequency_main_fixed
s1v5_128_frequency_main,trigram,1000,389,0.9583593008941725,7391,19,42,data/runs_scaling/s1v5_128_frequency_main_fixed
s1v5_128_frequency_main,trigram,1000,461,-0.004311643540859222,5071,11,42,data/runs_scaling/s1v5_128_frequency_main_fixed
s1v5_128_frequency_main,trigram,1000,430,-0.2866446600916485,2580,6,42,data/runs_scaling/s1v5_128_frequency_main_fixed
s1v5_128_frequency_main,trigram,1000,1791,0.3361119031906128,1791,1,42,data/runs_scaling/s1v5_128_frequency_main_fixed
s1v5_128_frequency_main,trigram,1000,493,0.598533800492684,1479,3,42,data/runs_scaling/s1v5_128_frequency_main_fixed
s1v5_128_frequency_main,trigram,1000,451,-0.014470850479685597,4059,9,42,data/runs_scaling/s1v5_128_frequency_main_fixed
s1v5_128_frequency_main,trigram,1000,812,0.8561243100557476,1624,2,42,data/runs_scaling/s1v5_128_frequency_main_fixed
s1v5_128_frequency_main,trigram,1000,618,0.8068437346955761,2472,4,42,data/runs_scaling/s1v5_128_frequency_main_fixed
s1v5_128_frequency_main,trigram,1000,947,0.4932518005371094,947,1,42,data/runs_scaling/s1v5_128_frequency_main_fixed
s1v5_128_frequency_main,trigram,1000,365,0.5684013108257204,7300,20,42,data/runs_scaling/s1v5_128_frequency_main_fixed
s1v5_128_frequency_main,trigram,1000,361,0.7661545980899107,7581,21,42,data/runs_scaling/s1v5_128_frequency_main_fixed
s1v5_128_frequency_main,trigram,1000,1271,2.02803897857666,1271,1,42,data/runs_scaling/s1v5_128_frequency_main_fixed
s1v5_128_frequency_main,trigram,1000,1190,-1.0644632577896118,2380,2,42,data/runs_scaling/s1v5_128_frequency_main_fixed
s1v5_128_frequency_main,trigram,1000,298,-1.250995644110093,6854,23,42,data/runs_scaling/s1v5_128_frequency_main_fixed
s1v5_128_frequency_main,trigram,1000,560,-0.7192632257938385,2240,4,42,data/runs_scaling/s1v5_128_frequency_main_fixed
s1v5_128_frequency_main,trigram,1000,352,-0.4495939873871706,9504,27,42,data/runs_scaling/s1v5_128_frequency_main_fixed
s1v5_128_frequency_main,trigram,1000,414,0.046991243958473206,4968,12,42,data/runs_scaling/s1v5_128_frequency_main_fixed
s1v5_128_frequency_main,trigram,1000,1187,3.6391851902008057,2374,2,42,data/runs_scaling/s1v5_128_frequency_main_fixed
s1v5_128_frequency_main,trigram,1000,591,-2.159396216273308,4728,8,42,data/runs_scaling/s1v5_128_frequency_main_fixed
s1v5_128_frequency_main,trigram,1000,965,-0.27791786193847656,1930,2,42,data/runs_scaling/s1v5_128_frequency_main_fixed
s1v5_128_frequency_main,trigram,1000,303,1.469771664701402,7575,25,42,data/runs_scaling/s1v5_128_frequency_main_fixed
s1v5_128_frequency_main,trigram,1000,10655,-1.4567854404449463,10655,1,42,data/runs_scaling/s1v5_128_frequency_main_fixed
s1v5_128_frequency_main,trigram,1000,1492,-1.0466489791870117,1492,1,42,data/runs_scaling/s1v5_128_frequency_main_fixed
s1v5_128_frequency_main,trigram,1000,1356,-3.1212832927703857,1356,1,42,data/runs_scaling/s1v5_128_frequency_main_fixed
s1v5_128_frequency_main,trigram,1000,359,-0.04856722752253215,5385,15,42,data/runs_scaling/s1v5_128_frequency_main_fixed
s1v5_128_frequency_main,trigram,1000,693,4.903517493605614,3465,5,42,data/runs_scaling/s1v5_128_frequency_main_fixed
s1v5_128_frequency_main,trigram,1000,1234,1.103421154121558,3702,3,42,data/runs_scaling/s1v5_128_frequency_main_fixed
s1v5_128_frequency_main,trigram,1000,1060,-0.43926429748535156,2120,2,42,data/runs_scaling/s1v5_128_frequency_main_fixed
s1v5_128_frequency_main,trigram,1000,968,-2.460865080356598,1936,2,42,data/runs_scaling/s1v5_128_frequency_main_fixed
s1v5_128_frequency_main,trigram,1000,554,0.9397797327488661,5540,10,42,data/runs_scaling/s1v5_128_frequency_main_fixed
s1v5_128_frequency_main,trigram,1000,600,1.2166807906968253,4200,7,42,data/runs_scaling/s1v5_128_frequency_main_fixed
s1v5_128_frequency_main,trigram,1000,718,-1.4562683999538422,2872,4,42,data/runs_scaling/s1v5_128_frequency_main_fixed
s1v5_128_frequency_main,trigram,1000,495,-0.13170138299465178,4950,10,42,data/runs_scaling/s1v5_128_frequency_main_fixed
s1v5_128_frequency_main,trigram,1000,1115,0.7375761071840922,3345,3,42,data/runs_scaling/s1v5_128_frequency_main_fixed
s1v5_128_frequency_main,trigram,1000,833,0.006107274442911148,3332,4,42,data/runs_scaling/s1v5_128_frequency_main_fixed
s1v5_128_frequency_main,trigram,1000,631,0.2009781433476342,5679,9,42,data/runs_scaling/s1v5_128_frequency_main_fixed
s1v5_128_frequency_main,trigram,1000,617,0.19569580256938934,2468,4,42,data/runs_scaling/s1v5_128_frequency_main_fixed
s1v5_128_frequency_main,trigram,1000,1189,1.1864993572235107,1189,1,42,data/runs_scaling/s1v5_128_frequency_main_fixed
s1v5_128_frequency_main,trigram,1000,9524,2.538639545440674,9524,1,42,data/runs_scaling/s1v5_128_frequency_main_fixed
s1v5_128_frequency_main,trigram,1000,1624,-3.537932515144348,3248,2,42,data/runs_scaling/s1v5_128_frequency_main_fixed
s1v5_128_frequency_main,trigram,1000,452,-0.023288658687046597,3164,7,42,data/runs_scaling/s1v5_128_frequency_main_fixed
s1v5_128_frequency_main,trigram,1000,667,-0.37510716915130615,1334,2,42,data/runs_scaling/s1v5_128_frequency_main_fixed
s1v5_128_frequency_main,trigram,1000,892,-0.9230139255523682,1784,2,42,data/runs_scaling/s1v5_128_frequency_main_fixed
s1v5_128_frequency_main,trigram,1000,749,2.676669347572897,2996,4,42,data/runs_scaling/s1v5_128_frequency_main_fixed
s1v5_128_frequency_main,trigram,1000,574,0.3066406399011612,4018,7,42,data/runs_scaling/s1v5_128_frequency_main_fixed
s1v5_128_frequency_main,trigram,1000,2090,0.5246295928955078,2090,1,42,data/runs_scaling/s1v5_128_frequency_main_fixed
s1v5_128_frequency_main,trigram,1000,385,-0.47034093737602234,5390,14,42,data/runs_scaling/s1v5_128_frequency_main_fixed
s1v5_128_frequency_main,trigram,1000,525,0.12420061501589688,5775,11,42,data/runs_scaling/s1v5_128_frequency_main_fixed
s1v5_128_frequency_main,trigram,1000,695,3.153218552470207,2780,4,42,data/runs_scaling/s1v5_128_frequency_main_fixed
s1v5_128_frequency_main,trigram,1000,512,-0.3695483922958374,5120,10,42,data/runs_scaling/s1v5_128_frequency_main_fixed
s1v5_128_frequency_main,trigram,1000,1270,1.3945221900939941,2540,2,42,data/runs_scaling/s1v5_128_frequency_main_fixed
s1v5_128_frequency_main,trigram,1000,1161,2.3598698377609253,2322,2,42,data/runs_scaling/s1v5_128_frequency_main_fixed
s1v5_128_frequency_main,trigram,1000,823,-1.1226466397444408,2469,3,42,data/runs_scaling/s1v5_128_frequency_main_fixed
s1v5_128_frequency_main,trigram,1000,1174,3.876486818306148,2348,2,42,data/runs_scaling/s1v5_128_frequency_main_fixed
s1v5_128_frequency_main,trigram,1000,567,0.7158952185085842,3969,7,42,data/runs_scaling/s1v5_128_frequency_main_fixed
s1v5_128_frequency_main,trigram,1000,1860,5.780089437961578,3720,2,42,data/runs_scaling/s1v5_128_frequency_main_fixed
s1v5_128_frequency_main,trigram,1000,1173,-1.6188812255859375,1173,1,42,data/runs_scaling/s1v5_128_frequency_main_fixed
s1v5_128_frequency_main,trigram,1000,584,2.7590256452560427,2920,5,42,data/runs_scaling/s1v5_128_frequency_main_fixed
s1v5_128_frequency_main,trigram,1000,2130,2.166717052459717,2130,1,42,data/runs_scaling/s1v5_128_frequency_main_fixed
s1v5_128_frequency_main,trigram,1000,1149,2.223928928375244,1149,1,42,data/runs_scaling/s1v5_128_frequency_main_fixed
s1v5_128_frequency_main,trigram,1000,1227,-1.5010607697768137,2454,2,42,data/runs_scaling/s1v5_128_frequency_main_fixed
s1v5_128_frequency_main,trigram,1000,1240,0.00312302028760314,1240,1,42,data/runs_scaling/s1v5_128_frequency_main_fixed
s1v5_128_frequency_main,trigram,1000,315,-0.9784096374231226,5355,17,42,data/runs_scaling/s1v5_128_frequency_main_fixed
s1v5_128_frequency_main,trigram,1000,523,2.806402833511432,1569,3,42,data/runs_scaling/s1v5_128_frequency_main_fixed
s1v5_128_frequency_main,trigram,1000,532,-1.1372261842091878,1596,3,42,data/runs_scaling/s1v5_128_frequency_main_fixed
s1v5_128_frequency_main,trigram,1000,425,0.09430773258209228,4250,10,42,data/runs_scaling/s1v5_128_frequency_main_fixed
s1v5_128_frequency_main,trigram,1000,1412,0.34717968106269836,2824,2,42,data/runs_scaling/s1v5_128_frequency_main_fixed
s1v5_128_frequency_main,trigram,1000,742,0.2575155666896275,5194,7,42,data/runs_scaling/s1v5_128_frequency_main_fixed
s1v5_128_frequency_main,trigram,1000,566,0.23269104957580566,2264,4,42,data/runs_scaling/s1v5_128_frequency_main_fixed
s1v5_128_frequency_main,trigram,1000,622,1.8585263788700104,3732,6,42,data/runs_scaling/s1v5_128_frequency_main_fixed
s1v5_128_frequency_main,trigram,1000,664,-2.1397070387999215,1992,3,42,data/runs_scaling/s1v5_128_frequency_main_fixed
s1v5_128_frequency_main,trigram,1000,734,2.6600911617279053,1468,2,42,data/runs_scaling/s1v5_128_frequency_main_fixed
s1v5_128_frequency_main,trigram,1000,712,-0.10884588753106073,2848,4,42,data/runs_scaling/s1v5_128_frequency_main_fixed
s1v5_128_frequency_main,trigram,1000,843,1.629995584487915,843,1,42,data/runs_scaling/s1v5_128_frequency_main_fixed
s1v5_128_frequency_main,trigram,1000,787,0.6784183494746685,6296,8,42,data/runs_scaling/s1v5_128_frequency_main_fixed
s1v5_128_frequency_main,trigram,1000,395,-0.8262100761586969,4345,11,42,data/runs_scaling/s1v5_128_frequency_main_fixed
s1v5_128_frequency_main,trigram,1000,2352,0.6077980995178223,2352,1,42,data/runs_scaling/s1v5_128_frequency_main_fixed
s1v5_128_frequency_main,trigram,1000,511,-1.6409888480390822,3577,7,42,data/runs_scaling/s1v5_128_frequency_main_fixed
s1v5_128_frequency_main,trigram,1000,813,-0.16317367553710938,813,1,42,data/runs_scaling/s1v5_128_frequency_main_fixed
s1v5_128_frequency_main,trigram,1000,26306,-0.3331468105316162,26306,1,42,data/runs_scaling/s1v5_128_frequency_main_fixed
s1v5_128_frequency_main,trigram,1000,41735,-4.056595295667648,41735,1,42,data/runs_scaling/s1v5_128_frequency_main_fixed
s1v5_128_frequency_main,trigram,1000,506,-0.5571231444676717,1518,3,42,data/runs_scaling/s1v5_128_frequency_main_fixed
s1v5_128_frequency_main,trigram,1000,2260,1.142775535583496,2260,1,42,data/runs_scaling/s1v5_128_frequency_main_fixed
s1v5_128_frequency_main,trigram,1000,946,7.966044664382935,946,1,42,data/runs_scaling/s1v5_128_frequency_main_fixed
s1v5_128_frequency_main,trigram,1000,5667,0.41712093353271484,5667,1,42,data/runs_scaling/s1v5_128_frequency_main_fixed
s1v5_128_frequency_main,trigram,1000,610,-0.1865368684132894,3660,6,42,data/runs_scaling/s1v5_128_frequency_main_fixed
s1v5_128_frequency_main,trigram,1000,508,0.7094062626361847,5080,10,42,data/runs_scaling/s1v5_128_frequency_main_fixed
s1v5_128_frequency_main,trigram,1000,633,1.8592059751972556,2532,4,42,data/runs_scaling/s1v5_128_frequency_main_fixed
s1v5_128_frequency_main,trigram,1000,386,1.2090812429566593,6562,17,42,data/runs_scaling/s1v5_128_frequency_main_fixed
s1v5_128_frequency_main,trigram,1000,1327,0.20566296577453613,1327,1,42,data/runs_scaling/s1v5_128_frequency_main_fixed
s1v5_128_frequency_main,trigram,1000,328,0.8914330938499441,7544,23,42,data/runs_scaling/s1v5_128_frequency_main_fixed
s1v5_128_frequency_main,trigram,1000,1079,1.2694549560546875,1079,1,42,data/runs_scaling/s1v5_128_frequency_main_fixed
s1v5_128_frequency_main,trigram,1000,3286,1.4366977214813232,3286,1,42,data/runs_scaling/s1v5_128_frequency_main_fixed
s1v5_128_frequency_main,trigram,1000,396,0.47783900300661725,5940,15,42,data/runs_scaling/s1v5_128_frequency_main_fixed
s1v5_128_frequency_main,trigram,1000,576,-1.5338587760925293,1728,3,42,data/runs_scaling/s1v5_128_frequency_main_fixed
s1v5_128_frequency_main,trigram,1000,443,0.4533040374517441,3544,8,42,data/runs_scaling/s1v5_128_frequency_main_fixed
s1v5_128_frequency_main,trigram,1000,394,1.101675000260858,6698,17,42,data/runs_scaling/s1v5_128_frequency_main_fixed
s1v5_128_frequency_main,trigram,1000,1091,11.795188426971436,1091,1,42,data/runs_scaling/s1v5_128_frequency_main_fixed
s1v5_128_frequency_main,trigram,1000,1267,1.965079426765442,1267,1,42,data/runs_scaling/s1v5_128_frequency_main_fixed
s1v5_128_frequency_main,trigram,1000,460,-3.070933779080709,1380,3,42,data/runs_scaling/s1v5_128_frequency_main_fixed
s1v5_128_frequency_main,trigram,1000,1072,2.8053823560476303,2144,2,42,data/runs_scaling/s1v5_128_frequency_main_fixed
s1v5_128_frequency_main,trigram,1000,691,-2.796539783477783,691,1,42,data/runs_scaling/s1v5_128_frequency_main_fixed
s1v5_128_frequency_main,trigram,1000,2269,-3.6527743339538574,2269,1,42,data/runs_scaling/s1v5_128_frequency_main_fixed
s1v5_128_frequency_main,trigram,1000,913,3.706084370613098,1826,2,42,data/runs_scaling/s1v5_128_frequency_main_fixed
s1v5_128_frequency_main,trigram,1000,771,2.008652165532112,3084,4,42,data/runs_scaling/s1v5_128_frequency_main_fixed
s1v5_128_frequency_main,trigram,1000,390,-0.667675169184804,6240,16,42,data/runs_scaling/s1v5_128_frequency_main_fixed
s1v5_128_frequency_main,trigram,1000,2547,1.6482248306274414,2547,1,42,data/runs_scaling/s1v5_128_frequency_main_fixed
s1v5_128_frequency_main,trigram,1000,747,0.934514249364535,2241,3,42,data/runs_scaling/s1v5_128_frequency_main_fixed
s1v5_128_frequency_main,trigram,1000,1940,-2.364737033843994,1940,1,42,data/runs_scaling/s1v5_128_frequency_main_fixed
s1v5_128_frequency_main,trigram,1000,369,0.10077204704534129,5166,14,42,data/runs_scaling/s1v5_128_frequency_main_fixed
s1v5_128_frequency_main,trigram,1000,671,2.735553652048111,2684,4,42,data/runs_scaling/s1v5_128_frequency_main_fixed
s1v5_128_frequency_main,trigram,1000,568,2.2109246253967285,1136,2,42,data/runs_scaling/s1v5_128_frequency_main_fixed
s1v5_128_frequency_main,trigram,1000,1645,2.0294532775878906,1645,1,42,data/runs_scaling/s1v5_128_frequency_main_fixed
s1v5_128_frequency_main,trigram,1000,497,0.9204756353719858,3976,8,42,data/runs_scaling/s1v5_128_frequency_main_fixed
s1v5_128_frequency_main,trigram,1000,583,1.0817895982569705,3498,6,42,data/runs_scaling/s1v5_128_frequency_main_fixed
s1v5_128_frequency_main,trigram,1000,367,-0.39465827743212384,5505,15,42,data/runs_scaling/s1v5_128_frequency_main_fixed
s1v5_128_frequency_main,trigram,1000,585,0.6999388337135315,4680,8,42,data/runs_scaling/s1v5_128_frequency_main_fixed
s1v5_128_frequency_main,trigram,1000,407,-0.29894362440840766,4477,11,42,data/runs_scaling/s1v5_128_frequency_main_fixed
s1v5_128_frequency_main,trigram,1000,681,2.235867609580358,2043,3,42,data/runs_scaling/s1v5_128_frequency_main_fixed
s1v5_128_frequency_main,trigram,1000,651,0.12053174509492237,2604,4,42,data/runs_scaling/s1v5_128_frequency_main_fixed
s1v5_128_frequency_main,trigram,1000,938,1.3190112113952637,938,1,42,data/runs_scaling/s1v5_128_frequency_main_fixed
s1v5_128_frequency_main,trigram,1000,571,2.048625373840332,2855,5,42,data/runs_scaling/s1v5_128_frequency_main_fixed
s1v5_128_frequency_main,trigram,1000,949,4.703223131597042,949,1,42,data/runs_scaling/s1v5_128_frequency_main_fixed
s1v5_128_frequency_main,trigram,1000,491,2.5034290800491967,2946,6,42,data/runs_scaling/s1v5_128_frequency_main_fixed
s1v5_128_frequency_main,trigram,1000,1239,6.007667064666748,1239,1,42,data/runs_scaling/s1v5_128_frequency_main_fixed
s1v5_128_frequency_main,trigram,1000,674,-1.6032246351242065,1348,2,42,data/runs_scaling/s1v5_128_frequency_main_fixed
s1v5_128_frequency_main,trigram,1000,3834,2.8699227571487427,3834,1,42,data/runs_scaling/s1v5_128_frequency_main_fixed
s1v5_128_frequency_main,trigram,1000,956,6.700748920440674,956,1,42,data/runs_scaling/s1v5_128_frequency_main_fixed
s1v5_128_frequency_main,trigram,1000,1299,2.3522565364837646,2598,2,42,data/runs_scaling/s1v5_128_frequency_main_fixed
s1v5_128_frequency_main,trigram,1000,556,-0.7616839408874512,1668,3,42,data/runs_scaling/s1v5_128_frequency_main_fixed
s1v5_128_frequency_main,trigram,1000,404,-0.17845651184325106,4040,10,42,data/runs_scaling/s1v5_128_frequency_main_fixed
s1v5_128_frequency_main,trigram,1000,504,0.5732021530469259,3024,6,42,data/runs_scaling/s1v5_128_frequency_main_fixed
s1v5_128_frequency_main,trigram,1000,672,-0.2636863776375928,4032,6,42,data/runs_scaling/s1v5_128_frequency_main_fixed
s1v5_128_frequency_main,trigram,1000,543,-1.0202987021766603,4344,8,42,data/runs_scaling/s1v5_128_frequency_main_fixed
s1v5_128_frequency_main,trigram,1000,3343,1.016190528869629,3343,1,42,data/runs_scaling/s1v5_128_frequency_main_fixed
s1v5_128_frequency_main,trigram,1000,453,2.0091650908192,2718,6,42,data/runs_scaling/s1v5_128_frequency_main_fixed
s1v5_128_frequency_main,trigram,1000,786,-0.21735718411703905,4716,6,42,data/runs_scaling/s1v5_128_frequency_main_fixed
s1v5_128_frequency_main,trigram,1000,3020,0.3210630416870117,3020,1,42,data/runs_scaling/s1v5_128_frequency_main_fixed
s1v5_128_frequency_main,trigram,1000,1107,0.0898289680480957,1107,1,42,data/runs_scaling/s1v5_128_frequency_main_fixed
s1v5_128_frequency_main,trigram,1000,1047,-0.2800166606903076,2094,2,42,data/runs_scaling/s1v5_128_frequency_main_fixed
s1v5_128_frequency_main,trigram,1000,2102,0.04828501492738724,2102,1,42,data/runs_scaling/s1v5_128_frequency_main_fixed
s1v5_128_frequency_main,trigram,1000,550,0.4578092098236084,4400,8,42,data/runs_scaling/s1v5_128_frequency_main_fixed
s1v5_128_frequency_main,trigram,1000,648,5.812043746312459,1944,3,42,data/runs_scaling/s1v5_128_frequency_main_fixed
s1v5_128_frequency_main,trigram,1000,10360,0.196746826171875,10360,1,42,data/runs_scaling/s1v5_128_frequency_main_fixed
s1v5_128_frequency_main,trigram,1000,1278,-4.358624294400215,1278,1,42,data/runs_scaling/s1v5_128_frequency_main_fixed
s1v5_128_frequency_main,trigram,1000,714,-0.2737950325012207,3570,5,42,data/runs_scaling/s1v5_128_frequency_main_fixed
s1v5_128_frequency_main,trigram,1000,1800,-2.461982250213623,1800,1,42,data/runs_scaling/s1v5_128_frequency_main_fixed
s1v5_128_frequency_main,trigram,1000,1213,-4.996194839477539,1213,1,42,data/runs_scaling/s1v5_128_frequency_main_fixed
s1v5_128_frequency_main,trigram,1000,683,0.16862821578979492,683,1,42,data/runs_scaling/s1v5_128_frequency_main_fixed
s1v5_128_frequency_main,trigram,1000,883,0.6430098414421082,3532,4,42,data/runs_scaling/s1v5_128_frequency_main_fixed
s1v5_128_frequency_main,trigram,1000,802,0.43886709213256836,1604,2,42,data/runs_scaling/s1v5_128_frequency_main_fixed
s1v5_128_frequency_main,trigram,1000,1237,-3.4076532647013664,2474,2,42,data/runs_scaling/s1v5_128_frequency_main_fixed
s1v5_128_frequency_main,trigram,1000,1097,6.0421260595321655,1097,1,42,data/runs_scaling/s1v5_128_frequency_main_fixed
s1v5_128_frequency_main,trigram,1000,1424,-0.011008411645889282,1424,1,42,data/runs_scaling/s1v5_128_frequency_main_fixed
s1v5_128_frequency_main,trigram,1000,553,-0.20746211567893624,4424,8,42,data/runs_scaling/s1v5_128_frequency_main_fixed
s1v5_128_frequency_main,trigram,1000,730,1.0673924684524536,2920,4,42,data/runs_scaling/s1v5_128_frequency_main_fixed
s1v5_128_frequency_main,trigram,1000,639,0.7684596947261265,4473,7,42,data/runs_scaling/s1v5_128_frequency_main_fixed
s1v5_128_frequency_main,trigram,1000,1137,3.1143269538879395,1137,1,42,data/runs_scaling/s1v5_128_frequency_main_fixed
s1v5_128_frequency_main,trigram,1000,1431,-1.1657781600952148,1431,1,42,data/runs_scaling/s1v5_128_frequency_main_fixed
s1v5_128_frequency_main,trigram,1000,660,-0.09290596417018346,4620,7,42,data/runs_scaling/s1v5_128_frequency_main_fixed
s1v5_128_frequency_main,trigram,1000,922,0.12170767784118652,1844,2,42,data/runs_scaling/s1v5_128_frequency_main_fixed
s1v5_128_frequency_main,trigram,1000,728,-1.84180482228597,2184,3,42,data/runs_scaling/s1v5_128_frequency_main_fixed
s1v5_128_frequency_main,trigram,1000,665,3.6927550435066223,1995,3,42,data/runs_scaling/s1v5_128_frequency_main_fixed
s1v5_128_frequency_main,trigram,1000,480,-1.4228722378611565,1920,4,42,data/runs_scaling/s1v5_128_frequency_main_fixed
s1v5_128_frequency_main,trigram,1000,514,1.4708108603954315,2056,4,42,data/runs_scaling/s1v5_128_frequency_main_fixed
s1v5_128_frequency_main,trigram,1000,1212,-5.103512763977051,1212,1,42,data/runs_scaling/s1v5_128_frequency_main_fixed
s1v5_128_frequency_main,trigram,1000,998,4.590588569641113,998,1,42,data/runs_scaling/s1v5_128_frequency_main_fixed
s1v5_128_frequency_main,trigram,1000,751,-0.7584794223308563,3755,5,42,data/runs_scaling/s1v5_128_frequency_main_fixed
s1v5_128_frequency_main,trigram,1000,3965,-1.7604873180389404,3965,1,42,data/runs_scaling/s1v5_128_frequency_main_fixed
s1v5_128_frequency_main,trigram,1000,1197,6.624573707580566,1197,1,42,data/runs_scaling/s1v5_128_frequency_main_fixed
s1v5_128_frequency_main,trigram,1000,914,-1.5828418731689453,914,1,42,data/runs_scaling/s1v5_128_frequency_main_fixed
s1v5_128_frequency_main,trigram,1000,795,4.834873199462891,795,1,42,data/runs_scaling/s1v5_128_frequency_main_fixed
s1v5_128_frequency_main,trigram,1000,1085,-0.7952892780303955,3255,3,42,data/runs_scaling/s1v5_128_frequency_main_fixed
s1v5_128_frequency_main,trigram,1000,503,1.0504146074410528,5030,10,42,data/runs_scaling/s1v5_128_frequency_main_fixed
s1v5_128_frequency_main,trigram,1000,1026,1.082654635111491,3078,3,42,data/runs_scaling/s1v5_128_frequency_main_fixed
s1v5_128_frequency_main,trigram,1000,598,-1.4791207961472017,4186,7,42,data/runs_scaling/s1v5_128_frequency_main_fixed
s1v5_128_frequency_main,trigram,1000,391,0.5352719932150862,6647,17,42,data/runs_scaling/s1v5_128_frequency_main_fixed
s1v5_128_frequency_main,trigram,1000,486,-0.4438811673058404,4374,9,42,data/runs_scaling/s1v5_128_frequency_main_fixed
s1v5_128_frequency_main,trigram,1000,349,0.40265713930130004,5235,15,42,data/runs_scaling/s1v5_128_frequency_main_fixed
s1v5_128_frequency_main,trigram,1000,627,-3.1960709216073155,2508,4,42,data/runs_scaling/s1v5_128_frequency_main_fixed
s1v5_128_frequency_main,trigram,1000,1471,0.6005945205688477,1471,1,42,data/runs_scaling/s1v5_128_frequency_main_fixed
s1v5_128_frequency_main,trigram,1000,685,-0.8629624576618274,2055,3,42,data/runs_scaling/s1v5_128_frequency_main_fixed
s1v5_128_frequency_main,trigram,1000,2255,4.095085382461548,2255,1,42,data/runs_scaling/s1v5_128_frequency_main_fixed
s1v5_128_frequency_main,trigram,1000,1514,-4.06354284286499,1514,1,42,data/runs_scaling/s1v5_128_frequency_main_fixed
s1v5_128_frequency_main,trigram,1000,429,1.1789240042368572,2574,6,42,data/runs_scaling/s1v5_128_frequency_main_fixed
s1v5_128_frequency_main,trigram,1000,489,3.115676616185478,3423,7,42,data/runs_scaling/s1v5_128_frequency_main_fixed
s1v5_128_frequency_main,trigram,1000,724,-1.2858357392251492,2172,3,42,data/runs_scaling/s1v5_128_frequency_main_fixed
s1v5_128_frequency_main,trigram,1000,1124,-0.4021298885345459,1124,1,42,data/runs_scaling/s1v5_128_frequency_main_fixed
s1v5_128_frequency_main,trigram,1000,632,-1.3839222192764282,2528,4,42,data/runs_scaling/s1v5_128_frequency_main_fixed
s1v5_128_frequency_main,trigram,1000,750,0.42781001329421997,3000,4,42,data/runs_scaling/s1v5_128_frequency_main_fixed
s1v5_128_frequency_main,trigram,1000,722,0.49344851449131966,2888,4,42,data/runs_scaling/s1v5_128_frequency_main_fixed
s1v5_128_frequency_main,trigram,1000,1016,3.102631390094757,2032,2,42,data/runs_scaling/s1v5_128_frequency_main_fixed
s1v5_128_frequency_main,trigram,1000,319,1.4998920585862117,6061,19,42,data/runs_scaling/s1v5_128_frequency_main_fixed
s1v5_128_frequency_main,trigram,1000,578,1.1099664568901062,4624,8,42,data/runs_scaling/s1v5_128_frequency_main_fixed
s1v5_128_frequency_main,trigram,1000,796,0.6972070535024008,2388,3,42,data/runs_scaling/s1v5_128_frequency_main_fixed
s1v5_128_frequency_main,trigram,1000,573,-1.9786410331726074,2292,4,42,data/runs_scaling/s1v5_128_frequency_main_fixed
s1v5_128_frequency_main,trigram,1000,723,0.28321146965026855,723,1,42,data/runs_scaling/s1v5_128_frequency_main_fixed
s1v5_128_frequency_main,trigram,1000,465,0.04088826179504394,2325,5,42,data/runs_scaling/s1v5_128_frequency_main_fixed
s1v5_128_frequency_main,trigram,1000,1021,-0.30862244963645935,4084,4,42,data/runs_scaling/s1v5_128_frequency_main_fixed
s1v5_128_frequency_main,trigram,1000,768,1.2834575772285461,1536,2,42,data/runs_scaling/s1v5_128_frequency_main_fixed
s1v5_128_frequency_main,trigram,1000,783,0.549774964650472,2349,3,42,data/runs_scaling/s1v5_128_frequency_main_fixed
s1v5_128_frequency_main,trigram,1000,463,0.07346297800540924,3704,8,42,data/runs_scaling/s1v5_128_frequency_main_fixed
s1v5_128_frequency_main,trigram,1000,1166,0.4028382897377014,2332,2,42,data/runs_scaling/s1v5_128_frequency_main_fixed
s1v5_128_frequency_main,trigram,1000,2934,2.9264559745788574,2934,1,42,data/runs_scaling/s1v5_128_frequency_main_fixed
s1v5_128_frequency_main,trigram,1000,1580,-1.0047507286071777,1580,1,42,data/runs_scaling/s1v5_128_frequency_main_fixed
s1v5_128_frequency_main,trigram,1000,1005,1.9701824188232422,1005,1,42,data/runs_scaling/s1v5_128_frequency_main_fixed
s1v5_128_frequency_main,trigram,1000,12302,-1.041724681854248,12302,1,42,data/runs_scaling/s1v5_128_frequency_main_fixed
s1v5_128_frequency_main,trigram,1000,596,0.9818937629461288,2384,4,42,data/runs_scaling/s1v5_128_frequency_main_fixed
s1v5_128_frequency_main,trigram,1000,2545,-0.8286037445068359,2545,1,42,data/runs_scaling/s1v5_128_frequency_main_fixed
s1v5_128_frequency_main,trigram,1000,967,-0.8643119037151337,2901,3,42,data/runs_scaling/s1v5_128_frequency_main_fixed
s1v5_128_frequency_main,trigram,1000,2018,-0.11308135092258453,2018,1,42,data/runs_scaling/s1v5_128_frequency_main_fixed
s1v5_128_frequency_main,trigram,1000,1154,-1.0319804772734642,2308,2,42,data/runs_scaling/s1v5_128_frequency_main_fixed
s1v5_128_frequency_main,trigram,1000,474,2.15863767095531,5688,12,42,data/runs_scaling/s1v5_128_frequency_main_fixed
s1v5_128_frequency_main,trigram,1000,4849,-1.5060186386108398,4849,1,42,data/runs_scaling/s1v5_128_frequency_main_fixed
s1v5_128_frequency_main,trigram,1000,926,0.45723605155944824,2778,3,42,data/runs_scaling/s1v5_128_frequency_main_fixed
s1v5_128_frequency_main,trigram,1000,621,-2.3239410877227784,3105,5,42,data/runs_scaling/s1v5_128_frequency_main_fixed
s1v5_128_frequency_main,trigram,1000,1575,1.62451171875,1575,1,42,data/runs_scaling/s1v5_128_frequency_main_fixed
s1v5_128_frequency_main,trigram,1000,1256,-0.5872664451599121,2512,2,42,data/runs_scaling/s1v5_128_frequency_main_fixed
s1v5_128_frequency_main,trigram,1000,9990,7.680973052978516,9990,1,42,data/runs_scaling/s1v5_128_frequency_main_fixed
s1v5_128_frequency_main,trigram,1000,2239,-1.8608708381652832,4478,2,42,data/runs_scaling/s1v5_128_frequency_main_fixed
s1v5_128_frequency_main,trigram,1000,2514,-0.8482627868652344,2514,1,42,data/runs_scaling/s1v5_128_frequency_main_fixed
s1v5_128_frequency_main,trigram,1000,1429,4.086297035217285,1429,1,42,data/runs_scaling/s1v5_128_frequency_main_fixed
s1v5_128_frequency_main,trigram,1000,711,0.09741906076669693,2133,3,42,data/runs_scaling/s1v5_128_frequency_main_fixed
s1v5_128_frequency_main,trigram,1000,1402,-0.39114904403686523,1402,1,42,data/runs_scaling/s1v5_128_frequency_main_fixed
s1v5_128_frequency_main,trigram,1000,552,0.48479868471622467,2760,5,42,data/runs_scaling/s1v5_128_frequency_main_fixed
s1v5_128_frequency_main,trigram,1000,534,-0.6762013356201351,4806,9,42,data/runs_scaling/s1v5_128_frequency_main_fixed
s1v5_128_frequency_main,trigram,1000,1884,-2.0276403427124023,1884,1,42,data/runs_scaling/s1v5_128_frequency_main_fixed
s1v5_128_frequency_main,trigram,1000,1076,0.678802490234375,1076,1,42,data/runs_scaling/s1v5_128_frequency_main_fixed
s1v5_128_frequency_main,trigram,1000,1479,-0.8175756931304932,1479,1,42,data/runs_scaling/s1v5_128_frequency_main_fixed
s1v5_128_frequency_main,trigram,1000,1027,0.023962020874023438,1027,1,42,data/runs_scaling/s1v5_128_frequency_main_fixed
s1v5_128_frequency_main,trigram,1000,699,4.111512184143066,699,1,42,data/runs_scaling/s1v5_128_frequency_main_fixed
s1v5_128_frequency_main,trigram,1000,777,0.09669114276766777,2331,3,42,data/runs_scaling/s1v5_128_frequency_main_fixed
s1v5_128_frequency_main,trigram,1000,3914,6.286871075630188,3914,1,42,data/runs_scaling/s1v5_128_frequency_main_fixed
s1v5_128_frequency_main,trigram,1000,642,1.192924126982689,3210,5,42,data/runs_scaling/s1v5_128_frequency_main_fixed
s1v5_128_frequency_main,trigram,1000,3383,2.407059669494629,3383,1,42,data/runs_scaling/s1v5_128_frequency_main_fixed
s1v5_128_frequency_main,trigram,1000,1121,1.872443675994873,1121,1,42,data/runs_scaling/s1v5_128_frequency_main_fixed
s1v5_128_frequency_main,trigram,1000,792,1.2617692947387695,792,1,42,data/runs_scaling/s1v5_128_frequency_main_fixed
s1v5_128_frequency_main,trigram,1000,761,1.1196950376033783,3044,4,42,data/runs_scaling/s1v5_128_frequency_main_fixed
s1v5_128_frequency_main,trigram,1000,753,1.6567765560932457,3765,5,42,data/runs_scaling/s1v5_128_frequency_main_fixed
s1v5_128_frequency_main,trigram,1000,634,2.9462247590223947,3804,6,42,data/runs_scaling/s1v5_128_frequency_main_fixed
s1v5_128_frequency_main,trigram,1000,1930,1.8050312995910645,1930,1,42,data/runs_scaling/s1v5_128_frequency_main_fixed
s1v5_128_frequency_main,trigram,1000,609,-2.9580039183298745,3654,6,42,data/runs_scaling/s1v5_128_frequency_main_fixed
s1v5_128_frequency_main,trigram,1000,707,-2.9169234819710255,1414,2,42,data/runs_scaling/s1v5_128_frequency_main_fixed
s1v5_128_frequency_main,trigram,1000,1449,-4.830261409282684,1449,1,42,data/runs_scaling/s1v5_128_frequency_main_fixed
s1v5_128_frequency_main,trigram,1000,953,1.7118289470672607,2859,3,42,data/runs_scaling/s1v5_128_frequency_main_fixed
s1v5_128_frequency_main,trigram,1000,726,0.31182484090095386,2904,4,42,data/runs_scaling/s1v5_128_frequency_main_fixed
s1v5_128_frequency_main,trigram,1000,1315,3.0848312377929688,1315,1,42,data/runs_scaling/s1v5_128_frequency_main_fixed
s1v5_128_frequency_main,trigram,1000,1335,-7.934107780456543,1335,1,42,data/runs_scaling/s1v5_128_frequency_main_fixed
s1v5_128_frequency_main,trigram,1000,12114,7.180418491363525,12114,1,42,data/runs_scaling/s1v5_128_frequency_main_fixed
s1v5_128_frequency_main,trigram,1000,515,0.8269212381565012,4120,8,42,data/runs_scaling/s1v5_128_frequency_main_fixed
s1v5_128_frequency_main,trigram,1000,1447,-4.237057030200958,2894,2,42,data/runs_scaling/s1v5_128_frequency_main_fixed
s1v5_128_frequency_main,trigram,1000,536,-0.4358911769730704,3752,7,42,data/runs_scaling/s1v5_128_frequency_main_fixed
s1v5_128_frequency_main,trigram,1000,604,-1.3317361772060394,2416,4,42,data/runs_scaling/s1v5_128_frequency_main_fixed
s1v5_128_frequency_main,trigram,1000,1824,-10.148230075836182,1824,1,42,data/runs_scaling/s1v5_128_frequency_main_fixed
s1v5_128_frequency_main,trigram,1000,494,0.12595605798984857,5928,12,42,data/runs_scaling/s1v5_128_frequency_main_fixed
s1v5_128_frequency_main,trigram,1000,709,-1.2551273317076266,1418,2,42,data/runs_scaling/s1v5_128_frequency_main_fixed
s1v5_128_frequency_main,trigram,1000,548,0.6552870828658343,2740,5,42,data/runs_scaling/s1v5_128_frequency_main_fixed
s1v5_128_frequency_main,trigram,1000,1992,-3.0837340354919434,1992,1,42,data/runs_scaling/s1v5_128_frequency_main_fixed
s1v5_128_frequency_main,trigram,1000,581,-0.417496263182589,4067,7,42,data/runs_scaling/s1v5_128_frequency_main_fixed
s1v5_128_frequency_main,trigram,1000,1287,6.883406162261963,1287,1,42,data/runs_scaling/s1v5_128_frequency_main_fixed
s1v5_128_frequency_main,trigram,1000,1966,-5.875474214553833,1966,1,42,data/runs_scaling/s1v5_128_frequency_main_fixed
s1v5_128_frequency_main,trigram,1000,1679,1.3164153099060059,1679,1,42,data/runs_scaling/s1v5_128_frequency_main_fixed
s1v5_128_frequency_main,trigram,1000,608,2.903336441144347,2432,4,42,data/runs_scaling/s1v5_128_frequency_main_fixed
s1v5_128_frequency_main,trigram,1000,1059,3.028419017791748,1059,1,42,data/runs_scaling/s1v5_128_frequency_main_fixed
s1v5_128_frequency_main,trigram,1000,570,0.546002623392269,2850,5,42,data/runs_scaling/s1v5_128_frequency_main_fixed
s1v5_128_frequency_main,trigram,1000,557,1.671830455462138,3342,6,42,data/runs_scaling/s1v5_128_frequency_main_fixed
s1v5_128_frequency_main,trigram,1000,6308,0.8482799530029297,6308,1,42,data/runs_scaling/s1v5_128_frequency_main_fixed
s1v5_128_frequency_main,trigram,1000,721,-2.0746670961380005,1442,2,42,data/runs_scaling/s1v5_128_frequency_main_fixed
s1v5_128_frequency_main,trigram,1000,821,3.9708062410354614,1642,2,42,data/runs_scaling/s1v5_128_frequency_main_fixed
s1v5_128_frequency_main,trigram,1000,713,2.2985471884409585,2139,3,42,data/runs_scaling/s1v5_128_frequency_main_fixed
s1v5_128_frequency_main,trigram,1000,615,1.2375668212771416,3075,5,42,data/runs_scaling/s1v5_128_frequency_main_fixed
s1v5_128_frequency_main,trigram,1000,809,-1.3598450968662898,4854,6,42,data/runs_scaling/s1v5_128_frequency_main_fixed
s1v5_128_frequency_main,trigram,1000,620,-0.2745510756969452,3100,5,42,data/runs_scaling/s1v5_128_frequency_main_fixed
s1v5_128_frequency_main,trigram,1000,1409,6.9123969078063965,1409,1,42,data/runs_scaling/s1v5_128_frequency_main_fixed
s1v5_128_frequency_main,trigram,1000,772,1.3209056854248047,3088,4,42,data/runs_scaling/s1v5_128_frequency_main_fixed
s1v5_128_frequency_main,trigram,1000,2311,0.6265592575073242,2311,1,42,data/runs_scaling/s1v5_128_frequency_main_fixed
s1v5_128_frequency_main,trigram,1000,810,-4.633813977241516,1620,2,42,data/runs_scaling/s1v5_128_frequency_main_fixed
s1v5_128_frequency_main,trigram,1000,692,-1.1256487369537354,2076,3,42,data/runs_scaling/s1v5_128_frequency_main_fixed
s1v5_128_frequency_main,trigram,1000,710,2.3018969694773355,2130,3,42,data/runs_scaling/s1v5_128_frequency_main_fixed
s1v5_128_frequency_main,trigram,1000,1053,-1.0772179961204529,2106,2,42,data/runs_scaling/s1v5_128_frequency_main_fixed
s1v5_128_frequency_main,trigram,1000,765,-3.8740246295928955,1530,2,42,data/runs_scaling/s1v5_128_frequency_main_fixed
s1v5_128_frequency_main,trigram,1000,1669,-3.373647689819336,1669,1,42,data/runs_scaling/s1v5_128_frequency_main_fixed
s1v5_128_frequency_main,trigram,1000,1564,-1.4911391681525856,3128,2,42,data/runs_scaling/s1v5_128_frequency_main_fixed
s1v5_128_frequency_main,trigram,1000,738,2.0361671466380358,2952,4,42,data/runs_scaling/s1v5_128_frequency_main_fixed
s1v5_128_frequency_main,trigram,1000,676,-1.0933745024459702,4732,7,42,data/runs_scaling/s1v5_128_frequency_main_fixed
s1v5_128_frequency_main,trigram,1000,1024,0.17357444763183594,1024,1,42,data/runs_scaling/s1v5_128_frequency_main_fixed
s1v5_128_frequency_main,trigram,1000,1451,2.390814244747162,2902,2,42,data/runs_scaling/s1v5_128_frequency_main_fixed
s1v5_128_frequency_main,trigram,1000,1044,1.3686848878860474,2088,2,42,data/runs_scaling/s1v5_128_frequency_main_fixed
s1v5_128_frequency_main,trigram,1000,927,0.4304343108087778,1854,2,42,data/runs_scaling/s1v5_128_frequency_main_fixed
s1v5_128_frequency_main,trigram,1000,482,1.4318576335906983,2410,5,42,data/runs_scaling/s1v5_128_frequency_main_fixed
s1v5_128_frequency_main,trigram,1000,844,3.1121100038290024,3376,4,42,data/runs_scaling/s1v5_128_frequency_main_fixed
s1v5_128_frequency_main,trigram,1000,454,-0.6929319170303643,2724,6,42,data/runs_scaling/s1v5_128_frequency_main_fixed
s1v5_128_frequency_main,trigram,1000,767,-0.1372532367706299,3835,5,42,data/runs_scaling/s1v5_128_frequency_main_fixed
s1v5_128_frequency_main,trigram,1000,689,-3.005287081003189,1378,2,42,data/runs_scaling/s1v5_128_frequency_main_fixed
s1v5_128_frequency_main,trigram,1000,854,2.3107229471206665,1708,2,42,data/runs_scaling/s1v5_128_frequency_main_fixed
s1v5_128_frequency_main,trigram,1000,939,-2.1768288860718408,2817,3,42,data/runs_scaling/s1v5_128_frequency_main_fixed
s1v5_128_frequency_main,trigram,1000,3458,0.17404460906982422,3458,1,42,data/runs_scaling/s1v5_128_frequency_main_fixed
s1v5_128_frequency_main,trigram,1000,788,1.67916801571846,1576,2,42,data/runs_scaling/s1v5_128_frequency_main_fixed
s1v5_128_frequency_main,trigram,1000,623,-0.34400802850723267,3738,6,42,data/runs_scaling/s1v5_128_frequency_main_fixed
s1v5_128_frequency_main,trigram,1000,797,1.0971507728099823,3985,5,42,data/runs_scaling/s1v5_128_frequency_main_fixed
s1v5_128_frequency_main,trigram,1000,1262,7.821273565292358,1262,1,42,data/runs_scaling/s1v5_128_frequency_main_fixed
s1v5_128_frequency_main,trigram,1000,1148,0.9371812343597412,2296,2,42,data/runs_scaling/s1v5_128_frequency_main_fixed
s1v5_128_frequency_main,trigram,1000,741,-1.167637825012207,1482,2,42,data/runs_scaling/s1v5_128_frequency_main_fixed
s1v5_128_frequency_main,trigram,1000,1000,-2.7460408806800842,1000,1,42,data/runs_scaling/s1v5_128_frequency_main_fixed
s1v5_128_frequency_main,trigram,1000,521,-2.0573543111483255,3126,6,42,data/runs_scaling/s1v5_128_frequency_main_fixed
s1v5_128_frequency_main,trigram,1000,1048,-1.558746099472046,2096,2,42,data/runs_scaling/s1v5_128_frequency_main_fixed
s1v5_128_frequency_main,trigram,1000,416,2.356409337785509,3744,9,42,data/runs_scaling/s1v5_128_frequency_main_fixed
s1v5_128_frequency_main,trigram,1000,1540,-0.8131170272827148,1540,1,42,data/runs_scaling/s1v5_128_frequency_main_fixed
s1v5_128_frequency_main,trigram,1000,1473,-5.672565460205078,1473,1,42,data/runs_scaling/s1v5_128_frequency_main_fixed
s1v5_128_frequency_main,trigram,1000,530,-2.0566409884486347,4240,8,42,data/runs_scaling/s1v5_128_frequency_main_fixed
s1v5_128_frequency_main,trigram,1000,1883,-4.6472673416137695,1883,1,42,data/runs_scaling/s1v5_128_frequency_main_fixed
s1v5_128_frequency_main,trigram,1000,2554,-0.28714919090270996,2554,1,42,data/runs_scaling/s1v5_128_frequency_main_fixed
s1v5_128_frequency_main,trigram,1000,1274,-0.8399543762207031,1274,1,42,data/runs_scaling/s1v5_128_frequency_main_fixed
s1v5_128_frequency_main,trigram,1000,3434,0.10312366485595703,3434,1,42,data/runs_scaling/s1v5_128_frequency_main_fixed
s1v5_128_frequency_main,trigram,1000,1033,3.8351389169692993,1033,1,42,data/runs_scaling/s1v5_128_frequency_main_fixed
s1v5_128_frequency_main,trigram,1000,2897,-0.04409217834472656,2897,1,42,data/runs_scaling/s1v5_128_frequency_main_fixed
s1v5_128_frequency_main,trigram,1000,470,-0.5597808468155563,4230,9,42,data/runs_scaling/s1v5_128_frequency_main_fixed
s1v5_128_frequency_main,trigram,1000,773,2.851686477661133,1546,2,42,data/runs_scaling/s1v5_128_frequency_main_fixed
s1v5_128_frequency_main,trigram,1000,958,1.2900524139404297,1916,2,42,data/runs_scaling/s1v5_128_frequency_main_fixed
s1v5_128_frequency_main,trigram,1000,1019,-1.111096250358969,2038,2,42,data/runs_scaling/s1v5_128_frequency_main_fixed
s1v5_128_frequency_main,trigram,1000,580,-1.4994266033172607,2900,5,42,data/runs_scaling/s1v5_128_frequency_main_fixed
s1v5_128_frequency_main,trigram,1000,587,0.5037654340267181,2348,4,42,data/runs_scaling/s1v5_128_frequency_main_fixed
s1v5_128_frequency_main,trigram,1000,900,-3.960071086883545,900,1,42,data/runs_scaling/s1v5_128_frequency_main_fixed
s1v5_128_frequency_main,trigram,1000,653,0.08403261913917959,2612,4,42,data/runs_scaling/s1v5_128_frequency_main_fixed
s1v5_128_frequency_main,trigram,1000,1408,-2.1508140563964844,1408,1,42,data/runs_scaling/s1v5_128_frequency_main_fixed
s1v5_128_frequency_main,trigram,1000,799,-3.072596549987793,799,1,42,data/runs_scaling/s1v5_128_frequency_main_fixed
s1v5_128_frequency_main,trigram,1000,1241,0.38246893882751465,1241,1,42,data/runs_scaling/s1v5_128_frequency_main_fixed
s1v5_128_frequency_main,trigram,1000,717,5.106225967407227,717,1,42,data/runs_scaling/s1v5_128_frequency_main_fixed
s1v5_128_frequency_main,trigram,1000,2420,0.7851061820983887,2420,1,42,data/runs_scaling/s1v5_128_frequency_main_fixed
s1v5_128_frequency_main,trigram,1000,589,-2.335418224334717,1178,2,42,data/runs_scaling/s1v5_128_frequency_main_fixed
s1v5_128_frequency_main,trigram,1000,1162,-3.852613925933838,1162,1,42,data/runs_scaling/s1v5_128_frequency_main_fixed
s1v5_128_frequency_main,trigram,1000,895,0.7774754762649536,1790,2,42,data/runs_scaling/s1v5_128_frequency_main_fixed
s1v5_128_frequency_main,trigram,1000,991,-0.44957664608955383,1982,2,42,data/runs_scaling/s1v5_128_frequency_main_fixed
s1v5_128_frequency_main,trigram,1000,971,1.2809933423995972,1942,2,42,data/runs_scaling/s1v5_128_frequency_main_fixed
s1v5_128_frequency_main,trigram,1000,644,-0.15218801498413087,3220,5,42,data/runs_scaling/s1v5_128_frequency_main_fixed
s1v5_128_frequency_main,trigram,1000,558,0.5480235194166502,3348,6,42,data/runs_scaling/s1v5_128_frequency_main_fixed
s1v5_128_frequency_main,trigram,1000,458,-0.8841528475284577,2290,5,42,data/runs_scaling/s1v5_128_frequency_main_fixed
s1v5_128_frequency_main,trigram,1000,982,0.545982708533605,2946,3,42,data/runs_scaling/s1v5_128_frequency_main_fixed
s1v5_128_frequency_main,trigram,1000,841,-0.5290350914001465,1682,2,42,data/runs_scaling/s1v5_128_frequency_main_fixed
s1v5_128_frequency_main,trigram,1000,5343,-0.1603759229183197,5343,1,42,data/runs_scaling/s1v5_128_frequency_main_fixed
s1v5_128_frequency_main,trigram,1000,1286,3.765333652496338,1286,1,42,data/runs_scaling/s1v5_128_frequency_main_fixed
s1v5_128_frequency_main,trigram,1000,657,-1.7201631863911946,1971,3,42,data/runs_scaling/s1v5_128_frequency_main_fixed
s1v5_128_frequency_main,trigram,1000,3606,3.3955488204956055,3606,1,42,data/runs_scaling/s1v5_128_frequency_main_fixed
s1v5_128_frequency_main,trigram,1000,2974,0.5420421287417412,2974,1,42,data/runs_scaling/s1v5_128_frequency_main_fixed
s1v5_128_frequency_main,trigram,1000,858,1.9504282871882122,2574,3,42,data/runs_scaling/s1v5_128_frequency_main_fixed
s1v5_128_frequency_main,trigram,1000,526,-2.2890173197260992,1052,2,42,data/runs_scaling/s1v5_128_frequency_main_fixed
s1v5_128_frequency_main,trigram,1000,611,-0.8991842667261759,1833,3,42,data/runs_scaling/s1v5_128_frequency_main_fixed
s1v5_128_frequency_main,trigram,1000,569,-1.0282477140426636,2276,4,42,data/runs_scaling/s1v5_128_frequency_main_fixed
s1v5_128_frequency_main,trigram,1000,999,0.9343516627947489,2997,3,42,data/runs_scaling/s1v5_128_frequency_main_fixed
s1v5_128_frequency_main,trigram,1000,1916,-0.8839601278305054,1916,1,42,data/runs_scaling/s1v5_128_frequency_main_fixed
s1v5_128_frequency_main,trigram,1000,2300,0.4097038507461548,2300,1,42,data/runs_scaling/s1v5_128_frequency_main_fixed
s1v5_128_frequency_main,trigram,1000,1960,-0.8609340190887451,1960,1,42,data/runs_scaling/s1v5_128_frequency_main_fixed
s1v5_128_frequency_main,trigram,1000,2381,4.4942004680633545,2381,1,42,data/runs_scaling/s1v5_128_frequency_main_fixed
s1v5_128_frequency_main,trigram,1000,906,-4.011831998825073,906,1,42,data/runs_scaling/s1v5_128_frequency_main_fixed
s1v5_128_frequency_main,trigram,1000,1330,0.286097414791584,2660,2,42,data/runs_scaling/s1v5_128_frequency_main_fixed
s1v5_128_frequency_main,trigram,1000,477,0.566760241985321,3339,7,42,data/runs_scaling/s1v5_128_frequency_main_fixed
s1v5_128_frequency_main,trigram,1000,1847,-0.03655846789479256,1847,1,42,data/runs_scaling/s1v5_128_frequency_main_fixed
s1v5_128_frequency_main,trigram,1000,1255,-3.6701860427856445,1255,1,42,data/runs_scaling/s1v5_128_frequency_main_fixed
s1v5_128_frequency_main,trigram,1000,849,-2.589012622833252,1698,2,42,data/runs_scaling/s1v5_128_frequency_main_fixed
s1v5_128_frequency_main,trigram,1000,1062,-2.6606690883636475,1062,1,42,data/runs_scaling/s1v5_128_frequency_main_fixed
s1v5_128_frequency_main,trigram,1000,2307,2.8908796310424805,2307,1,42,data/runs_scaling/s1v5_128_frequency_main_fixed
s1v5_128_frequency_main,trigram,1000,838,1.1424907445907593,1676,2,42,data/runs_scaling/s1v5_128_frequency_main_fixed
s1v5_128_frequency_main,trigram,1000,2582,-1.0829906165599823,2582,1,42,data/runs_scaling/s1v5_128_frequency_main_fixed
s1v5_128_frequency_main,trigram,1000,980,0.16653800010681152,980,1,42,data/runs_scaling/s1v5_128_frequency_main_fixed
s1v5_128_frequency_main,trigram,1000,816,-1.0720293782651424,1632,2,42,data/runs_scaling/s1v5_128_frequency_main_fixed
s1v5_128_frequency_main,trigram,1000,563,0.3310943074757233,2815,5,42,data/runs_scaling/s1v5_128_frequency_main_fixed
s1v5_128_frequency_main,trigram,1000,645,2.4764324426651,1290,2,42,data/runs_scaling/s1v5_128_frequency_main_fixed
s1v5_128_frequency_main,trigram,1000,846,-0.16591548919677734,846,1,42,data/runs_scaling/s1v5_128_frequency_main_fixed
s1v5_128_frequency_main,trigram,1000,727,-0.8766696453094482,727,1,42,data/runs_scaling/s1v5_128_frequency_main_fixed
s1v5_128_frequency_main,trigram,1000,537,1.5707707284794499,3222,6,42,data/runs_scaling/s1v5_128_frequency_main_fixed
s1v5_128_frequency_main,trigram,1000,3588,2.7698073387145996,3588,1,42,data/runs_scaling/s1v5_128_frequency_main_fixed
s1v5_128_frequency_main,trigram,1000,500,0.9892471574246884,5000,10,42,data/runs_scaling/s1v5_128_frequency_main_fixed
s1v5_128_frequency_main,trigram,1000,582,-0.02511131763458252,582,1,42,data/runs_scaling/s1v5_128_frequency_main_fixed
s1v5_128_frequency_main,trigram,1000,2015,2.378928542137146,4030,2,42,data/runs_scaling/s1v5_128_frequency_main_fixed
s1v5_128_frequency_main,trigram,1000,1066,1.4590678215026855,1066,1,42,data/runs_scaling/s1v5_128_frequency_main_fixed
s1v5_128_frequency_main,trigram,1000,607,2.6644900552928448,2428,4,42,data/runs_scaling/s1v5_128_frequency_main_fixed
s1v5_128_frequency_main,trigram,1000,1008,6.130518913269043,2016,2,42,data/runs_scaling/s1v5_128_frequency_main_fixed
s1v5_128_frequency_main,trigram,1000,770,1.7150540709495545,3850,5,42,data/runs_scaling/s1v5_128_frequency_main_fixed
s1v5_128_frequency_main,trigram,1000,1582,-1.2942112237215042,1582,1,42,data/runs_scaling/s1v5_128_frequency_main_fixed
s1v5_128_frequency_main,trigram,1000,1807,0.6424846649169922,1807,1,42,data/runs_scaling/s1v5_128_frequency_main_fixed
s1v5_128_frequency_main,trigram,1000,1220,0.3463268280029297,1220,1,42,data/runs_scaling/s1v5_128_frequency_main_fixed
s1v5_128_frequency_main,trigram,1000,740,4.47086501121521,1480,2,42,data/runs_scaling/s1v5_128_frequency_main_fixed
s1v5_128_frequency_main,trigram,1000,2764,-0.00023717992007732391,2764,1,42,data/runs_scaling/s1v5_128_frequency_main_fixed
s1v5_128_frequency_main,trigram,1000,811,4.828327417373657,811,1,42,data/runs_scaling/s1v5_128_frequency_main_fixed
s1v5_128_frequency_main,trigram,1000,729,1.142240583896637,2916,4,42,data/runs_scaling/s1v5_128_frequency_main_fixed
s1v5_128_frequency_main,trigram,1000,1705,-0.3328248858451843,3410,2,42,data/runs_scaling/s1v5_128_frequency_main_fixed
s1v5_128_frequency_main,trigram,1000,602,1.1130067110061646,1806,3,42,data/runs_scaling/s1v5_128_frequency_main_fixed
s1v5_128_frequency_main,trigram,1000,879,-3.896223306655884,879,1,42,data/runs_scaling/s1v5_128_frequency_main_fixed
s1v5_128_frequency_main,trigram,1000,1001,-5.426860094070435,1001,1,42,data/runs_scaling/s1v5_128_frequency_main_fixed
s1v5_128_frequency_main,trigram,1000,701,-7.222287118434906,1402,2,42,data/runs_scaling/s1v5_128_frequency_main_fixed
s1v5_128_frequency_main,trigram,1000,1614,1.576507329940796,3228,2,42,data/runs_scaling/s1v5_128_frequency_main_fixed
s1v5_128_frequency_main,trigram,1000,2281,1.1227750778198242,2281,1,42,data/runs_scaling/s1v5_128_frequency_main_fixed
s1v5_128_frequency_main,trigram,1000,575,-1.1156265565327235,4025,7,42,data/runs_scaling/s1v5_128_frequency_main_fixed
s1v5_128_frequency_main,trigram,1000,1386,2.610151916742325,1386,1,42,data/runs_scaling/s1v5_128_frequency_main_fixed
s1v5_128_frequency_main,trigram,1000,970,0.5127149460216364,2910,3,42,data/runs_scaling/s1v5_128_frequency_main_fixed
s1v5_128_frequency_main,trigram,1000,673,1.4846571534872055,2692,4,42,data/runs_scaling/s1v5_128_frequency_main_fixed
s1v5_128_frequency_main,trigram,1000,1976,-3.1028525829315186,1976,1,42,data/runs_scaling/s1v5_128_frequency_main_fixed
s1v5_128_frequency_main,trigram,1000,888,3.8546671867370605,888,1,42,data/runs_scaling/s1v5_128_frequency_main_fixed
s1v5_128_frequency_main,trigram,1000,1030,-2.159012794494629,1030,1,42,data/runs_scaling/s1v5_128_frequency_main_fixed
s1v5_128_frequency_main,trigram,1000,625,-4.064904451370239,1250,2,42,data/runs_scaling/s1v5_128_frequency_main_fixed
s1v5_128_frequency_main,trigram,1000,614,0.07842651139944792,3070,5,42,data/runs_scaling/s1v5_128_frequency_main_fixed
s1v5_128_frequency_main,trigram,1000,678,0.13179969787597656,2034,3,42,data/runs_scaling/s1v5_128_frequency_main_fixed
s1v5_128_frequency_main,trigram,1000,2526,-6.1036494970321655,2526,1,42,data/runs_scaling/s1v5_128_frequency_main_fixed
s1v5_128_frequency_main,trigram,1000,2209,-1.1312110424041748,2209,1,42,data/runs_scaling/s1v5_128_frequency_main_fixed
s1v5_128_frequency_main,trigram,1000,966,0.6608622074127197,1932,2,42,data/runs_scaling/s1v5_128_frequency_main_fixed
s1v5_128_frequency_main,trigram,1000,706,1.2628154903650284,1412,2,42,data/runs_scaling/s1v5_128_frequency_main_fixed
s1v5_128_frequency_main,trigram,1000,978,-5.684519648551941,978,1,42,data/runs_scaling/s1v5_128_frequency_main_fixed
s1v5_128_frequency_main,trigram,1000,1321,-4.958214282989502,1321,1,42,data/runs_scaling/s1v5_128_frequency_main_fixed
s1v5_128_frequency_main,trigram,1000,616,-0.22806903719902039,2464,4,42,data/runs_scaling/s1v5_128_frequency_main_fixed
s1v5_128_frequency_main,trigram,1000,923,0.0009107422083616257,923,1,42,data/runs_scaling/s1v5_128_frequency_main_fixed
s1v5_128_frequency_main,trigram,1000,1346,-0.035898998379707336,1346,1,42,data/runs_scaling/s1v5_128_frequency_main_fixed
s1v5_128_frequency_main,trigram,1000,995,-2.6508994847536087,1990,2,42,data/runs_scaling/s1v5_128_frequency_main_fixed
s1v5_128_frequency_main,trigram,1000,745,0.1756216213107109,1490,2,42,data/runs_scaling/s1v5_128_frequency_main_fixed
s1v5_128_frequency_main,trigram,1000,876,0.7701855897903442,876,1,42,data/runs_scaling/s1v5_128_frequency_main_fixed
s1v5_128_frequency_main,trigram,1000,522,3.557232641137671,2610,5,42,data/runs_scaling/s1v5_128_frequency_main_fixed
s1v5_128_frequency_main,trigram,1000,891,-0.9719908237457275,1782,2,42,data/runs_scaling/s1v5_128_frequency_main_fixed
s1v5_128_frequency_main,trigram,1000,2257,-1.1142041683197021,2257,1,42,data/runs_scaling/s1v5_128_frequency_main_fixed
s1v5_128_frequency_main,trigram,1000,4974,0.40615224838256836,4974,1,42,data/runs_scaling/s1v5_128_frequency_main_fixed
s1v5_128_frequency_main,trigram,1000,977,4.401535242795944,977,1,42,data/runs_scaling/s1v5_128_frequency_main_fixed
s1v5_128_frequency_main,trigram,1000,933,-1.7356282770633698,1866,2,42,data/runs_scaling/s1v5_128_frequency_main_fixed
s1v5_128_frequency_main,trigram,1000,899,-2.6706957817077637,899,1,42,data/runs_scaling/s1v5_128_frequency_main_fixed
s1v5_128_frequency_main,trigram,1000,1249,-0.6599698960781097,2498,2,42,data/runs_scaling/s1v5_128_frequency_main_fixed
s1v5_128_frequency_main,trigram,1000,784,-1.9764211177825928,1568,2,42,data/runs_scaling/s1v5_128_frequency_main_fixed
s1v5_128_frequency_main,trigram,1000,1597,-5.188865900039673,1597,1,42,data/runs_scaling/s1v5_128_frequency_main_fixed
s1v5_128_frequency_main,trigram,1000,597,0.08373321709223092,4776,8,42,data/runs_scaling/s1v5_128_frequency_main_fixed
s1v5_128_frequency_main,trigram,1000,2441,0.12557697296142578,2441,1,42,data/runs_scaling/s1v5_128_frequency_main_fixed
s1v5_128_frequency_main,trigram,1000,1113,-1.111200213432312,2226,2,42,data/runs_scaling/s1v5_128_frequency_main_fixed
s1v5_128_frequency_main,trigram,1000,2079,1.2725319862365723,2079,1,42,data/runs_scaling/s1v5_128_frequency_main_fixed
s1v5_128_frequency_main,trigram,1000,2728,1.1726728677749634,2728,1,42,data/runs_scaling/s1v5_128_frequency_main_fixed
s1v5_128_frequency_main,trigram,1000,1666,-1.2979270815849304,3332,2,42,data/runs_scaling/s1v5_128_frequency_main_fixed
s1v5_128_frequency_main,trigram,1000,1820,1.8057315796613693,3640,2,42,data/runs_scaling/s1v5_128_frequency_main_fixed
s1v5_128_frequency_main,trigram,1000,1276,-0.5246175527572632,2552,2,42,data/runs_scaling/s1v5_128_frequency_main_fixed
s1v5_128_frequency_main,trigram,1000,1365,-0.9947997132937113,4095,3,42,data/runs_scaling/s1v5_128_frequency_main_fixed
s1v5_128_frequency_main,trigram,1000,1266,1.0628312826156616,1266,1,42,data/runs_scaling/s1v5_128_frequency_main_fixed
s1v5_128_frequency_main,trigram,1000,1171,2.7525839805603027,3513,3,42,data/runs_scaling/s1v5_128_frequency_main_fixed
s1v5_128_frequency_main,trigram,1000,1497,0.156710647046566,1497,1,42,data/runs_scaling/s1v5_128_frequency_main_fixed
s1v5_128_frequency_main,trigram,1000,2588,0.05074586346745491,2588,1,42,data/runs_scaling/s1v5_128_frequency_main_fixed
s1v5_128_frequency_main,trigram,1000,1557,0.004874605685472488,1557,1,42,data/runs_scaling/s1v5_128_frequency_main_fixed
s1v5_128_frequency_main,trigram,1000,835,3.4346039295196533,835,1,42,data/runs_scaling/s1v5_128_frequency_main_fixed
s1v5_128_frequency_main,trigram,1000,4481,0.14122879970818758,4481,1,42,data/runs_scaling/s1v5_128_frequency_main_fixed
s1v5_128_frequency_main,trigram,1000,619,2.5882115960121155,1238,2,42,data/runs_scaling/s1v5_128_frequency_main_fixed
s1v5_128_frequency_main,trigram,1000,779,5.036311388015747,779,1,42,data/runs_scaling/s1v5_128_frequency_main_fixed
s1v5_128_frequency_main,trigram,1000,1568,-9.641936480998993,1568,1,42,data/runs_scaling/s1v5_128_frequency_main_fixed
s1v5_128_frequency_main,trigram,1000,3564,-0.09020307660102844,3564,1,42,data/runs_scaling/s1v5_128_frequency_main_fixed
s1v5_128_frequency_main,trigram,1000,2652,-6.229806333780289,2652,1,42,data/runs_scaling/s1v5_128_frequency_main_fixed
s1v5_128_frequency_main,trigram,1000,756,-0.2611595292886098,2268,3,42,data/runs_scaling/s1v5_128_frequency_main_fixed
s1v5_128_frequency_main,trigram,1000,1323,0.01782507821917534,1323,1,42,data/runs_scaling/s1v5_128_frequency_main_fixed
s1v5_128_frequency_main,trigram,1000,1463,-0.00921147782355547,1463,1,42,data/runs_scaling/s1v5_128_frequency_main_fixed
s1v5_128_frequency_main,trigram,1000,859,-3.3916497230529785,859,1,42,data/runs_scaling/s1v5_128_frequency_main_fixed
s1v5_128_frequency_main,trigram,1000,1349,-0.06488847732543945,1349,1,42,data/runs_scaling/s1v5_128_frequency_main_fixed
s1v5_128_frequency_main,trigram,1000,1209,0.7600548509508371,2418,2,42,data/runs_scaling/s1v5_128_frequency_main_fixed
s1v5_128_frequency_main,trigram,1000,897,-0.672412097454071,897,1,42,data/runs_scaling/s1v5_128_frequency_main_fixed
s1v5_128_frequency_main,trigram,1000,794,-0.5510700543721517,2382,3,42,data/runs_scaling/s1v5_128_frequency_main_fixed
s1v5_128_frequency_main,trigram,1000,800,-0.461631178855896,4000,5,42,data/runs_scaling/s1v5_128_frequency_main_fixed
s1v5_128_frequency_main,trigram,1000,668,-1.135964274406433,2672,4,42,data/runs_scaling/s1v5_128_frequency_main_fixed
s1v5_128_frequency_main,trigram,1000,529,0.5394585337489843,2116,4,42,data/runs_scaling/s1v5_128_frequency_main_fixed
s1v5_128_frequency_main,trigram,1000,1719,-2.4729223251342773,1719,1,42,data/runs_scaling/s1v5_128_frequency_main_fixed
s1v5_128_frequency_main,trigram,1000,12469,0.4984407424926758,12469,1,42,data/runs_scaling/s1v5_128_frequency_main_fixed
s1v5_128_frequency_main,trigram,1000,1806,0.012699078768491745,1806,1,42,data/runs_scaling/s1v5_128_frequency_main_fixed
s1v5_128_frequency_main,trigram,1000,9527,6.517099380493164,9527,1,42,data/runs_scaling/s1v5_128_frequency_main_fixed
s1v5_128_frequency_main,trigram,1000,2835,-0.0024004941806197166,2835,1,42,data/runs_scaling/s1v5_128_frequency_main_fixed
s1v5_128_frequency_main,trigram,1000,731,-1.1139411926269531,731,1,42,data/runs_scaling/s1v5_128_frequency_main_fixed
s1v5_128_frequency_main,trigram,1000,1298,-0.5267857518047094,2596,2,42,data/runs_scaling/s1v5_128_frequency_main_fixed
s1v5_128_frequency_main,trigram,1000,782,-0.4949839524924755,1564,2,42,data/runs_scaling/s1v5_128_frequency_main_fixed
s1v5_128_frequency_main,trigram,1000,1418,2.787186861038208,2836,2,42,data/runs_scaling/s1v5_128_frequency_main_fixed
s1v5_128_frequency_main,trigram,1000,3249,-3.1464333161711693,3249,1,42,data/runs_scaling/s1v5_128_frequency_main_fixed
s1v5_128_frequency_main,trigram,1000,4720,11.744710445404053,4720,1,42,data/runs_scaling/s1v5_128_frequency_main_fixed
s1v5_128_frequency_main,trigram,1000,2251,-0.8182864189147949,2251,1,42,data/runs_scaling/s1v5_128_frequency_main_fixed
s1v5_128_frequency_main,trigram,1000,1407,1.0604777336120605,1407,1,42,data/runs_scaling/s1v5_128_frequency_main_fixed
s1v5_128_frequency_main,trigram,1000,599,2.071629403741099,2396,4,42,data/runs_scaling/s1v5_128_frequency_main_fixed
s1v5_128_frequency_main,trigram,1000,1374,-1.194453239440918,1374,1,42,data/runs_scaling/s1v5_128_frequency_main_fixed
s1v5_128_frequency_main,trigram,1000,847,-6.691979328791301,2541,3,42,data/runs_scaling/s1v5_128_frequency_main_fixed
s1v5_128_frequency_main,trigram,1000,1748,-5.744645595550537,1748,1,42,data/runs_scaling/s1v5_128_frequency_main_fixed
s1v5_128_frequency_main,trigram,1000,3043,-1.0901899337768555,3043,1,42,data/runs_scaling/s1v5_128_frequency_main_fixed
s1v5_128_frequency_main,trigram,1000,697,1.2295579731464386,3485,5,42,data/runs_scaling/s1v5_128_frequency_main_fixed
s1v5_128_frequency_main,trigram,1000,886,-2.8766114711761475,1772,2,42,data/runs_scaling/s1v5_128_frequency_main_fixed
s1v5_128_frequency_main,trigram,1000,1787,-2.088058352470398,1787,1,42,data/runs_scaling/s1v5_128_frequency_main_fixed
s1v5_128_frequency_main,trigram,1000,1120,-1.6518913507461548,2240,2,42,data/runs_scaling/s1v5_128_frequency_main_fixed
s1v5_128_frequency_main,trigram,1000,1610,-2.2407069206237793,1610,1,42,data/runs_scaling/s1v5_128_frequency_main_fixed
s1v5_128_frequency_main,trigram,1000,1009,2.381165564060211,1009,1,42,data/runs_scaling/s1v5_128_frequency_main_fixed
s1v5_128_frequency_main,trigram,1000,1176,2.3165268898010254,1176,1,42,data/runs_scaling/s1v5_128_frequency_main_fixed
s1v5_128_frequency_main,trigram,1000,908,-7.56861686706543,908,1,42,data/runs_scaling/s1v5_128_frequency_main_fixed
s1v5_128_frequency_main,trigram,1000,866,2.2130961418151855,1732,2,42,data/runs_scaling/s1v5_128_frequency_main_fixed
s1v5_128_frequency_main,trigram,1000,1324,-2.109933614730835,1324,1,42,data/runs_scaling/s1v5_128_frequency_main_fixed
s1v5_128_frequency_main,trigram,1000,1259,-0.6409320831298828,1259,1,42,data/runs_scaling/s1v5_128_frequency_main_fixed
s1v5_128_frequency_main,trigram,1000,1801,0.34285449981689453,1801,1,42,data/runs_scaling/s1v5_128_frequency_main_fixed
s1v5_128_frequency_main,trigram,1000,1023,3.7784976959228516,1023,1,42,data/runs_scaling/s1v5_128_frequency_main_fixed
s1v5_128_frequency_main,trigram,1000,675,3.483105281057457,2025,3,42,data/runs_scaling/s1v5_128_frequency_main_fixed
s1v5_128_frequency_main,trigram,1000,71147,4.978508710861206,71147,1,42,data/runs_scaling/s1v5_128_frequency_main_fixed
s1v5_128_frequency_main,trigram,1000,1151,-6.236059188842773,1151,1,42,data/runs_scaling/s1v5_128_frequency_main_fixed
s1v5_128_frequency_main,trigram,1000,2316,5.872679710388184,2316,1,42,data/runs_scaling/s1v5_128_frequency_main_fixed
s1v5_128_frequency_main,trigram,1000,819,0.3011751174926758,819,1,42,data/runs_scaling/s1v5_128_frequency_main_fixed
s1v5_128_frequency_main,trigram,1000,629,-0.9706315279006958,3145,5,42,data/runs_scaling/s1v5_128_frequency_main_fixed
s1v5_128_frequency_main,trigram,1000,1378,-0.08997537195682526,1378,1,42,data/runs_scaling/s1v5_128_frequency_main_fixed
s1v5_128_frequency_main,trigram,1000,1111,0.008404198102653027,1111,1,42,data/runs_scaling/s1v5_128_frequency_main_fixed
s1v5_128_frequency_main,trigram,1000,805,1.9173647463321686,1610,2,42,data/runs_scaling/s1v5_128_frequency_main_fixed
s1v5_128_frequency_main,trigram,1000,1114,-2.5194106101989746,1114,1,42,data/runs_scaling/s1v5_128_frequency_main_fixed
s1v5_128_frequency_main,trigram,1000,2024,1.4856081008911133,2024,1,42,data/runs_scaling/s1v5_128_frequency_main_fixed
s1v5_128_frequency_main,trigram,1000,7122,-3.330085277557373,7122,1,42,data/runs_scaling/s1v5_128_frequency_main_fixed
s1v5_128_frequency_main,trigram,1000,11187,2.4333066940307617,11187,1,42,data/runs_scaling/s1v5_128_frequency_main_fixed
s1v5_128_frequency_main,trigram,1000,1975,1.3639202117919922,1975,1,42,data/runs_scaling/s1v5_128_frequency_main_fixed
s1v5_128_frequency_main,trigram,1000,762,0.34089478353659314,2286,3,42,data/runs_scaling/s1v5_128_frequency_main_fixed
s1v5_128_frequency_main,trigram,1000,954,-5.006269454956055,954,1,42,data/runs_scaling/s1v5_128_frequency_main_fixed
s1v5_128_frequency_main,trigram,1000,2160,4.290771842002869,2160,1,42,data/runs_scaling/s1v5_128_frequency_main_fixed
s1v5_128_frequency_main,trigram,1000,1455,1.8694673776626587,1455,1,42,data/runs_scaling/s1v5_128_frequency_main_fixed
s1v5_128_frequency_main,trigram,1000,1308,-1.1425719261169434,1308,1,42,data/runs_scaling/s1v5_128_frequency_main_fixed
s1v5_128_frequency_main,trigram,1000,1581,-2.8732781410217285,1581,1,42,data/runs_scaling/s1v5_128_frequency_main_fixed
s1v5_128_frequency_main,trigram,1000,1223,8.96122920513153,1223,1,42,data/runs_scaling/s1v5_128_frequency_main_fixed
s1v5_128_frequency_main,trigram,1000,1086,3.466905117034912,1086,1,42,data/runs_scaling/s1v5_128_frequency_main_fixed
s1v5_128_frequency_main,trigram,1000,1890,3.620753765106201,1890,1,42,data/runs_scaling/s1v5_128_frequency_main_fixed
s1v5_128_frequency_main,trigram,1000,1141,-2.543868064880371,1141,1,42,data/runs_scaling/s1v5_128_frequency_main_fixed
s1v5_128_frequency_main,trigram,1000,916,0.3420269886652629,2748,3,42,data/runs_scaling/s1v5_128_frequency_main_fixed
s1v5_128_frequency_main,trigram,1000,1175,1.0112823247909546,2350,2,42,data/runs_scaling/s1v5_128_frequency_main_fixed
s1v5_128_frequency_main,trigram,1000,3168,-3.0630640983581543,3168,1,42,data/runs_scaling/s1v5_128_frequency_main_fixed
s1v5_128_frequency_main,trigram,1000,1917,1.4180145263671875,1917,1,42,data/runs_scaling/s1v5_128_frequency_main_fixed
s1v5_128_frequency_main,trigram,1000,1304,-2.747790575027466,2608,2,42,data/runs_scaling/s1v5_128_frequency_main_fixed
s1v5_128_frequency_main,trigram,1000,957,0.34563763936360675,2871,3,42,data/runs_scaling/s1v5_128_frequency_main_fixed
s1v5_128_frequency_main,trigram,1000,2899,6.084463119506836,2899,1,42,data/runs_scaling/s1v5_128_frequency_main_fixed
s1v5_128_frequency_main,trigram,1000,785,0.2578665018081665,1570,2,42,data/runs_scaling/s1v5_128_frequency_main_fixed
s1v5_128_frequency_main,trigram,1000,687,0.07866139151155949,687,1,42,data/runs_scaling/s1v5_128_frequency_main_fixed
s1v5_128_frequency_main,trigram,1000,3787,1.4243587255477905,3787,1,42,data/runs_scaling/s1v5_128_frequency_main_fixed
s1v5_128_frequency_main,trigram,1000,1658,0.2447829246520996,1658,1,42,data/runs_scaling/s1v5_128_frequency_main_fixed
s1v5_128_frequency_main,trigram,1000,2755,2.3714547157287598,2755,1,42,data/runs_scaling/s1v5_128_frequency_main_fixed
s1v5_128_frequency_main,trigram,1000,2118,4.011600971221924,2118,1,42,data/runs_scaling/s1v5_128_frequency_main_fixed
s1v5_128_frequency_main,trigram,1000,1280,-1.0805091857910156,1280,1,42,data/runs_scaling/s1v5_128_frequency_main_fixed
s1v5_128_frequency_main,trigram,1000,2357,-1.4113483428955078,2357,1,42,data/runs_scaling/s1v5_128_frequency_main_fixed
s1v5_128_frequency_main,trigram,1000,817,6.169741630554199,817,1,42,data/runs_scaling/s1v5_128_frequency_main_fixed
s1v5_128_frequency_main,trigram,1000,1068,-2.866586208343506,1068,1,42,data/runs_scaling/s1v5_128_frequency_main_fixed
s1v5_128_frequency_main,trigram,1000,2277,3.667891502380371,2277,1,42,data/runs_scaling/s1v5_128_frequency_main_fixed
s1v5_128_frequency_main,trigram,1000,1732,4.292852282524109,1732,1,42,data/runs_scaling/s1v5_128_frequency_main_fixed
s1v5_128_frequency_main,trigram,1000,880,4.761754035949707,880,1,42,data/runs_scaling/s1v5_128_frequency_main_fixed
s1v5_128_frequency_main,trigram,1000,1446,0.8346633911132812,1446,1,42,data/runs_scaling/s1v5_128_frequency_main_fixed
s1v5_128_frequency_main,trigram,1000,763,1.6353740692138672,763,1,42,data/runs_scaling/s1v5_128_frequency_main_fixed
s1v5_128_frequency_main,trigram,1000,6125,-0.2383127212524414,6125,1,42,data/runs_scaling/s1v5_128_frequency_main_fixed
s1v5_128_frequency_main,trigram,1000,1058,3.568012088537216,1058,1,42,data/runs_scaling/s1v5_128_frequency_main_fixed
s1v5_128_frequency_main,trigram,1000,1138,0.4643058776855469,1138,1,42,data/runs_scaling/s1v5_128_frequency_main_fixed
s1v5_128_frequency_main,trigram,1000,2512,-0.09480786323547363,2512,1,42,data/runs_scaling/s1v5_128_frequency_main_fixed
s1v5_128_frequency_main,trigram,1000,2190,0.03175868280231953,2190,1,42,data/runs_scaling/s1v5_128_frequency_main_fixed
s1v5_128_frequency_main,trigram,1000,1503,3.949533700942993,1503,1,42,data/runs_scaling/s1v5_128_frequency_main_fixed
s1v5_128_frequency_main,trigram,1000,1987,-4.539536759257317,1987,1,42,data/runs_scaling/s1v5_128_frequency_main_fixed
s1v5_128_frequency_main,trigram,1000,828,-1.7370342463254929,1656,2,42,data/runs_scaling/s1v5_128_frequency_main_fixed
s1v5_128_frequency_main,trigram,1000,830,1.465752124786377,2490,3,42,data/runs_scaling/s1v5_128_frequency_main_fixed
s1v5_128_frequency_main,trigram,1000,1326,5.610067844390869,1326,1,42,data/runs_scaling/s1v5_128_frequency_main_fixed
s1v5_128_frequency_main,trigram,1000,822,7.201321721076965,822,1,42,data/runs_scaling/s1v5_128_frequency_main_fixed
s1v5_128_frequency_main,trigram,1000,1494,-1.1566720008850098,1494,1,42,data/runs_scaling/s1v5_128_frequency_main_fixed
s1v5_128_frequency_main,trigram,1000,801,-1.5628087520599365,1602,2,42,data/runs_scaling/s1v5_128_frequency_main_fixed
s1v5_128_frequency_main,trigram,1000,743,-1.8556875586509705,2972,4,42,data/runs_scaling/s1v5_128_frequency_main_fixed
s1v5_128_frequency_main,trigram,1000,1179,-0.5661411285400391,1179,1,42,data/runs_scaling/s1v5_128_frequency_main_fixed
s1v5_128_frequency_main,trigram,1000,1389,1.7119531631469727,1389,1,42,data/runs_scaling/s1v5_128_frequency_main_fixed
s1v5_128_frequency_main,trigram,1000,766,-3.0368279218673706,1532,2,42,data/runs_scaling/s1v5_128_frequency_main_fixed
s1v5_128_frequency_main,trigram,1000,649,0.6668253391981125,1298,2,42,data/runs_scaling/s1v5_128_frequency_main_fixed
s1v5_128_frequency_main,trigram,1000,1375,-1.248354434967041,1375,1,42,data/runs_scaling/s1v5_128_frequency_main_fixed
s1v5_128_frequency_main,trigram,1000,1570,-1.1696648597717285,1570,1,42,data/runs_scaling/s1v5_128_frequency_main_fixed
s1v5_128_frequency_main,trigram,1000,1031,2.7421905994415283,2062,2,42,data/runs_scaling/s1v5_128_frequency_main_fixed
s1v5_128_frequency_main,trigram,1000,1101,7.411152601242065,1101,1,42,data/runs_scaling/s1v5_128_frequency_main_fixed
s1v5_128_frequency_main,trigram,1000,1537,1.754813020117581,3074,2,42,data/runs_scaling/s1v5_128_frequency_main_fixed
s1v5_128_frequency_main,trigram,1000,1576,2.892031192779541,1576,1,42,data/runs_scaling/s1v5_128_frequency_main_fixed
s1v5_128_frequency_main,trigram,1000,974,2.375134341418743,974,1,42,data/runs_scaling/s1v5_128_frequency_main_fixed
s1v5_128_frequency_main,trigram,1000,848,0.7993132174015045,1696,2,42,data/runs_scaling/s1v5_128_frequency_main_fixed
s1v5_128_frequency_main,trigram,1000,2033,0.6710891723632812,2033,1,42,data/runs_scaling/s1v5_128_frequency_main_fixed
s1v5_128_frequency_main,trigram,1000,884,-2.5152363777160645,884,1,42,data/runs_scaling/s1v5_128_frequency_main_fixed
s1v5_128_frequency_main,trigram,1000,962,3.322300672531128,1924,2,42,data/runs_scaling/s1v5_128_frequency_main_fixed
s1v5_128_frequency_main,trigram,1000,804,-0.8772153854370117,804,1,42,data/runs_scaling/s1v5_128_frequency_main_fixed
s1v5_128_frequency_main,trigram,1000,928,-3.847018241882324,928,1,42,data/runs_scaling/s1v5_128_frequency_main_fixed
s1v5_128_frequency_main,trigram,1000,1172,6.929733753204346,1172,1,42,data/runs_scaling/s1v5_128_frequency_main_fixed
s1v5_128_frequency_main,trigram,1000,698,-0.33763933181762695,2094,3,42,data/runs_scaling/s1v5_128_frequency_main_fixed
s1v5_128_frequency_main,trigram,1000,654,1.7709946632385254,1308,2,42,data/runs_scaling/s1v5_128_frequency_main_fixed
s1v5_128_frequency_main,trigram,1000,856,1.8584042191505432,1712,2,42,data/runs_scaling/s1v5_128_frequency_main_fixed
s1v5_128_frequency_main,trigram,1000,2862,1.64423406124115,2862,1,42,data/runs_scaling/s1v5_128_frequency_main_fixed
s1v5_128_frequency_main,trigram,1000,2068,1.1999197006225586,2068,1,42,data/runs_scaling/s1v5_128_frequency_main_fixed
s1v5_128_frequency_main,trigram,1000,2050,-0.6199684143066406,2050,1,42,data/runs_scaling/s1v5_128_frequency_main_fixed
s1v5_128_frequency_main,trigram,1000,1254,2.453872710466385,2508,2,42,data/runs_scaling/s1v5_128_frequency_main_fixed
s1v5_128_frequency_main,trigram,1000,662,4.430509462952614,1324,2,42,data/runs_scaling/s1v5_128_frequency_main_fixed
s1v5_128_frequency_main,trigram,1000,12197,9.4779611825943,12197,1,42,data/runs_scaling/s1v5_128_frequency_main_fixed
s1v5_128_frequency_main,trigram,1000,1108,1.084052562713623,2216,2,42,data/runs_scaling/s1v5_128_frequency_main_fixed
s1v5_128_frequency_main,trigram,1000,905,0.4744887351989746,905,1,42,data/runs_scaling/s1v5_128_frequency_main_fixed
s1v5_128_frequency_main,trigram,1000,2797,-1.9602317810058594,2797,1,42,data/runs_scaling/s1v5_128_frequency_main_fixed
s1v5_128_frequency_main,trigram,1000,1866,0.5289736986160278,1866,1,42,data/runs_scaling/s1v5_128_frequency_main_fixed
s1v5_128_frequency_main,trigram,1000,1082,-1.3558494746685028,2164,2,42,data/runs_scaling/s1v5_128_frequency_main_fixed
s1v5_128_frequency_main,trigram,1000,694,-0.1838681995868683,694,1,42,data/runs_scaling/s1v5_128_frequency_main_fixed
s1v5_128_frequency_main,trigram,1000,2262,-1.7839717864990234,2262,1,42,data/runs_scaling/s1v5_128_frequency_main_fixed
s1v5_128_frequency_main,trigram,1000,882,-1.142339956946671,1764,2,42,data/runs_scaling/s1v5_128_frequency_main_fixed
s1v5_128_frequency_main,trigram,1000,1147,5.270921111106873,1147,1,42,data/runs_scaling/s1v5_128_frequency_main_fixed
s1v5_128_frequency_main,trigram,1000,1553,-6.931565999984741,1553,1,42,data/runs_scaling/s1v5_128_frequency_main_fixed
s1v5_128_frequency_main,trigram,1000,2490,3.9584643840789795,2490,1,42,data/runs_scaling/s1v5_128_frequency_main_fixed
s1v5_128_frequency_main,trigram,1000,1465,2.9218010902404785,1465,1,42,data/runs_scaling/s1v5_128_frequency_main_fixed
s1v5_128_frequency_main,trigram,1000,1901,5.27229817211628,1901,1,42,data/runs_scaling/s1v5_128_frequency_main_fixed
s1v5_128_frequency_main,trigram,1000,1615,-0.9973716735839844,1615,1,42,data/runs_scaling/s1v5_128_frequency_main_fixed
s1v5_128_frequency_main,trigram,1000,1506,4.26472806930542,1506,1,42,data/runs_scaling/s1v5_128_frequency_main_fixed
s1v5_128_frequency_main,trigram,1000,746,0.763154149055481,1492,2,42,data/runs_scaling/s1v5_128_frequency_main_fixed
s1v5_128_frequency_main,trigram,1000,781,5.992890775203705,1562,2,42,data/runs_scaling/s1v5_128_frequency_main_fixed
s1v5_128_frequency_main,trigram,1000,996,-1.411376953125,996,1,42,data/runs_scaling/s1v5_128_frequency_main_fixed
s1v5_128_frequency_main,trigram,1000,659,2.3518415689468384,1977,3,42,data/runs_scaling/s1v5_128_frequency_main_fixed
s1v5_128_frequency_main,trigram,1000,1891,4.185595870018005,1891,1,42,data/runs_scaling/s1v5_128_frequency_main_fixed
s1v5_128_frequency_main,trigram,1000,735,3.0841787308454514,1470,2,42,data/runs_scaling/s1v5_128_frequency_main_fixed
s1v5_128_frequency_main,trigram,1000,1295,-0.19208431243896484,1295,1,42,data/runs_scaling/s1v5_128_frequency_main_fixed
s1v5_128_frequency_main,trigram,1000,1126,-1.9591546058654785,1126,1,42,data/runs_scaling/s1v5_128_frequency_main_fixed
s1v5_128_frequency_main,trigram,1000,1512,-0.14272403717041016,1512,1,42,data/runs_scaling/s1v5_128_frequency_main_fixed
s1v5_128_frequency_main,trigram,1000,1194,0.25898265838623047,1194,1,42,data/runs_scaling/s1v5_128_frequency_main_fixed
s1v5_128_frequency_main,trigram,1000,1342,-3.5274295806884766,1342,1,42,data/runs_scaling/s1v5_128_frequency_main_fixed
s1v5_128_frequency_main,trigram,1000,1549,-2.5712673664093018,1549,1,42,data/runs_scaling/s1v5_128_frequency_main_fixed
s1v5_128_frequency_main,trigram,1000,944,-1.8566772937774658,1888,2,42,data/runs_scaling/s1v5_128_frequency_main_fixed
s1v5_128_frequency_main,trigram,1000,1895,2.5817126035690308,1895,1,42,data/runs_scaling/s1v5_128_frequency_main_fixed
s1v5_128_frequency_main,trigram,1000,4943,-3.2597877979278564,4943,1,42,data/runs_scaling/s1v5_128_frequency_main_fixed
s1v5_128_frequency_main,trigram,1000,1798,4.129817962646484,1798,1,42,data/runs_scaling/s1v5_128_frequency_main_fixed
s1v5_128_frequency_main,trigram,1000,10266,-6.350885510444641,10266,1,42,data/runs_scaling/s1v5_128_frequency_main_fixed
s1v5_128_frequency_main,trigram,1000,867,2.1991848945617676,867,1,42,data/runs_scaling/s1v5_128_frequency_main_fixed
s1v5_128_frequency_main,trigram,1000,1419,-0.013317108154296875,1419,1,42,data/runs_scaling/s1v5_128_frequency_main_fixed
s1v5_128_frequency_main,trigram,1000,2325,1.7940028756856918,2325,1,42,data/runs_scaling/s1v5_128_frequency_main_fixed
s1v5_128_frequency_main,trigram,1000,3111,-0.10062885284423828,3111,1,42,data/runs_scaling/s1v5_128_frequency_main_fixed
s1v5_128_frequency_main,trigram,1000,1181,-0.16655340790748596,1181,1,42,data/runs_scaling/s1v5_128_frequency_main_fixed
s1v5_128_frequency_main,trigram,1000,44227,0.2507905960083008,44227,1,42,data/runs_scaling/s1v5_128_frequency_main_fixed
s1v5_128_frequency_main,trigram,1000,1095,-2.331974983215332,1095,1,42,data/runs_scaling/s1v5_128_frequency_main_fixed
s1v5_128_frequency_main,trigram,1000,1808,-4.650912165641785,1808,1,42,data/runs_scaling/s1v5_128_frequency_main_fixed
s1v5_128_frequency_main,trigram,1000,1907,-4.067055940628052,1907,1,42,data/runs_scaling/s1v5_128_frequency_main_fixed
s1v5_128_frequency_main,trigram,1000,2119,1.7447807788848877,2119,1,42,data/runs_scaling/s1v5_128_frequency_main_fixed
s1v5_128_frequency_main,trigram,1000,5860,0.9031505584716797,5860,1,42,data/runs_scaling/s1v5_128_frequency_main_fixed
s1v5_128_frequency_main,trigram,1000,1205,-3.088548501332601,3615,3,42,data/runs_scaling/s1v5_128_frequency_main_fixed
s1v5_128_frequency_main,trigram,1000,1903,4.930756613612175,1903,1,42,data/runs_scaling/s1v5_128_frequency_main_fixed
s1v5_128_frequency_main,trigram,1000,2828,0.7873809337615967,2828,1,42,data/runs_scaling/s1v5_128_frequency_main_fixed
s1v5_128_frequency_main,trigram,1000,1999,0.8000357151031494,1999,1,42,data/runs_scaling/s1v5_128_frequency_main_fixed
s1v5_128_frequency_main,trigram,1000,2107,-1.5070322751998901,2107,1,42,data/runs_scaling/s1v5_128_frequency_main_fixed
s1v5_128_frequency_main,trigram,1000,1693,-8.531321942806244,1693,1,42,data/runs_scaling/s1v5_128_frequency_main_fixed
s1v5_128_frequency_main,trigram,1000,10732,5.902150750160217,10732,1,42,data/runs_scaling/s1v5_128_frequency_main_fixed
s1v5_128_frequency_main,trigram,1000,2004,1.959031581878662,2004,1,42,data/runs_scaling/s1v5_128_frequency_main_fixed
s1v5_128_frequency_main,trigram,1000,1978,-1.9763758778572083,1978,1,42,data/runs_scaling/s1v5_128_frequency_main_fixed
s1v5_128_frequency_main,trigram,1000,1548,-6.910391211509705,1548,1,42,data/runs_scaling/s1v5_128_frequency_main_fixed
s1v5_128_frequency_main,trigram,1000,2126,-1.6460986137390137,2126,1,42,data/runs_scaling/s1v5_128_frequency_main_fixed
s1v5_128_frequency_main,trigram,1000,559,0.49472334384918215,2795,5,42,data/runs_scaling/s1v5_128_frequency_main_fixed
s1v5_128_frequency_main,trigram,1000,2000,2.7103032171726227,2000,1,42,data/runs_scaling/s1v5_128_frequency_main_fixed
s1v5_128_frequency_main,trigram,1000,2057,7.601311922073364,2057,1,42,data/runs_scaling/s1v5_128_frequency_main_fixed
s1v5_128_frequency_main,trigram,1000,1663,-3.281893253326416,1663,1,42,data/runs_scaling/s1v5_128_frequency_main_fixed
s1v5_128_frequency_main,trigram,1000,2321,0.02442777156829834,2321,1,42,data/runs_scaling/s1v5_128_frequency_main_fixed
s1v5_128_frequency_main,trigram,1000,1902,-0.5172109827399254,1902,1,42,data/runs_scaling/s1v5_128_frequency_main_fixed
s1v5_128_frequency_main,trigram,1000,909,7.474682807922363,909,1,42,data/runs_scaling/s1v5_128_frequency_main_fixed
s1v5_128_frequency_main,trigram,1000,1007,-1.1988011971116066,4028,4,42,data/runs_scaling/s1v5_128_frequency_main_fixed
s1v5_128_frequency_main,trigram,1000,1981,1.9653825759887695,1981,1,42,data/runs_scaling/s1v5_128_frequency_main_fixed
s1v5_128_frequency_main,trigram,1000,3146,1.8716573640704155,3146,1,42,data/runs_scaling/s1v5_128_frequency_main_fixed
s1v5_128_frequency_main,trigram,1000,3465,4.059018135070801,3465,1,42,data/runs_scaling/s1v5_128_frequency_main_fixed
s1v5_128_frequency_main,trigram,1000,1551,-0.2491624355316162,3102,2,42,data/runs_scaling/s1v5_128_frequency_main_fixed
s1v5_128_frequency_main,trigram,1000,1730,-2.7844293117523193,1730,1,42,data/runs_scaling/s1v5_128_frequency_main_fixed
s1v5_128_frequency_main,trigram,1000,1042,-0.08484292030334473,1042,1,42,data/runs_scaling/s1v5_128_frequency_main_fixed
s1v5_128_frequency_main,trigram,1000,2802,-1.9338264465332031,2802,1,42,data/runs_scaling/s1v5_128_frequency_main_fixed
s1v5_128_frequency_main,trigram,1000,2944,0.37642866373062134,2944,1,42,data/runs_scaling/s1v5_128_frequency_main_fixed
s1v5_128_frequency_main,trigram,1000,789,-0.9059087801724672,1578,2,42,data/runs_scaling/s1v5_128_frequency_main_fixed
s1v5_128_frequency_main,trigram,1000,2692,6.946722030639648,2692,1,42,data/runs_scaling/s1v5_128_frequency_main_fixed
s1v5_128_frequency_main,trigram,1000,1443,0.9596127271652222,1443,1,42,data/runs_scaling/s1v5_128_frequency_main_fixed
s1v5_128_frequency_main,trigram,1000,1377,9.005420207977295,1377,1,42,data/runs_scaling/s1v5_128_frequency_main_fixed
s1v5_128_frequency_main,trigram,1000,2415,-0.028198406100273132,2415,1,42,data/runs_scaling/s1v5_128_frequency_main_fixed
s1v5_128_frequency_main,trigram,1000,1284,8.9276123046875,1284,1,42,data/runs_scaling/s1v5_128_frequency_main_fixed
s1v5_128_frequency_main,trigram,1000,919,-0.47879642248153687,1838,2,42,data/runs_scaling/s1v5_128_frequency_main_fixed
s1v5_128_frequency_main,trigram,1000,1110,1.4719939231872559,1110,1,42,data/runs_scaling/s1v5_128_frequency_main_fixed
s1v5_128_frequency_main,trigram,1000,1004,0.1855170726776123,1004,1,42,data/runs_scaling/s1v5_128_frequency_main_fixed
s1v5_128_frequency_main,trigram,1000,1440,0.5237060785293579,1440,1,42,data/runs_scaling/s1v5_128_frequency_main_fixed
s1v5_128_frequency_main,trigram,1000,2973,-0.36437129974365234,2973,1,42,data/runs_scaling/s1v5_128_frequency_main_fixed
s1v5_128_frequency_main,trigram,1000,979,4.697326958179474,979,1,42,data/runs_scaling/s1v5_128_frequency_main_fixed
s1v5_128_frequency_main,trigram,1000,1476,-0.16030418872833252,1476,1,42,data/runs_scaling/s1v5_128_frequency_main_fixed
s1v5_128_frequency_main,trigram,1000,1708,-0.741316169500351,3416,2,42,data/runs_scaling/s1v5_128_frequency_main_fixed
s1v5_128_frequency_main,trigram,1000,803,0.8833832144737244,803,1,42,data/runs_scaling/s1v5_128_frequency_main_fixed
s1v5_128_frequency_main,trigram,1000,1224,-3.7395179867744446,1224,1,42,data/runs_scaling/s1v5_128_frequency_main_fixed
s1v5_128_frequency_main,trigram,1000,5736,6.747130632400513,5736,1,42,data/runs_scaling/s1v5_128_frequency_main_fixed
s1v5_128_frequency_main,trigram,1000,737,0.9379532128572464,3685,5,42,data/runs_scaling/s1v5_128_frequency_main_fixed
s1v5_128_frequency_main,trigram,1000,1169,3.6312646865844727,1169,1,42,data/runs_scaling/s1v5_128_frequency_main_fixed
s1v5_128_frequency_main,trigram,1000,1403,7.983405590057373,1403,1,42,data/runs_scaling/s1v5_128_frequency_main_fixed
s1v5_128_frequency_main,trigram,1000,719,3.171370267868042,719,1,42,data/runs_scaling/s1v5_128_frequency_main_fixed
s1v5_128_frequency_main,trigram,1000,1599,-4.740267276763916,1599,1,42,data/runs_scaling/s1v5_128_frequency_main_fixed
s1v5_128_frequency_main,trigram,1000,3204,-1.4877567291259766,3204,1,42,data/runs_scaling/s1v5_128_frequency_main_fixed
s1v5_128_frequency_main,trigram,1000,20225,1.3558335304260254,20225,1,42,data/runs_scaling/s1v5_128_frequency_main_fixed
s1v5_128_frequency_main,trigram,1000,943,-2.05977725982666,943,1,42,data/runs_scaling/s1v5_128_frequency_main_fixed
s1v5_128_frequency_main,trigram,1000,3466,-8.493685722351074,3466,1,42,data/runs_scaling/s1v5_128_frequency_main_fixed
s1v5_128_frequency_main,trigram,1000,1390,0.7360296249389648,2780,2,42,data/runs_scaling/s1v5_128_frequency_main_fixed
s1v5_128_frequency_main,trigram,1000,3545,1.882164478302002,3545,1,42,data/runs_scaling/s1v5_128_frequency_main_fixed
s1v5_128_frequency_main,trigram,1000,1317,8.425650000572205,1317,1,42,data/runs_scaling/s1v5_128_frequency_main_fixed
s1v5_128_frequency_main,trigram,1000,975,-0.6327142715454102,2925,3,42,data/runs_scaling/s1v5_128_frequency_main_fixed
s1v5_128_frequency_main,trigram,1000,7183,1.3111286163330078,7183,1,42,data/runs_scaling/s1v5_128_frequency_main_fixed
s1v5_128_frequency_main,trigram,1000,1739,-1.1386723518371582,1739,1,42,data/runs_scaling/s1v5_128_frequency_main_fixed
s1v5_128_frequency_main,trigram,1000,3334,-3.9468493461608887,3334,1,42,data/runs_scaling/s1v5_128_frequency_main_fixed
s1v5_128_frequency_main,trigram,1000,1586,5.966224193572998,1586,1,42,data/runs_scaling/s1v5_128_frequency_main_fixed
s1v5_128_frequency_main,trigram,1000,2157,4.601540565490723,2157,1,42,data/runs_scaling/s1v5_128_frequency_main_fixed
s1v5_128_frequency_main,trigram,1000,1427,9.448671817779541,1427,1,42,data/runs_scaling/s1v5_128_frequency_main_fixed
s1v5_128_frequency_main,trigram,1000,9519,3.3091793060302734,9519,1,42,data/runs_scaling/s1v5_128_frequency_main_fixed
s1v5_128_frequency_main,trigram,1000,3230,0.3125791549682617,3230,1,42,data/runs_scaling/s1v5_128_frequency_main_fixed
s1v5_128_frequency_main,trigram,1000,1041,-0.2077159881591797,2082,2,42,data/runs_scaling/s1v5_128_frequency_main_fixed
s1v5_128_frequency_main,trigram,1000,829,0.49577999114990234,829,1,42,data/runs_scaling/s1v5_128_frequency_main_fixed
s1v5_128_frequency_main,trigram,1000,907,-0.727752685546875,907,1,42,data/runs_scaling/s1v5_128_frequency_main_fixed
s1v5_128_frequency_main,trigram,1000,708,0.9937585294246674,1416,2,42,data/runs_scaling/s1v5_128_frequency_main_fixed
s1v5_128_frequency_main,trigram,1000,4519,-2.546623468399048,4519,1,42,data/runs_scaling/s1v5_128_frequency_main_fixed
s1v5_128_frequency_main,trigram,1000,1574,2.788313388824463,1574,1,42,data/runs_scaling/s1v5_128_frequency_main_fixed
s1v5_128_frequency_main,trigram,1000,1441,-3.5097925662994385,1441,1,42,data/runs_scaling/s1v5_128_frequency_main_fixed
s1v5_128_frequency_main,trigram,1000,2287,1.7534046173095703,2287,1,42,data/runs_scaling/s1v5_128_frequency_main_fixed
s1v5_128_frequency_main,trigram,1000,1265,-2.155651569366455,2530,2,42,data/runs_scaling/s1v5_128_frequency_main_fixed
s1v5_128_frequency_main,trigram,1000,1466,-1.0296512339264154,1466,1,42,data/runs_scaling/s1v5_128_frequency_main_fixed
s1v5_128_frequency_main,trigram,1000,1090,0.16621243953704834,1090,1,42,data/runs_scaling/s1v5_128_frequency_main_fixed
s1v5_128_frequency_main,trigram,1000,626,-1.872312593087554,3130,5,42,data/runs_scaling/s1v5_128_frequency_main_fixed
s1v5_128_frequency_main,trigram,1000,836,-0.29534149169921875,1672,2,42,data/runs_scaling/s1v5_128_frequency_main_fixed
s1v5_128_frequency_main,trigram,1000,870,-0.812466670293361,3480,4,42,data/runs_scaling/s1v5_128_frequency_main_fixed
s1v5_128_frequency_main,trigram,1000,865,-4.417356252670288,865,1,42,data/runs_scaling/s1v5_128_frequency_main_fixed
s1v5_128_frequency_main,trigram,1000,1954,2.33284854888916,1954,1,42,data/runs_scaling/s1v5_128_frequency_main_fixed
s1v5_128_frequency_main,trigram,1000,1067,5.6375181674957275,1067,1,42,data/runs_scaling/s1v5_128_frequency_main_fixed
s1v5_128_frequency_main,trigram,1000,4459,2.22786808013916,4459,1,42,data/runs_scaling/s1v5_128_frequency_main_fixed
s1v5_128_frequency_main,trigram,1000,1196,1.7696027755737305,1196,1,42,data/runs_scaling/s1v5_128_frequency_main_fixed
s1v5_128_frequency_main,trigram,1000,3026,0.22917461395263672,3026,1,42,data/runs_scaling/s1v5_128_frequency_main_fixed
s1v5_128_frequency_main,trigram,1000,1186,-5.000330448150635,2372,2,42,data/runs_scaling/s1v5_128_frequency_main_fixed
s1v5_128_frequency_main,trigram,1000,8579,-0.44341158866882324,8579,1,42,data/runs_scaling/s1v5_128_frequency_main_fixed
s1v5_128_frequency_main,trigram,1000,2290,4.6814963817596436,2290,1,42,data/runs_scaling/s1v5_128_frequency_main_fixed
s1v5_128_frequency_main,trigram,1000,1973,-3.763661742210388,1973,1,42,data/runs_scaling/s1v5_128_frequency_main_fixed
s1v5_128_frequency_main,trigram,1000,2233,-1.1038339138031006,2233,1,42,data/runs_scaling/s1v5_128_frequency_main_fixed
s1v5_128_frequency_main,trigram,1000,3757,-0.0018429756164550781,3757,1,42,data/runs_scaling/s1v5_128_frequency_main_fixed
s1v5_128_frequency_main,trigram,1000,1339,-4.3902177810668945,1339,1,42,data/runs_scaling/s1v5_128_frequency_main_fixed
s1v5_128_frequency_main,trigram,1000,2232,-5.187601804733276,2232,1,42,data/runs_scaling/s1v5_128_frequency_main_fixed
s1v5_128_frequency_main,trigram,1000,1045,3.577869176864624,1045,1,42,data/runs_scaling/s1v5_128_frequency_main_fixed
s1v5_128_frequency_main,trigram,1000,1477,1.0360126495361328,1477,1,42,data/runs_scaling/s1v5_128_frequency_main_fixed
s1v5_128_frequency_main,trigram,1000,1956,0.059406399726867676,1956,1,42,data/runs_scaling/s1v5_128_frequency_main_fixed
s1v5_128_frequency_main,trigram,1000,911,-1.682403326034546,911,1,42,data/runs_scaling/s1v5_128_frequency_main_fixed
s1v5_128_frequency_main,trigram,1000,807,-0.5623407363891602,807,1,42,data/runs_scaling/s1v5_128_frequency_main_fixed
s1v5_128_frequency_main,trigram,1000,1504,-2.5772910118103027,1504,1,42,data/runs_scaling/s1v5_128_frequency_main_fixed
s1v5_128_frequency_main,trigram,1000,1711,-0.5635890960693359,1711,1,42,data/runs_scaling/s1v5_128_frequency_main_fixed
s1v5_128_frequency_main,trigram,1000,864,6.981969118118286,864,1,42,data/runs_scaling/s1v5_128_frequency_main_fixed
s1v5_128_frequency_main,trigram,1000,688,2.118054151535034,688,1,42,data/runs_scaling/s1v5_128_frequency_main_fixed
s1v5_128_frequency_main,trigram,1000,1022,-3.364105701446533,1022,1,42,data/runs_scaling/s1v5_128_frequency_main_fixed
s1v5_128_frequency_main,trigram,1000,814,-5.717718601226807,814,1,42,data/runs_scaling/s1v5_128_frequency_main_fixed
s1v5_128_frequency_main,trigram,1000,1142,-2.3225265741348267,2284,2,42,data/runs_scaling/s1v5_128_frequency_main_fixed
s1v5_128_frequency_main,trigram,1000,1563,2.36381459236145,1563,1,42,data/runs_scaling/s1v5_128_frequency_main_fixed
s1v5_128_frequency_main,trigram,1000,1951,3.232888698577881,1951,1,42,data/runs_scaling/s1v5_128_frequency_main_fixed
s1v5_128_frequency_main,trigram,1000,4320,3.4494667053222656,4320,1,42,data/runs_scaling/s1v5_128_frequency_main_fixed
s1v5_128_frequency_main,trigram,1000,703,-0.9845623970031738,703,1,42,data/runs_scaling/s1v5_128_frequency_main_fixed
s1v5_128_frequency_main,trigram,1000,1359,-1.1696619987487793,1359,1,42,data/runs_scaling/s1v5_128_frequency_main_fixed
s1v5_128_frequency_main,trigram,1000,2147,5.6786704659461975,2147,1,42,data/runs_scaling/s1v5_128_frequency_main_fixed
s1v5_128_frequency_main,trigram,1000,2120,2.383263098599855,4240,2,42,data/runs_scaling/s1v5_128_frequency_main_fixed
s1v5_128_frequency_main,trigram,1000,3380,-1.0837984085083008,3380,1,42,data/runs_scaling/s1v5_128_frequency_main_fixed
s1v5_128_frequency_main,trigram,1000,613,4.045832991600037,613,1,42,data/runs_scaling/s1v5_128_frequency_main_fixed
s1v5_128_frequency_main,trigram,1000,1075,-0.8088788986206055,2150,2,42,data/runs_scaling/s1v5_128_frequency_main_fixed
s1v5_128_frequency_main,trigram,1000,2128,6.6509921085089445,2128,1,42,data/runs_scaling/s1v5_128_frequency_main_fixed
s1v5_128_frequency_main,trigram,1000,2412,0.9856791496276855,2412,1,42,data/runs_scaling/s1v5_128_frequency_main_fixed
s1v5_128_frequency_main,trigram,1000,1011,4.162396430969238,1011,1,42,data/runs_scaling/s1v5_128_frequency_main_fixed
s1v5_128_frequency_main,trigram,1000,3350,-0.7022209167480469,3350,1,42,data/runs_scaling/s1v5_128_frequency_main_fixed
s1v5_128_frequency_main,trigram,1000,1485,2.8234682083129883,2970,2,42,data/runs_scaling/s1v5_128_frequency_main_fixed
s1v5_128_frequency_main,trigram,1000,1852,-2.0704057216644287,1852,1,42,data/runs_scaling/s1v5_128_frequency_main_fixed
s1v5_128_frequency_main,trigram,1000,705,5.339789390563965,705,1,42,data/runs_scaling/s1v5_128_frequency_main_fixed
s1v5_128_frequency_main,trigram,1000,716,0.012509215623140335,716,1,42,data/runs_scaling/s1v5_128_frequency_main_fixed
s1v5_128_frequency_main,trigram,1000,25135,0.2262607142329216,25135,1,42,data/runs_scaling/s1v5_128_frequency_main_fixed
s1v5_128_frequency_main,trigram,1000,1281,-3.61738920211792,2562,2,42,data/runs_scaling/s1v5_128_frequency_main_fixed
s1v5_128_frequency_main,trigram,1000,1200,2.1150593757629395,1200,1,42,data/runs_scaling/s1v5_128_frequency_main_fixed
s1v5_128_frequency_main,trigram,1000,1826,6.313614368438721,1826,1,42,data/runs_scaling/s1v5_128_frequency_main_fixed
s1v5_128_frequency_main,trigram,1000,4211,-3.5495920181274414,4211,1,42,data/runs_scaling/s1v5_128_frequency_main_fixed
s1v5_128_frequency_main,trigram,1000,875,3.6518025398254395,1750,2,42,data/runs_scaling/s1v5_128_frequency_main_fixed
s1v5_128_frequency_main,trigram,1000,5709,5.233755007386208,5709,1,42,data/runs_scaling/s1v5_128_frequency_main_fixed
s1v5_128_frequency_main,trigram,1000,1678,7.101566553115845,1678,1,42,data/runs_scaling/s1v5_128_frequency_main_fixed
s1v5_128_frequency_main,trigram,1000,2769,2.1433777809143066,2769,1,42,data/runs_scaling/s1v5_128_frequency_main_fixed
s1v5_128_frequency_main,trigram,1000,3197,-0.6764283180236816,3197,1,42,data/runs_scaling/s1v5_128_frequency_main_fixed
s1v5_128_frequency_main,trigram,1000,1665,-5.39200758934021,1665,1,42,data/runs_scaling/s1v5_128_frequency_main_fixed
s1v5_128_frequency_main,trigram,1000,4399,-3.3580965995788574,4399,1,42,data/runs_scaling/s1v5_128_frequency_main_fixed
s1v5_128_frequency_main,trigram,1000,904,-3.530196189880371,904,1,42,data/runs_scaling/s1v5_128_frequency_main_fixed
s1v5_128_frequency_main,trigram,1000,1051,3.768312454223633,1051,1,42,data/runs_scaling/s1v5_128_frequency_main_fixed
s1v5_128_frequency_main,trigram,1000,1025,-1.5422985553741455,1025,1,42,data/runs_scaling/s1v5_128_frequency_main_fixed
s1v5_128_frequency_main,trigram,1000,1642,0.07940894365310669,1642,1,42,data/runs_scaling/s1v5_128_frequency_main_fixed
s1v5_128_frequency_main,trigram,1000,861,-0.12133826036006212,861,1,42,data/runs_scaling/s1v5_128_frequency_main_fixed
s1v5_128_frequency_main,trigram,1000,948,-0.7809319496154785,948,1,42,data/runs_scaling/s1v5_128_frequency_main_fixed
s1v5_128_frequency_main,trigram,1000,2909,0.9183964729309082,2909,1,42,data/runs_scaling/s1v5_128_frequency_main_fixed
s1v5_128_frequency_main,trigram,1000,2768,-4.36094057559967,2768,1,42,data/runs_scaling/s1v5_128_frequency_main_fixed
s1v5_128_frequency_main,trigram,1000,1728,-4.37032675743103,1728,1,42,data/runs_scaling/s1v5_128_frequency_main_fixed
s1v5_128_frequency_main,trigram,1000,1282,-4.2374796867370605,1282,1,42,data/runs_scaling/s1v5_128_frequency_main_fixed
s1v5_128_frequency_main,trigram,1000,3673,8.091123580932617,3673,1,42,data/runs_scaling/s1v5_128_frequency_main_fixed
s1v5_128_frequency_main,trigram,1000,2409,-1.2639269828796387,2409,1,42,data/runs_scaling/s1v5_128_frequency_main_fixed
s1v5_128_frequency_main,trigram,1000,1134,1.0142478942871094,1134,1,42,data/runs_scaling/s1v5_128_frequency_main_fixed
s1v5_128_frequency_main,trigram,1000,1511,0.27507536858320236,1511,1,42,data/runs_scaling/s1v5_128_frequency_main_fixed
s1v5_128_frequency_main,trigram,1000,1185,-6.460849046707153,1185,1,42,data/runs_scaling/s1v5_128_frequency_main_fixed
s1v5_128_frequency_main,trigram,1000,1805,-0.4367121458053589,3610,2,42,data/runs_scaling/s1v5_128_frequency_main_fixed
s1v5_128_frequency_main,trigram,1000,940,1.2903193831443787,1880,2,42,data/runs_scaling/s1v5_128_frequency_main_fixed
s1v5_128_frequency_main,trigram,1000,1070,-4.149813950061798,1070,1,42,data/runs_scaling/s1v5_128_frequency_main_fixed
s1v5_128_frequency_main,trigram,1000,1158,-0.8822174072265625,1158,1,42,data/runs_scaling/s1v5_128_frequency_main_fixed
s1v5_128_frequency_main,trigram,1000,1388,0.7316403388977051,1388,1,42,data/runs_scaling/s1v5_128_frequency_main_fixed
s1v5_128_frequency_main,trigram,1000,757,0.00011836055637104437,757,1,42,data/runs_scaling/s1v5_128_frequency_main_fixed
s1v5_128_frequency_main,trigram,1000,1481,-5.118620872497559,1481,1,42,data/runs_scaling/s1v5_128_frequency_main_fixed
s1v5_128_frequency_main,trigram,1000,2052,-1.8117929697036743,2052,1,42,data/runs_scaling/s1v5_128_frequency_main_fixed
s1v5_128_frequency_main,trigram,1000,2443,1.9359750747680664,2443,1,42,data/runs_scaling/s1v5_128_frequency_main_fixed
s1v5_128_frequency_main,trigram,1000,2942,-0.0006041388915036805,2942,1,42,data/runs_scaling/s1v5_128_frequency_main_fixed
s1v5_128_frequency_main,trigram,1000,739,0.5096940994262695,2217,3,42,data/runs_scaling/s1v5_128_frequency_main_fixed
s1v5_128_frequency_main,trigram,1000,1832,-1.8151658773422241,3664,2,42,data/runs_scaling/s1v5_128_frequency_main_fixed
s1v5_128_frequency_main,trigram,1000,1900,-1.158862590789795,1900,1,42,data/runs_scaling/s1v5_128_frequency_main_fixed
s1v5_128_frequency_main,trigram,1000,818,0.20595097541809082,818,1,42,data/runs_scaling/s1v5_128_frequency_main_fixed
s1v5_128_frequency_main,trigram,1000,860,2.990132451057434,1720,2,42,data/runs_scaling/s1v5_128_frequency_main_fixed
s1v5_128_frequency_main,trigram,1000,669,-0.30777231177004677,2007,3,42,data/runs_scaling/s1v5_128_frequency_main_fixed
s1v5_128_frequency_main,trigram,1000,2430,-7.778647541999817,2430,1,42,data/runs_scaling/s1v5_128_frequency_main_fixed
s1v5_128_frequency_main,trigram,1000,972,2.05015105009079,972,1,42,data/runs_scaling/s1v5_128_frequency_main_fixed
s1v5_128_frequency_main,trigram,1000,720,-0.6039416790008545,720,1,42,data/runs_scaling/s1v5_128_frequency_main_fixed
s1v5_128_frequency_main,trigram,1000,893,-2.80929696559906,893,1,42,data/runs_scaling/s1v5_128_frequency_main_fixed
s1v5_128_frequency_main,trigram,1000,898,2.849466323852539,898,1,42,data/runs_scaling/s1v5_128_frequency_main_fixed
s1v5_128_frequency_main,trigram,1000,3590,1.5017986297607422,3590,1,42,data/runs_scaling/s1v5_128_frequency_main_fixed
s1v5_128_frequency_main,trigram,1000,1099,1.6460623741149902,1099,1,42,data/runs_scaling/s1v5_128_frequency_main_fixed
s1v5_128_frequency_main,trigram,1000,1401,6.841975212097168,1401,1,42,data/runs_scaling/s1v5_128_frequency_main_fixed
s1v5_128_frequency_main,trigram,1000,1032,-4.664144515991211,1032,1,42,data/runs_scaling/s1v5_128_frequency_main_fixed
s1v5_128_frequency_main,trigram,1000,839,7.3110047578811646,839,1,42,data/runs_scaling/s1v5_128_frequency_main_fixed
s1v5_128_frequency_main,trigram,1000,1848,0.44963932037353516,1848,1,42,data/runs_scaling/s1v5_128_frequency_main_fixed
s1v5_128_frequency_main,trigram,1000,1700,0.8005506992340088,3400,2,42,data/runs_scaling/s1v5_128_frequency_main_fixed
s1v5_128_frequency_main,trigram,1000,3793,5.771976470947266,3793,1,42,data/runs_scaling/s1v5_128_frequency_main_fixed
s1v5_128_frequency_main,trigram,1000,896,-8.739564754068851,896,1,42,data/runs_scaling/s1v5_128_frequency_main_fixed
s1v5_128_frequency_main,trigram,1000,2099,3.127014398574829,2099,1,42,data/runs_scaling/s1v5_128_frequency_main_fixed
s1v5_128_frequency_main,trigram,1000,5111,2.673799514770508,5111,1,42,data/runs_scaling/s1v5_128_frequency_main_fixed
s1v5_128_frequency_main,trigram,1000,1526,0.2915349006652832,1526,1,42,data/runs_scaling/s1v5_128_frequency_main_fixed
s1v5_128_frequency_main,trigram,1000,684,0.27756237983703613,684,1,42,data/runs_scaling/s1v5_128_frequency_main_fixed
s1v5_128_frequency_main,trigram,1000,1357,0.29065895080566406,1357,1,42,data/runs_scaling/s1v5_128_frequency_main_fixed
s1v5_128_frequency_main,trigram,1000,2248,-0.5759024620056152,2248,1,42,data/runs_scaling/s1v5_128_frequency_main_fixed
s1v5_128_frequency_main,trigram,1000,1521,-2.899268627166748,1521,1,42,data/runs_scaling/s1v5_128_frequency_main_fixed
s1v5_128_frequency_main,trigram,1000,840,-2.9526166915893555,840,1,42,data/runs_scaling/s1v5_128_frequency_main_fixed
s1v5_128_frequency_main,trigram,1000,1372,-1.0343246459960938,1372,1,42,data/runs_scaling/s1v5_128_frequency_main_fixed
s1v5_128_frequency_main,trigram,1000,5488,-1.1757445335388184,5488,1,42,data/runs_scaling/s1v5_128_frequency_main_fixed
s1v5_128_frequency_main,trigram,1000,780,-0.050827980041503906,780,1,42,data/runs_scaling/s1v5_128_frequency_main_fixed
s1v5_128_frequency_main,trigram,1000,930,-2.702974796295166,930,1,42,data/runs_scaling/s1v5_128_frequency_main_fixed
s1v5_128_frequency_main,trigram,1000,1625,-1.0027098655700684,1625,1,42,data/runs_scaling/s1v5_128_frequency_main_fixed
s1v5_128_frequency_main,trigram,1000,857,0.1967853307723999,857,1,42,data/runs_scaling/s1v5_128_frequency_main_fixed
s1v5_128_frequency_main,trigram,1000,1911,0.7709627151489258,1911,1,42,data/runs_scaling/s1v5_128_frequency_main_fixed
s1v5_128_frequency_main,trigram,1000,9848,-2.087194085121155,9848,1,42,data/runs_scaling/s1v5_128_frequency_main_fixed
s1v5_128_frequency_main,trigram,1000,1670,4.858184218406677,1670,1,42,data/runs_scaling/s1v5_128_frequency_main_fixed
s1v5_128_frequency_main,trigram,1000,1081,4.124411106109619,1081,1,42,data/runs_scaling/s1v5_128_frequency_main_fixed
s1v5_128_frequency_main,trigram,1000,1495,0.9530501365661621,1495,1,42,data/runs_scaling/s1v5_128_frequency_main_fixed
s1v5_128_frequency_main,trigram,1000,476,-3.9489405155181885,476,1,42,data/runs_scaling/s1v5_128_frequency_main_fixed
s1v5_128_frequency_main,trigram,1000,850,2.062747396528721,1700,2,42,data/runs_scaling/s1v5_128_frequency_main_fixed
s1v5_128_frequency_main,trigram,1000,1457,-0.008234739303588867,1457,1,42,data/runs_scaling/s1v5_128_frequency_main_fixed
s1v5_128_frequency_main,trigram,1000,1268,0.013267099857330322,1268,1,42,data/runs_scaling/s1v5_128_frequency_main_fixed
s1v5_128_frequency_main,trigram,1000,1233,-1.4842987060546875,1233,1,42,data/runs_scaling/s1v5_128_frequency_main_fixed
s1v5_128_frequency_main,trigram,1000,1112,2.8978082835674286,2224,2,42,data/runs_scaling/s1v5_128_frequency_main_fixed
s1v5_128_frequency_main,trigram,1000,863,-1.2298226356506348,863,1,42,data/runs_scaling/s1v5_128_frequency_main_fixed
s1v5_128_frequency_main,trigram,1000,1307,-0.34034264087677,1307,1,42,data/runs_scaling/s1v5_128_frequency_main_fixed
s1v5_128_frequency_main,trigram,1000,4858,0.3015899658203125,4858,1,42,data/runs_scaling/s1v5_128_frequency_main_fixed
s1v5_128_frequency_main,trigram,1000,1127,-0.10683250427246094,1127,1,42,data/runs_scaling/s1v5_128_frequency_main_fixed
s1v5_128_frequency_main,trigram,1000,834,-2.070887565612793,834,1,42,data/runs_scaling/s1v5_128_frequency_main_fixed
s1v5_128_frequency_main,trigram,1000,2407,-4.409186363220215,2407,1,42,data/runs_scaling/s1v5_128_frequency_main_fixed
s1v5_128_frequency_main,trigram,1000,1165,2.1685824394226074,1165,1,42,data/runs_scaling/s1v5_128_frequency_main_fixed
s1v5_128_frequency_main,trigram,1000,1799,-5.641944885253906,1799,1,42,data/runs_scaling/s1v5_128_frequency_main_fixed
s1v5_128_frequency_main,trigram,1000,992,-0.08458781242370605,992,1,42,data/runs_scaling/s1v5_128_frequency_main_fixed
s1v5_128_frequency_main,trigram,1000,988,-0.2680535316467285,988,1,42,data/runs_scaling/s1v5_128_frequency_main_fixed
s1v5_128_frequency_main,trigram,1000,1152,4.489552736282349,1152,1,42,data/runs_scaling/s1v5_128_frequency_main_fixed
s1v5_128_frequency_main,trigram,1000,1697,2.8959527015686035,1697,1,42,data/runs_scaling/s1v5_128_frequency_main_fixed
s1v5_128_frequency_main,trigram,1000,1088,-1.8756108283996582,1088,1,42,data/runs_scaling/s1v5_128_frequency_main_fixed
s1v5_128_frequency_main,trigram,1000,1182,4.422657862305641,1182,1,42,data/runs_scaling/s1v5_128_frequency_main_fixed
s1v5_128_frequency_main,trigram,1000,1544,0.02695612609386444,1544,1,42,data/runs_scaling/s1v5_128_frequency_main_fixed
s1v5_128_frequency_main,trigram,1000,1735,-1.3969550132751465,1735,1,42,data/runs_scaling/s1v5_128_frequency_main_fixed
s1v5_128_frequency_main,trigram,1000,2288,4.985531806945801,2288,1,42,data/runs_scaling/s1v5_128_frequency_main_fixed
s1v5_128_frequency_main,trigram,1000,921,-0.7559666633605957,921,1,42,data/runs_scaling/s1v5_128_frequency_main_fixed
s1v5_128_frequency_main,trigram,1000,4335,4.031721115112305,4335,1,42,data/runs_scaling/s1v5_128_frequency_main_fixed
s1v5_128_frequency_main,trigram,1000,4891,0.3237314224243164,4891,1,42,data/runs_scaling/s1v5_128_frequency_main_fixed
