lr,step,pass,epoch,dose,input_gap,nogram_gap,net_gap,train_benefit,val_penalty
6e-05,50,0.14836795252225518,1,0.001306818181818182,-0.032793641090393066,-0.0097731351852417,-0.023020505905151367,0.8010268211364746,-0.824047327041626
6e-05,100,0.29673590504451036,1,0.0037500000000000003,-0.009703636169433594,0.01451265811920166,-0.024216294288635254,0.7829923629760742,-0.8072086572647095
6e-05,150,0.44510385756676557,1,0.00675,0.01851797103881836,-0.0014066696166992188,0.019924640655517578,0.7231450080871582,-0.7032203674316406
6e-05,200,0.5934718100890207,1,0.00975,-0.0283125638961792,-0.010366439819335938,-0.01794612407684326,0.6284232139587402,-0.6463693380355835
6e-05,250,0.7418397626112759,1,0.012750000000000001,-0.006219625473022461,-0.015503525733947754,0.009283900260925293,0.5998754501342773,-0.590591549873352
6e-05,300,0.8902077151335311,1,0.01575,-0.038376569747924805,-0.02370285987854004,-0.014673709869384766,0.5408563613891602,-0.5555300712585449
6e-05,350,1.0385756676557865,2,0.01875,0.16658997535705566,-0.03064429759979248,0.19723427295684814,0.7188887596130371,-0.521654486656189
6e-05,400,1.1869436201780414,2,0.021750000000000002,0.5982444286346436,-0.009427189826965332,0.6076716184616089,1.034801959991455,-0.4271303415298462
6e-05,450,1.3353115727002967,2,0.02475,0.7840499877929688,-0.011608362197875977,0.7956583499908447,1.1628637313842773,-0.3672053813934326
6e-05,500,1.4836795252225519,2,0.02775,0.8323508501052856,-0.0046498775482177734,0.8370007276535034,1.1686186790466309,-0.33161795139312744
6e-05,550,1.632047477744807,2,0.03075,0.8178157806396484,0.006467700004577637,0.8113480806350708,1.123666763305664,-0.31231868267059326
6e-05,600,1.7804154302670623,2,0.03375,0.8105272054672241,-0.020417094230651855,0.830944299697876,1.121931552886963,-0.2909872531890869
6e-05,650,1.9287833827893175,2,0.03675,0.7910473346710205,-0.013666510581970215,0.8047138452529907,1.0716404914855957,-0.266926646232605
6e-05,700,2.077151335311573,3,0.03975,1.090747356414795,-0.041161417961120605,1.1319087743759155,1.3342413902282715,-0.20233261585235596
6e-05,750,2.2255192878338277,3,0.04275,1.2960129976272583,-0.015537738800048828,1.3115507364273071,1.4383623600006104,-0.12681162357330322
6e-05,800,2.373887240356083,3,0.04575,1.44334077835083,0.026510000228881836,1.4168307781219482,1.4858388900756836,-0.06900811195373535
6e-05,850,2.522255192878338,3,0.04875,1.4401222467422485,-0.001305699348449707,1.4414279460906982,1.466137170791626,-0.024709224700927734
6e-05,900,2.6706231454005933,3,0.051750000000000004,1.4674807786941528,-0.022107601165771484,1.4895883798599243,1.471113681793213,0.018474698066711426
6e-05,950,2.8189910979228485,3,0.05475,1.5355161428451538,-0.0077054500579833984,1.5432215929031372,1.4889252185821533,0.05429637432098389
6e-05,1000,2.9673590504451037,3,0.05775,1.5497382879257202,0.030517935752868652,1.5192203521728516,1.4298858642578125,0.08933448791503906
6e-05,1050,3.115727002967359,4,0.06075,1.8114529848098755,0.0029447078704833984,1.808508276939392,1.6279494762420654,0.18055880069732666
6e-05,1100,3.264094955489614,4,0.06375,1.9405906200408936,0.007982254028320312,1.9326083660125732,1.6883022785186768,0.24430608749389648
6e-05,1150,3.4124629080118694,4,0.06675,2.053926706314087,0.031749725341796875,2.02217698097229,1.7177550792694092,0.30442190170288086
6e-05,1200,3.5608308605341246,4,0.06975,2.026377320289612,0.025202631950378418,2.0011746883392334,1.6583712100982666,0.3428034782409668
6e-05,1250,3.7091988130563798,4,0.07275,2.079111337661743,-0.01708841323852539,2.0961997509002686,1.7041354179382324,0.39206433296203613
6e-05,1300,3.857566765578635,4,0.07575,2.1113592386245728,-0.015689849853515625,2.1270490884780884,1.688032865524292,0.4390162229537964
6e-05,1350,4.005934718100891,5,0.07875,2.175525188446045,-0.009235382080078125,2.184760570526123,1.7060866355895996,0.47867393493652344
6e-05,1400,4.154302670623146,5,0.08175,2.3649020195007324,0.002925276756286621,2.361976742744446,1.7853960990905762,0.5765806436538696
6e-05,1450,4.3026706231454,5,0.08475,2.46651554107666,0.011315464973449707,2.4552000761032104,1.8128271102905273,0.6423729658126831
6e-05,1500,4.451038575667655,5,0.08775000000000001,2.4920092821121216,-0.014580130577087402,2.506589412689209,1.8248589038848877,0.6817305088043213
6e-05,1550,4.599406528189911,5,0.09075,2.532310962677002,0.02787601947784424,2.5044349431991577,1.8026046752929688,0.701830267906189
6e-05,1600,4.747774480712166,5,0.09375,2.577361822128296,0.0246351957321167,2.552726626396179,1.7594966888427734,0.7932299375534058
6e-05,1650,4.896142433234421,5,0.09675,2.6604602336883545,0.006236076354980469,2.654224157333374,1.8064579963684082,0.8477661609649658
6e-05,1700,5.044510385756676,6,0.09975,2.7111798524856567,0.0009568929672241211,2.7102229595184326,1.814826488494873,0.8953964710235596
6e-05,1750,5.192878338278931,6,0.10275000000000001,2.7899680137634277,-0.007566332817077637,2.7975343465805054,1.8336741924285889,0.9638601541519165
6e-05,1800,5.341246290801187,6,0.10575,2.8352450132369995,0.010297179222106934,2.8249478340148926,1.8005447387695312,1.0244030952453613
6e-05,1850,5.489614243323442,6,0.10875,2.8903677463531494,0.03783917427062988,2.8525285720825195,1.7918555736541748,1.0606729984283447
6e-05,1900,5.637982195845697,6,0.11175,2.935438871383667,-0.0004862546920776367,2.9359251260757446,1.8033168315887451,1.1326082944869995
6e-05,1950,5.786350148367952,6,0.11475,3.0084885358810425,-0.016124248504638672,3.024612784385681,1.82590913772583,1.198703646659851
6e-05,2000,5.9347181008902075,6,0.11775000000000001,3.047365427017212,0.05670797824859619,2.9906574487686157,1.7319145202636719,1.2587429285049438
6e-05,2050,6.083086053412463,7,0.12075,3.0908783674240112,0.009659647941589355,3.081218719482422,1.7549147605895996,1.3263039588928223
6e-05,2100,6.231454005934718,7,0.12375,3.1948163509368896,0.05517172813415527,3.1396446228027344,1.7424392700195312,1.3972053527832031
6e-05,2150,6.379821958456973,7,0.12675,3.2141504287719727,0.019206643104553223,3.1949437856674194,1.7308673858642578,1.4640763998031616
6e-05,2200,6.528189910979228,7,0.12975,3.2403252124786377,-0.008927345275878906,3.2492525577545166,1.7440226078033447,1.5052299499511719
6e-05,2250,6.6765578635014835,7,0.13275,3.306723117828369,0.04187309741973877,3.2648500204086304,1.7043750286102295,1.5604749917984009
6e-05,2300,6.824925816023739,7,0.13575,3.399369716644287,-0.004446268081665039,3.403815984725952,1.7809433937072754,1.6228725910186768
6e-05,2350,6.973293768545994,7,0.13875,3.436121106147766,0.01978844404220581,3.4163326621055603,1.73842191696167,1.6779107451438904
6e-05,2400,7.121661721068249,8,0.14175000000000001,3.4920836687088013,0.026349246501922607,3.4657344222068787,1.7389934062957764,1.7267410159111023
6e-05,2450,7.270029673590504,8,0.14475000000000002,3.5139836072921753,-0.011544525623321533,3.525528132915497,1.7416069507598877,1.7839211821556091
6e-05,2500,7.4183976261127595,8,0.14775,3.5771141052246094,0.06466680765151978,3.5124472975730896,1.6707823276519775,1.841664969921112
6e-05,2550,7.566765578635015,8,0.15075,3.6312484741210938,0.0052620768547058105,3.625986397266388,1.7322056293487549,1.893780767917633
6e-05,2600,7.71513353115727,8,0.15375,3.699486017227173,0.03609520196914673,3.663390815258026,1.7412660121917725,1.9221248030662537
6e-05,2650,7.863501483679525,8,0.15675,3.714203357696533,-0.022196948528289795,3.736400306224823,1.7672557830810547,1.9691445231437683
6e-05,2700,8.011869436201781,9,0.15975,3.795108199119568,0.052935242652893066,3.742172956466675,1.7092599868774414,2.0329129695892334
6e-05,2750,8.160237388724036,9,0.16275,3.815232753753662,0.0011830329895019531,3.81404972076416,1.7482471466064453,2.065802574157715
6e-05,2800,8.308605341246292,9,0.16575,3.8667221069335938,-0.023760199546813965,3.8904823064804077,1.7890212535858154,2.1014610528945923
6e-05,2850,8.456973293768545,9,0.16875,3.9417989253997803,0.05294591188430786,3.8888530135154724,1.7320921421051025,2.15676087141037
6e-05,2900,8.6053412462908,9,0.17175,3.970335364341736,-0.0009753704071044922,3.9713107347488403,1.793786883354187,2.1775238513946533
6e-05,2950,8.753709198813056,9,0.17475000000000002,3.9692025184631348,0.026097774505615234,3.9431047439575195,1.738856315612793,2.2042484283447266
6e-05,3000,8.90207715133531,9,0.17775,4.064900517463684,0.039668500423431396,4.025232017040253,1.7493218183517456,2.275910198688507
0.0001,50,0.14836795252225518,1,0.002178030303030303,-0.03620731830596924,-0.019733190536499023,-0.016474127769470215,0.7575106620788574,-0.7739847898483276
0.0001,100,0.29673590504451036,1,0.00625,-0.001110076904296875,0.015620946884155273,-0.01673102378845215,0.6794042587280273,-0.6961352825164795
0.0001,150,0.44510385756676557,1,0.011250000000000001,0.018866777420043945,0.0027310848236083984,0.016135692596435547,0.6029634475708008,-0.5868277549743652
0.0001,200,0.5934718100890207,1,0.01625,-0.034560441970825195,-0.010666847229003906,-0.02389359474182129,0.5029525756835938,-0.526846170425415
0.0001,250,0.7418397626112759,1,0.02125,-0.0068215131759643555,-0.0072896480560302734,0.00046813488006591797,0.48860692977905273,-0.4881387948989868
0.0001,300,0.8902077151335311,1,0.026250000000000002,-0.03840923309326172,-0.02426314353942871,-0.014146089553833008,0.4476284980773926,-0.4617745876312256
0.0001,350,1.0385756676557865,2,0.03125,0.17733776569366455,-0.02531898021697998,0.20265674591064453,0.6419329643249512,-0.43927621841430664
0.0001,400,1.1869436201780414,2,0.036250000000000004,0.6222606897354126,-0.016416430473327637,0.6386771202087402,0.9886279106140137,-0.34995079040527344
0.0001,450,1.3353115727002967,2,0.04125,0.8607727289199829,-0.01331794261932373,0.8740906715393066,1.1494159698486328,-0.27532529830932617
0.0001,500,1.4836795252225519,2,0.04625,0.8958195447921753,-0.005040526390075684,0.900860071182251,1.143385887145996,-0.24252581596374512
0.0001,550,1.632047477744807,2,0.051250000000000004,0.8817397356033325,0.0028533935546875,0.878886342048645,1.0917892456054688,-0.21290290355682373
0.0001,600,1.7804154302670623,2,0.05625,0.8823990821838379,-0.013580799102783203,0.8959798812866211,1.0839829444885254,-0.1880030632019043
0.0001,650,1.9287833827893175,2,0.061250000000000006,0.8605329990386963,-0.013703465461730957,0.8742364645004272,1.0231285095214844,-0.14889204502105713
0.0001,700,2.077151335311573,3,0.06625,1.2345881462097168,-0.034526944160461426,1.2691150903701782,1.3191876411437988,-0.050072550773620605
0.0001,750,2.2255192878338277,3,0.07125000000000001,1.4653204679489136,-0.025086522102355957,1.4904069900512695,1.4288914203643799,0.06151556968688965
0.0001,800,2.373887240356083,3,0.07625,1.6383886337280273,0.022368311882019043,1.6160203218460083,1.4812395572662354,0.13478076457977295
0.0001,850,2.522255192878338,3,0.08125,1.644499659538269,-0.007173895835876465,1.6516735553741455,1.4579017162322998,0.1937718391418457
0.0001,900,2.6706231454005933,3,0.08625000000000001,1.6875228881835938,-0.02623116970062256,1.7137540578842163,1.4509778022766113,0.262776255607605
0.0001,950,2.8189910979228485,3,0.09125,1.776740550994873,0.008098006248474121,1.768642544746399,1.4550249576568604,0.3136175870895386
0.0001,1000,2.9673590504451037,3,0.09625,1.793254017829895,0.046538710594177246,1.7467153072357178,1.3787081241607666,0.36800718307495117
0.0001,1050,3.115727002967359,4,0.10125,2.1021976470947266,0.009999632835388184,2.0921980142593384,1.5889852046966553,0.5032128095626831
0.0001,1100,3.264094955489614,4,0.10625000000000001,2.2592920064926147,0.012247323989868164,2.2470446825027466,1.6460418701171875,0.6010028123855591
0.0001,1150,3.4124629080118694,4,0.11125,2.358510732650757,0.03925979137420654,2.3192509412765503,1.6470005512237549,0.6722503900527954
0.0001,1200,3.5608308605341246,4,0.11625,2.3550795316696167,0.017937779426574707,2.337141752243042,1.571038007736206,0.7661037445068359
0.0001,1250,3.7091988130563798,4,0.12125000000000001,2.398931622505188,-0.030747175216674805,2.429678797721863,1.590949535369873,0.8387292623519897
0.0001,1300,3.857566765578635,4,0.12625,2.458088517189026,-0.02057826519012451,2.4786667823791504,1.5609192848205566,0.9177474975585938
0.0001,1350,4.005934718100891,5,0.13125,2.5424426794052124,-0.001620650291442871,2.5440633296966553,1.562753677368164,0.9813096523284912
0.0001,1400,4.154302670623146,5,0.13625,2.752771735191345,-0.0034945011138916016,2.756266236305237,1.6120121479034424,1.1442540884017944
0.0001,1450,4.3026706231454,5,0.14125000000000001,2.8702718019485474,-0.0020781755447387695,2.872349977493286,1.632967472076416,1.2393825054168701
0.0001,1500,4.451038575667655,5,0.14625000000000002,2.8947163820266724,-0.02922976016998291,2.9239461421966553,1.6198811531066895,1.3040649890899658
0.0001,1550,4.599406528189911,5,0.15125,2.9555411338806152,0.0018943548202514648,2.9536467790603638,1.5787839889526367,1.374862790107727
0.0001,1600,4.747774480712166,5,0.15625,3.010567784309387,-0.01366657018661499,3.024234354496002,1.5524001121520996,1.4718342423439026
0.0001,1650,4.896142433234421,5,0.16125,3.074077010154724,-0.007089793682098389,3.0811668038368225,1.5520977973937988,1.5290690064430237
0.0001,1700,5.044510385756676,6,0.16625,3.181408405303955,-0.026230931282043457,3.2076393365859985,1.6023223400115967,1.6053169965744019
0.0001,1750,5.192878338278931,6,0.17125,3.2913838624954224,-0.029117286205291748,3.320501148700714,1.5921683311462402,1.7283328175544739
0.0001,1800,5.341246290801187,6,0.17625000000000002,3.301134467124939,-0.018165647983551025,3.31930011510849,1.5787487030029297,1.7405514121055603
0.0001,1850,5.489614243323442,6,0.18125000000000002,3.4134289026260376,0.027828872203826904,3.3856000304222107,1.5817883014678955,1.8038117289543152
0.0001,1900,5.637982195845697,6,0.18625,3.4324512481689453,-0.010413944721221924,3.4428651928901672,1.5706408023834229,1.8722243905067444
0.0001,1950,5.786350148367952,6,0.19125,3.519164204597473,0.014246463775634766,3.5049177408218384,1.5899310111999512,1.9149867296218872
0.0001,2000,5.9347181008902075,6,0.19625,3.5816433429718018,0.0733633041381836,3.508280038833618,1.5321743488311768,1.9761056900024414
0.0001,2050,6.083086053412463,7,0.20125,3.6143492460250854,0.0006630420684814453,3.613686203956604,1.6013128757476807,2.0123733282089233
0.0001,2100,6.231454005934718,7,0.20625000000000002,3.749908447265625,0.058323800563812256,3.6915846467018127,1.591698408126831,2.0998862385749817
0.0001,2150,6.379821958456973,7,0.21125000000000002,3.8187443017959595,0.04294300079345703,3.7758013010025024,1.6267223358154297,2.1490789651870728
0.0001,2200,6.528189910979228,7,0.21625,3.8180935382843018,0.00206834077835083,3.816025197505951,1.650447130203247,2.165578067302704
0.0001,2250,6.6765578635014835,7,0.22125,3.9047948122024536,0.043563783168792725,3.861231029033661,1.6448850631713867,2.216345965862274
0.0001,2300,6.824925816023739,7,0.22625,3.933591842651367,0.015851199626922607,3.9177406430244446,1.6570039987564087,2.260736644268036
0.0001,2350,6.973293768545994,7,0.23125,3.9886929988861084,0.04968839883804321,3.939004600048065,1.647481918334961,2.2915226817131042
0.0001,2400,7.121661721068249,8,0.23625000000000002,4.17306923866272,0.059741318225860596,4.113327920436859,1.694924235343933,2.418403685092926
0.0001,2450,7.270029673590504,8,0.24125000000000002,4.177536725997925,0.01801246404647827,4.1595242619514465,1.7198349237442017,2.439689338207245
0.0001,2500,7.4183976261127595,8,0.24625000000000002,4.190384864807129,0.10872310400009155,4.081661760807037,1.6270478963851929,2.4546138644218445
0.0001,2550,7.566765578635015,8,0.25125000000000003,4.29952073097229,0.04550516605377197,4.254015564918518,1.7163028717041016,2.5377126932144165
0.0001,2600,7.71513353115727,8,0.25625000000000003,4.353871822357178,0.0870962142944336,4.266775608062744,1.7126959562301636,2.5540796518325806
0.0001,2650,7.863501483679525,8,0.26125000000000004,4.324760913848877,0.016617298126220703,4.308143615722656,1.759865641593933,2.548277974128723
0.0001,2700,8.011869436201781,9,0.26625,4.45930278301239,0.10599309206008911,4.353309690952301,1.7310044765472412,2.62230521440506
0.0001,2750,8.160237388724036,9,0.27125,4.558191418647766,0.0505254864692688,4.507665932178497,1.7953615188598633,2.712304413318634
0.0001,2800,8.308605341246292,9,0.27625,4.5827754735946655,0.03144121170043945,4.551334261894226,1.8230607509613037,2.7282735109329224
0.0001,2850,8.456973293768545,9,0.28125,4.664303541183472,0.10117912292480469,4.563124418258667,1.7734190225601196,2.7897053956985474
0.0001,2900,8.6053412462908,9,0.28625,4.690080046653748,0.055605530738830566,4.634474515914917,1.856176733970642,2.778297781944275
0.0001,2950,8.753709198813056,9,0.29125,4.735882759094238,0.07386690378189087,4.662015855312347,1.8410673141479492,2.820948541164398
0.0001,3000,8.90207715133531,9,0.29625,4.749833464622498,0.09501773118972778,4.65481573343277,1.807539939880371,2.8472757935523987
0.0003,50,0.14836795252225518,1,0.006534090909090909,-0.04025840759277344,-0.025168180465698242,-0.015090227127075195,0.8000717163085938,-0.815161943435669
0.0003,100,0.29673590504451036,1,0.01875,0.003281116485595703,0.04061710834503174,-0.037335991859436035,0.605858325958252,-0.643194317817688
0.0003,150,0.44510385756676557,1,0.033749999999999995,0.0246964693069458,-0.0033975839614868164,0.028094053268432617,0.5001101493835449,-0.4720160961151123
0.0003,200,0.5934718100890207,1,0.048749999999999995,-0.04369771480560303,-0.019350647926330566,-0.02434706687927246,0.35816049575805664,-0.3825075626373291
0.0003,250,0.7418397626112759,1,0.06375,-0.013369441032409668,-0.015652179718017578,0.00228273868560791,0.36714744567871094,-0.364864706993103
0.0003,300,0.8902077151335311,1,0.07874999999999999,-0.04586482048034668,-0.013426542282104492,-0.03243827819824219,0.3449110984802246,-0.3773493766784668
0.0003,350,1.0385756676557865,2,0.09374999999999999,0.15813350677490234,-0.0266038179397583,0.18473732471466064,0.530942440032959,-0.34620511531829834
0.0003,400,1.1869436201780414,2,0.10874999999999999,0.7855727672576904,-0.029583454132080078,0.8151562213897705,0.9735269546508789,-0.1583707332611084
0.0003,450,1.3353115727002967,2,0.12374999999999999,1.0316381454467773,-0.021814465522766113,1.0534526109695435,1.1005561351776123,-0.04710352420806885
0.0003,500,1.4836795252225519,2,0.13874999999999998,1.065151333808899,-0.01454305648803711,1.079694390296936,1.0351636409759521,0.04453074932098389
0.0003,550,1.632047477744807,2,0.15375,1.0632418394088745,-0.01706695556640625,1.0803087949752808,0.9947316646575928,0.08557713031768799
0.0003,600,1.7804154302670623,2,0.16874999999999998,1.0731621980667114,-0.010778069496154785,1.0839402675628662,0.9209933280944824,0.1629469394683838
0.0003,650,1.9287833827893175,2,0.18375,1.0838985443115234,-0.006572246551513672,1.090470790863037,0.8570647239685059,0.23340606689453125
0.0003,700,2.077151335311573,3,0.19874999999999998,1.6613188982009888,-0.040641188621520996,1.7019600868225098,1.2796833515167236,0.42227673530578613
0.0003,750,2.2255192878338277,3,0.21374999999999997,2.019343852996826,-0.038713693618774414,2.0580575466156006,1.4566819667816162,0.6013755798339844
0.0003,800,2.373887240356083,3,0.22874999999999998,2.1862629652023315,0.04009604454040527,2.1461669206619263,1.4101126194000244,0.7360543012619019
0.0003,850,2.522255192878338,3,0.24374999999999997,2.202396273612976,-0.0009878873825073242,2.2033841609954834,1.375657320022583,0.8277268409729004
0.0003,900,2.6706231454005933,3,0.25875,2.2802196741104126,-0.016190290451049805,2.2964099645614624,1.3707756996154785,0.9256342649459839
0.0003,950,2.8189910979228485,3,0.27375,2.3478446006774902,0.020888805389404297,2.326955795288086,1.3114683628082275,1.0154874324798584
0.0003,1000,2.9673590504451037,3,0.28874999999999995,2.4395360946655273,0.04956841468811035,2.389967679977417,1.2678964138031006,1.1220712661743164
0.0003,1050,3.115727002967359,4,0.30374999999999996,2.932262897491455,0.008133351802825928,2.924129545688629,1.457409143447876,1.4667204022407532
0.0003,1100,3.264094955489614,4,0.31875,3.0335752964019775,0.045944392681121826,2.9876309037208557,1.44846773147583,1.5391631722450256
0.0003,1150,3.4124629080118694,4,0.33375,3.192795157432556,0.06634104251861572,3.1264541149139404,1.4610190391540527,1.6654350757598877
0.0003,1200,3.5608308605341246,4,0.34874999999999995,3.246639847755432,0.0018444061279296875,3.2447954416275024,1.4691081047058105,1.775687336921692
0.0003,1250,3.7091988130563798,4,0.36374999999999996,3.2432572841644287,-0.03834176063537598,3.2815990447998047,1.4768178462982178,1.804781198501587
0.0003,1300,3.857566765578635,4,0.37875,3.3812915086746216,-0.02774268388748169,3.4090341925621033,1.492424488067627,1.9166097044944763
0.0003,1350,4.005934718100891,5,0.39375,3.485486388206482,0.023472487926483154,3.462013900279999,1.4673755168914795,1.9946383833885193
0.0003,1400,4.154302670623146,5,0.40874999999999995,3.734393358230591,0.01567286252975464,3.718720495700836,1.5628454685211182,2.155875027179718
0.0003,1450,4.3026706231454,5,0.42374999999999996,3.8391252756118774,0.018317222595214844,3.8208080530166626,1.612761378288269,2.2080466747283936
0.0003,1500,4.451038575667655,5,0.43875,3.87701952457428,0.01315993070602417,3.8638595938682556,1.6030685901641846,2.260791003704071
0.0003,1550,4.599406528189911,5,0.45375,3.9800522327423096,0.0480114221572876,3.932040810585022,1.604995608329773,2.327045202255249
0.0003,1600,4.747774480712166,5,0.46874999999999994,4.056359052658081,0.040467262268066406,4.015891790390015,1.605007290840149,2.4108844995498657
0.0003,1650,4.896142433234421,5,0.48374999999999996,4.1682000160217285,0.06904441118240356,4.099155604839325,1.6409393548965454,2.4582162499427795
0.0003,1700,5.044510385756676,6,0.49874999999999997,4.233417510986328,0.03782135248184204,4.195596158504486,1.6769860982894897,2.5186100602149963
0.0003,1750,5.192878338278931,6,0.5137499999999999,4.462064981460571,0.031363725662231445,4.43070125579834,1.730216145515442,2.700485110282898
0.0003,1800,5.341246290801187,6,0.5287499999999999,4.557693004608154,0.046177446842193604,4.511515557765961,1.737620234489441,2.7738953232765198
0.0003,1850,5.489614243323442,6,0.54375,4.601812243461609,0.11043405532836914,4.49137818813324,1.6837060451507568,2.807672142982483
0.0003,1900,5.637982195845697,6,0.55875,4.72118866443634,0.07537287473678589,4.645815789699554,1.768695592880249,2.8771201968193054
0.0003,1950,5.786350148367952,6,0.57375,4.790329933166504,0.0974302887916565,4.692899644374847,1.7611827850341797,2.9317168593406677
0.0003,2000,5.9347181008902075,6,0.58875,4.86559534072876,0.16314178705215454,4.702453553676605,1.7184547185897827,2.9839988350868225
0.0003,2050,6.083086053412463,7,0.6037499999999999,5.038912892341614,0.0939834713935852,4.944929420948029,1.8526583909988403,3.0922710299491882
0.0003,2100,6.231454005934718,7,0.6187499999999999,5.2160868644714355,0.15672916173934937,5.059357702732086,1.8305778503417969,3.2287798523902893
0.0003,2150,6.379821958456973,7,0.6337499999999999,5.132480978965759,0.13938862085342407,4.993092358112335,1.8167922496795654,3.1763001084327698
0.0003,2200,6.528189910979228,7,0.6487499999999999,5.194057583808899,0.09735763072967529,5.096699953079224,1.8835269212722778,3.213173031806946
0.0003,2250,6.6765578635014835,7,0.66375,5.354288458824158,0.15995043516159058,5.194338023662567,1.884373426437378,3.309964597225189
0.0003,2300,6.824925816023739,7,0.67875,5.483229756355286,0.1426411271095276,5.340588629245758,1.9439347982406616,3.3966538310050964
0.0003,2350,6.973293768545994,7,0.69375,5.580954074859619,0.17622071504592896,5.40473335981369,1.9682060480117798,3.4365273118019104
0.0003,2400,7.121661721068249,8,0.70875,5.818569660186768,0.2053992748260498,5.613170385360718,1.97797691822052,3.6351934671401978
0.0003,2450,7.270029673590504,8,0.7237499999999999,5.842046499252319,0.15031909942626953,5.69172739982605,2.009464979171753,3.682262420654297
0.0003,2500,7.4183976261127595,8,0.7387499999999999,5.8358296155929565,0.24886983633041382,5.586959779262543,1.9528582096099854,3.6341015696525574
0.0003,2550,7.566765578635015,8,0.7537499999999999,5.97990083694458,0.1921824812889099,5.78771835565567,2.0553146600723267,3.7324036955833435
0.0003,2600,7.71513353115727,8,0.7687499999999999,6.085041165351868,0.25312137603759766,5.83191978931427,2.014288306236267,3.817631483078003
0.0003,2650,7.863501483679525,8,0.78375,6.2454458475112915,0.18776607513427734,6.057679772377014,2.1085058450698853,3.949173927307129
0.0003,2700,8.011869436201781,9,0.79875,6.289591431617737,0.26837170124053955,6.021219730377197,2.106934666633606,3.9142850637435913
0.0003,2750,8.160237388724036,9,0.81375,6.537378549575806,0.21470844745635986,6.322670102119446,2.1972110271453857,4.12545907497406
0.0003,2800,8.308605341246292,9,0.8287499999999999,6.607079863548279,0.19008862972259521,6.416991233825684,2.2320432662963867,4.184947967529297
0.0003,2850,8.456973293768545,9,0.8437499999999999,6.6366376876831055,0.27800852060317993,6.3586291670799255,2.148282766342163,4.2103464007377625
0.0003,2900,8.6053412462908,9,0.8587499999999999,6.78132301568985,0.2450745701789856,6.536248445510864,2.260995328426361,4.275253117084503
0.0003,2950,8.753709198813056,9,0.8737499999999999,6.802977383136749,0.2638126015663147,6.539164781570435,2.23153156042099,4.307633221149445
0.0003,3000,8.90207715133531,9,0.8887499999999999,6.958489239215851,0.2783040404319763,6.6801851987838745,2.248556911945343,4.4316282868385315
0.0003,3050,9.050445103857566,10,0.9037499999999999,7.100596249103546,0.25190407037734985,6.848692178726196,2.3556466698646545,4.493045508861542
0.0003,3100,9.198813056379821,10,0.91875,7.372914373874664,0.29862576723098755,7.074288606643677,2.3699576258659363,4.7043309807777405
0.0003,3150,9.347181008902076,10,0.93375,7.366910934448242,0.34456533193588257,7.02234560251236,2.3147363662719727,4.707609236240387
0.0003,3200,9.495548961424332,10,0.9487499999999999,7.344193935394287,0.31274425983428955,7.031449675559998,2.335077404975891,4.6963722705841064
0.0003,3250,9.643916913946587,10,0.9637499999999999,7.512443661689758,0.33876222372055054,7.173681437969208,2.3584645986557007,4.815216839313507
0.0003,3300,9.792284866468842,10,0.9787499999999999,7.652413427829742,0.329511821269989,7.322901606559753,2.422833740711212,4.900067865848541
0.0003,3350,9.940652818991097,10,0.9937499999999999,7.732722818851471,0.34450697898864746,7.3882158398628235,2.4552915692329407,4.932924270629883
0.0003,3400,10.089020771513352,11,1.0087499999999998,7.864197313785553,0.4168442487716675,7.4473530650138855,2.407677948474884,5.0396751165390015
0.0003,3450,10.237388724035608,11,1.02375,8.058228313922882,0.38142693042755127,7.676801383495331,2.4359095692634583,5.240891814231873
0.0003,3500,10.385756676557863,11,1.0387499999999998,8.06064784526825,0.32815641164779663,7.732491433620453,2.509177088737488,5.223314344882965
0.0003,3550,10.534124629080118,11,1.05375,8.158145904541016,0.42103415727615356,7.737111747264862,2.4432151317596436,5.2938966155052185
0.0003,3600,10.682492581602373,11,1.0687499999999999,8.259497553110123,0.41865378618240356,7.840843766927719,2.491706997156143,5.349136769771576
0.0003,3650,10.830860534124628,11,1.08375,8.345508992671967,0.3509558439254761,7.9945531487464905,2.5623900294303894,5.432163119316101
0.0003,3700,10.979228486646884,11,1.09875,8.43534529209137,0.3791921138763428,8.056153178215027,2.5591057538986206,5.497047424316406
0.0003,3750,11.127596439169139,12,1.1137499999999998,8.661082088947296,0.4307420253753662,8.23034006357193,2.532290756702423,5.698049306869507
0.0003,3800,11.275964391691394,12,1.12875,8.717770427465439,0.45656007528305054,8.261210352182388,2.53436741232872,5.726842939853668
0.0003,3850,11.42433234421365,12,1.1437499999999998,8.75946393609047,0.500991940498352,8.258471995592117,2.4981018602848053,5.760370135307312
0.0003,3900,11.572700296735905,12,1.15875,8.875405967235565,0.44128358364105225,8.434122383594513,2.580117404460907,5.854004979133606
0.0003,3950,11.72106824925816,12,1.1737499999999998,8.850839108228683,0.4733046293258667,8.377534478902817,2.567738026380539,5.809796452522278
0.0003,4000,11.869436201780415,12,1.18875,8.979981392621994,0.5123975276947021,8.467583864927292,2.551659792661667,5.915924072265625
0.0003,4050,12.01780415430267,13,1.2037499999999999,9.058671206235886,0.4190492630004883,8.639621943235397,2.6624302566051483,5.977191686630249
0.0003,4100,12.166172106824925,13,1.21875,9.309185117483139,0.48190563917160034,8.827279478311539,2.605273813009262,6.222005665302277
0.0003,4150,12.31454005934718,13,1.23375,9.302801549434662,0.5074694752693176,8.795332074165344,2.60494202375412,6.190390050411224
0.0003,4200,12.462908011869436,13,1.2487499999999998,9.317528992891312,0.5042933225631714,8.81323567032814,2.6027734577655792,6.210462212562561
0.0003,4250,12.611275964391691,13,1.26375,9.392459005117416,0.5337924957275391,8.858666509389877,2.5993076264858246,6.259358882904053
0.0003,4300,12.759643916913946,13,1.2787499999999998,9.390222787857056,0.5521894693374634,8.838033318519592,2.6014442443847656,6.236589074134827
0.0003,4350,12.908011869436201,13,1.29375,9.48567546904087,0.5724253058433533,8.913250163197517,2.594391956925392,6.318858206272125
0.0003,4400,13.056379821958457,14,1.3087499999999999,9.63087184727192,0.4936025142669678,9.137269333004951,2.6696394234895706,6.467629909515381
0.0003,4450,13.204747774480712,14,1.32375,9.723735183477402,0.5764976739883423,9.14723750948906,2.581540435552597,6.565697073936462
0.0003,4500,13.353115727002967,14,1.3387499999999999,9.706149652600288,0.596118688583374,9.110030964016914,2.5953729897737503,6.514657974243164
0.0003,4550,13.501483679525222,14,1.3537499999999998,9.65389470756054,0.6325646638870239,9.021330043673515,2.5423489063978195,6.478981137275696
0.0003,4600,13.649851632047477,14,1.36875,9.816282778978348,0.5421337485313416,9.274149030447006,2.6560035049915314,6.618145525455475
0.0003,4650,13.798219584569733,14,1.3837499999999998,9.869480296969414,0.5442659854888916,9.325214311480522,2.6743356436491013,6.650878667831421
0.0003,4700,13.946587537091988,14,1.39875,9.948494300246239,0.6241375207901001,9.324356779456139,2.5982810109853745,6.726075768470764
0.0003,4750,14.094955489614243,15,1.4137499999999998,10.075097784399986,0.6715935468673706,9.403504237532616,2.572982057929039,6.830522179603577
0.0003,4800,14.243323442136498,15,1.42875,10.088626459240913,0.6326004862785339,9.45602597296238,2.610942915081978,6.845083057880402
0.0003,4850,14.391691394658753,15,1.4437499999999999,10.13731336593628,0.7630748152732849,9.374238550662994,2.483010768890381,6.8912277817726135
0.0003,4900,14.540059347181009,15,1.4587499999999998,10.140345305204391,0.6723097562789917,9.4680355489254,2.5787453353405,6.8892902135849
0.0003,4950,14.688427299703264,15,1.47375,10.20059959590435,0.5713982582092285,9.629201337695122,2.69249264895916,6.936708688735962
0.0003,5000,14.836795252225519,15,1.4887499999999998,10.312989234924316,0.7019399404525757,9.61104929447174,2.5675466060638428,7.043502688407898
0.0003,5050,14.985163204747774,15,1.50375,10.362351551651955,0.6807935237884521,9.681558027863503,2.600886717438698,7.080671310424805
0.0003,5100,15.13353115727003,16,1.5187499999999998,10.445636183023453,0.6750896573066711,9.770546525716782,2.607222229242325,7.163324296474457
0.0003,5150,15.281899109792285,16,1.53375,10.446872681379318,0.6505411267280579,9.79633155465126,2.6475546061992645,7.148776948451996
0.0003,5200,15.43026706231454,16,1.5487499999999998,10.344934150576591,0.7359050512313843,9.609029099345207,2.5704025477170944,7.038626551628113
0.0003,5250,15.578635014836795,16,1.56375,10.43967680633068,0.6638016700744629,9.775875136256218,2.616735026240349,7.159140110015869
0.0003,5300,15.72700296735905,16,1.5787499999999999,10.443898811936378,0.725119948387146,9.718778863549232,2.5691505819559097,7.149628281593323
0.0003,5350,15.875370919881306,16,1.5937499999999998,10.604592010378838,0.7542576193809509,9.850334390997887,2.564799949526787,7.2855344414711
0.0003,5400,16.023738872403563,17,1.60875,10.586816146969795,0.7906349897384644,9.79618115723133,2.528637245297432,7.267543911933899
0.0003,5450,16.172106824925816,17,1.6237499999999998,10.707241535186768,0.7446129322052002,9.962628602981567,2.598865509033203,7.363763093948364
0.0003,5500,16.320474777448073,17,1.63875,10.7406574934721,0.8058938384056091,9.93476365506649,2.529517099261284,7.405246555805206
0.0003,5550,16.468842729970326,17,1.6537499999999998,10.710313513875008,0.7713521718978882,9.93896134197712,2.5631081610918045,7.375853180885315
0.0003,5600,16.617210682492583,17,1.66875,10.720258876681328,0.7790210247039795,9.941237851977348,2.567128822207451,7.3741090297698975
0.0003,5650,16.765578635014837,17,1.6837499999999999,10.725783854722977,0.8284033536911011,9.897380501031876,2.5451798737049103,7.352200627326965
0.0003,5700,16.91394658753709,17,1.6987499999999998,10.83511207997799,0.8608624339103699,9.97424964606762,2.496260389685631,7.4779892563819885
0.0003,5750,17.062314540059347,18,1.7137499999999999,10.976258516311646,0.7968174815177917,10.179441034793854,2.581777572631836,7.597663462162018
0.0003,5800,17.2106824925816,18,1.7287499999999998,10.998483762145042,0.8570020198822021,10.14148174226284,2.531368598341942,7.610113143920898
0.0003,5850,17.359050445103858,18,1.74375,10.891141533851624,0.856073796749115,10.035067737102509,2.5225483179092407,7.512519419193268
0.0003,5900,17.50741839762611,18,1.7587499999999998,10.91474662721157,0.8968945741653442,10.017852053046227,2.487817868590355,7.530034184455872
0.0003,5950,17.655786350148368,18,1.77375,11.021088056266308,0.8186806440353394,10.202407412230968,2.578602246940136,7.6238051652908325
0.0003,6000,17.80415430267062,18,1.7887499999999998,11.065490022301674,0.8958375453948975,10.169652476906776,2.504034534096718,7.665617942810059
0.0003,6050,17.95252225519288,18,1.8037499999999997,11.14784149825573,0.882009744644165,10.265831753611565,2.5168743580579758,7.748957395553589
0.0003,6100,18.100890207715132,19,1.8187499999999999,11.244189321994781,0.8528119921684265,10.391377329826355,2.5593066811561584,7.8320706486701965
0.0003,6150,18.24925816023739,19,1.8337499999999998,11.22464419901371,0.8141964077949524,10.410447791218758,2.609813943505287,7.8006338477134705
0.0003,6200,18.397626112759642,19,1.84875,11.225332893431187,0.8705409169197083,10.354791976511478,2.5605353489518166,7.794256627559662
0.0003,6250,18.5459940652819,19,1.8637499999999998,11.28860579431057,0.9227378368377686,10.365867957472801,2.5237735360860825,7.842094421386719
0.0003,6300,18.694362017804153,19,1.87875,11.278743408620358,0.8850976824760437,10.393645726144314,2.557886265218258,7.835759460926056
0.0003,6350,18.84272997032641,19,1.8937499999999998,11.36410018056631,0.9647424817085266,10.399357698857784,2.476414166390896,7.922943532466888
0.0003,6400,18.991097922848663,19,1.9087499999999997,11.37940600514412,0.9324981570243835,10.446907848119736,2.518011122941971,7.928896725177765
0.0003,6450,19.13946587537092,20,1.9237499999999998,11.573316596448421,0.9635421633720398,10.609774433076382,2.499190591275692,8.11058384180069
0.0003,6500,19.287833827893174,20,1.9387499999999998,11.482066214084625,0.8982720375061035,10.583794176578522,2.554539978504181,8.02925419807434
0.0003,6550,19.43620178041543,20,1.9537499999999999,11.46629610657692,0.8959606289863586,10.570335477590561,2.568711668252945,8.001623809337616
0.0003,6600,19.584569732937684,20,1.9687499999999998,11.580224938690662,0.930879533290863,10.6493454053998,2.532933659851551,8.116411745548248
0.0003,6650,19.73293768545994,20,1.98375,11.414942651987076,0.9618120789527893,10.453130573034286,2.513599544763565,7.939531028270721
0.0003,6700,19.881305637982194,20,1.9987499999999998,11.498562023043633,1.0153213739395142,10.483240649104118,2.4655253142118454,8.017715334892273
0.0003,6750,20.02967359050445,21,2.01375,11.616195052862167,0.9565265774726868,10.65966847538948,2.545700639486313,8.113967835903168
0.0003,6800,20.178041543026705,21,2.0287499999999996,11.824399344623089,0.9817181825637817,10.842681162059307,2.5159484073519707,8.326732754707336
0.0003,6850,20.326409495548962,21,2.0437499999999997,11.701434418559074,0.9789798259735107,10.722454592585564,2.5062604397535324,8.216194152832031
0.0003,6900,20.474777448071215,21,2.05875,11.712948940694332,0.9825813174247742,10.730367623269558,2.516569994390011,8.213797628879547
0.0003,6950,20.623145400593472,21,2.07375,11.745069943368435,1.0004628896713257,10.74460705369711,2.48662181943655,8.257985234260559
0.0003,7000,20.771513353115726,21,2.0887499999999997,11.711401209235191,1.0650966167449951,10.646304592490196,2.452622875571251,8.193681716918945
0.0003,7050,20.919881305637983,21,2.10375,11.827875509858131,1.0320287346839905,10.795846775174141,2.4843372255563736,8.311509549617767
0.0003,7100,21.068249258160236,22,2.11875,11.954453989863396,1.0799740552902222,10.874479934573174,2.4522464722394943,8.42223346233368
0.0003,7150,21.216617210682493,22,2.1337499999999996,11.982071481645107,0.9836013913154602,10.998470090329647,2.541580520570278,8.456889569759369
0.0003,7200,21.364985163204746,22,2.1487499999999997,11.940626114606857,1.013858139514923,10.926767975091934,2.50703164935112,8.419736325740814
0.0003,7250,21.513353115727003,22,2.16375,11.947148814797401,1.026094377040863,10.921054437756538,2.5238437801599503,8.397210657596588
0.0003,7300,21.661721068249257,22,2.17875,12.002453185617924,1.0647518038749695,10.937701381742954,2.480059005320072,8.457642376422882
0.0003,7350,21.810089020771514,22,2.1937499999999996,11.986348204314709,1.0632314085960388,10.92311679571867,2.482735924422741,8.440380871295929
0.0003,7400,21.958456973293767,22,2.2087499999999998,12.118828237056732,1.1374717950820923,10.98135644197464,2.4109711050987244,8.570385336875916
0.0003,7450,22.106824925816024,23,2.22375,12.181493304669857,1.0573509335517883,11.124142371118069,2.4888890013098717,8.635253369808197
0.0003,7500,22.255192878338278,23,2.23875,12.174510143697262,1.1118330359458923,11.06267710775137,2.45684065669775,8.60583645105362
0.0003,7550,22.403560830860535,23,2.2537499999999997,12.140705786645412,1.1148993372917175,11.025806449353695,2.4656457528471947,8.5601606965065
0.0003,7600,22.551928783382788,23,2.26875,12.200737282633781,1.1420093774795532,11.058727905154228,2.444789692759514,8.613938212394714
0.0003,7650,22.700296735905045,23,2.28375,12.078573018312454,1.0799678564071655,10.998605161905289,2.4834852516651154,8.515119910240173
0.0003,7700,22.8486646884273,23,2.2987499999999996,12.293922513723373,1.1364009380340576,11.157521575689316,2.4308439195156097,8.726677656173706
0.0003,7750,22.997032640949556,23,2.3137499999999998,12.320765905082226,1.0839025378227234,11.236863367259502,2.5034603402018547,8.733403027057648
0.0003,7800,23.14540059347181,24,2.32875,12.355169110000134,1.1070707440376282,11.248098365962505,2.497558645904064,8.750539720058441
0.0003,7850,23.293768545994066,24,2.34375,12.39241323620081,1.1694986820220947,11.222914554178715,2.440261222422123,8.782653331756592
0.0003,7900,23.44213649851632,24,2.3587499999999997,12.357512511312962,1.12010258436203,11.237409926950932,2.4818380251526833,8.755571901798248
0.0003,7950,23.590504451038576,24,2.37375,12.428620114922523,1.074663758277893,11.35395635664463,2.520791783928871,8.83316457271576
0.0003,8000,23.73887240356083,24,2.38875,12.322285518050194,1.119735598564148,11.202549919486046,2.4653488248586655,8.73720109462738
0.0003,8050,23.887240356083087,24,2.4037499999999996,12.436381854116917,1.1950129866600037,11.241368867456913,2.424055613577366,8.817313253879547
0.0003,8100,24.03560830860534,25,2.4187499999999997,12.509227596223354,1.1642306447029114,11.344996951520443,2.466129384934902,8.87886756658554
0.0003,8150,24.183976261127597,25,2.43375,12.506921537220478,1.1634466052055359,11.343474932014942,2.465184934437275,8.878289997577667
0.0003,8200,24.33234421364985,25,2.44875,12.562535628676414,1.1063205003738403,11.456215128302574,2.501877173781395,8.95433795452118
0.0003,8250,24.480712166172108,25,2.4637499999999997,12.535613916814327,1.2230971455574036,11.312516771256924,2.4207655414938927,8.891751229763031
0.0003,8300,24.62908011869436,25,2.47875,12.543062545359135,1.1336621046066284,11.409400440752506,2.474011041224003,8.935389399528503
0.0003,8350,24.777448071216618,25,2.49375,12.562442936003208,1.1973370909690857,11.365105845034122,2.433757223188877,8.931348621845245
0.0003,8400,24.92581602373887,25,2.5087499999999996,12.632258281111717,1.1830161809921265,11.44924210011959,2.452725514769554,8.996516585350037
0.0003,8450,25.07418397626113,26,2.5237499999999997,12.758924640715122,1.2593985795974731,11.499526061117649,2.4202288761734962,9.079297184944153
0.0003,8500,25.222551928783382,26,2.53875,12.772736057639122,1.1248347163200378,11.647901341319084,2.5300822108983994,9.117819130420685
0.0003,8550,25.37091988130564,26,2.55375,12.618085026741028,1.1410016417503357,11.477083384990692,2.4983500242233276,8.978733360767365
0.0003,8600,25.519287833827892,26,2.5687499999999996,12.7172497138381,1.2541916370391846,11.463058076798916,2.415889583528042,9.047168493270874
0.0003,8650,25.66765578635015,26,2.5837499999999998,12.681788340210915,1.2156526446342468,11.466135695576668,2.43627966940403,9.029856026172638
0.0003,8700,25.816023738872403,26,2.59875,12.834625042974949,1.2414715886116028,11.593153454363346,2.422488249838352,9.170665204524994
0.0003,8750,25.96439169139466,26,2.6137499999999996,12.879584558308125,1.2468792796134949,11.63270527869463,2.45018220692873,9.1825230717659
0.0003,8800,26.112759643916913,27,2.6287499999999997,12.942989081144333,1.2001991868019104,11.742789894342422,2.4798860251903534,9.262903869152069
0.0003,8850,26.26112759643917,27,2.64375,12.931036777794361,1.3593812584877014,11.57165551930666,2.3273649886250496,9.24429053068161
0.0003,8900,26.409495548961424,27,2.65875,12.915582451969385,1.2924923300743103,11.623090121895075,2.399835381656885,9.22325474023819
0.0003,8950,26.55786350148368,27,2.6737499999999996,12.904986068606377,1.327792465686798,11.577193602919579,2.36709301173687,9.210100591182709
0.0003,9000,26.706231454005934,27,2.6887499999999998,12.979951329529285,1.3090731501579285,11.670878179371357,2.382155604660511,9.288722574710846
0.0003,9050,26.85459940652819,27,2.70375,13.070461437106133,1.3023952841758728,11.76806615293026,2.4040402621030807,9.364025890827179
0.0003,9100,27.002967359050444,28,2.7187499999999996,13.035225715488195,1.2391217350959778,11.796103980392218,2.458320941776037,9.33778303861618
0.0003,9150,27.1513353115727,28,2.7337499999999997,13.077809616923332,1.254578709602356,11.823230907320976,2.469694420695305,9.353536486625671
0.0003,9200,27.299703264094955,28,2.74875,13.132983166724443,1.3905664682388306,11.742416698485613,2.3510248251259327,9.39139187335968
0.0003,9250,27.448071216617212,28,2.76375,13.13658818230033,1.34135901927948,11.79522916302085,2.3922482393682003,9.402980923652649
0.0003,9300,27.596439169139465,28,2.7787499999999996,13.091712772846222,1.3127670884132385,11.778945684432983,2.392813503742218,9.386132180690765
0.0003,9350,27.744807121661722,28,2.7937499999999997,13.19307878986001,1.29294753074646,11.90013125911355,2.397592816501856,9.502538442611694
0.0003,9400,27.893175074183976,28,2.80875,13.206188637763262,1.3110882639884949,11.895100373774767,2.4029047079384327,9.492195665836334
0.0003,9450,28.041543026706233,29,2.8237499999999995,13.252191066741943,1.3119897246360779,11.940201342105865,2.4186501502990723,9.521551191806793
0.0003,9500,28.189910979228486,29,2.8387499999999997,13.426607739180326,1.381152331829071,12.045455407351255,2.3719507567584515,9.673504650592804
0.0003,9550,28.338278931750743,29,2.85375,13.280653271824121,1.3195106387138367,11.961142633110285,2.3986292220652103,9.562513411045074
0.0003,9600,28.486646884272997,29,2.86875,13.294667791575193,1.3790316581726074,11.915636133402586,2.3799455873668194,9.535690546035767
0.0003,9650,28.635014836795254,29,2.8837499999999996,13.249891318380833,1.4044005870819092,11.845490731298923,2.336665190756321,9.508825540542603
0.0003,9700,28.783382789317507,29,2.8987499999999997,13.320541128516197,1.333234965801239,11.987306162714958,2.396414265036583,9.590891897678375
0.0003,9750,28.931750741839764,29,2.91375,13.463416270911694,1.409970462322235,12.053445808589458,2.346061162650585,9.707384645938873
0.0003,9800,29.080118694362017,30,2.92875,13.466422822326422,1.4407219886779785,12.025700833648443,2.3431589864194393,9.682541847229004
0.0003,9850,29.228486646884274,30,2.9437499999999996,13.568567581474781,1.3432104587554932,12.225357122719288,2.4153309538960457,9.810026168823242
0.0003,9900,29.376854599406528,30,2.9587499999999998,13.456763368099928,1.3059329390525818,12.150830429047346,2.4540420584380627,9.696788370609283
0.0003,9950,29.525222551928785,30,2.97375,13.428377658128738,1.4155538082122803,12.012823849916458,2.3732376396656036,9.639586210250854
0.0003,10000,29.673590504451038,30,2.9887499999999996,13.509334992617369,1.4049449563026428,12.104390036314726,2.346501301974058,9.757888734340668
0.0003,10050,29.821958456973295,30,3.0037499999999997,13.536434330046177,1.4876250624656677,12.04880926758051,2.3137954846024513,9.735013782978058
0.0003,10100,29.97032640949555,30,3.01875,13.606479149311781,1.3943289518356323,12.212150197476149,2.4122476391494274,9.799902558326721
0.0003,10150,30.118694362017806,31,3.03375,13.65019078925252,1.3924927115440369,12.257698077708483,2.3876661844551563,9.870031893253326
0.0003,10200,30.26706231454006,31,3.0487499999999996,13.659227531403303,1.4759307503700256,12.183296781033278,2.337289731949568,9.84600704908371
0.0003,10250,30.415430267062316,31,3.0637499999999998,13.644513376057148,1.4252867698669434,12.219226606190205,2.363549955189228,9.855676651000977
0.0003,10300,30.56379821958457,31,3.07875,13.715056080371141,1.419767439365387,12.295288641005754,2.378241438418627,9.917047202587128
0.0003,10350,30.712166172106826,31,3.0937499999999996,13.654624350368977,1.454731822013855,12.199892528355122,2.3647300079464912,9.83516252040863
0.0003,10400,30.86053412462908,31,3.1087499999999997,13.760246317833662,1.4823029041290283,12.277943413704634,2.3385067395865917,9.939436674118042
0.0003,10450,31.008902077151337,32,3.12375,13.750820655375719,1.443758249282837,12.307062406092882,2.358824748545885,9.948237657546997
0.0003,10500,31.15727002967359,32,3.13875,13.855873167514801,1.473137080669403,12.382736086845398,2.3328829407691956,10.049853146076202
0.0003,10550,31.305637982195847,32,3.1537499999999996,13.91720387712121,1.4419966340065002,12.47520724311471,2.367990229278803,10.107217013835907
0.0003,10600,31.4540059347181,32,3.1687499999999997,13.794911481440067,1.487214207649231,12.307697273790836,2.338997460901737,9.9686998128891
0.0003,10650,31.602373887240358,32,3.18375,13.822418306022882,1.473544955253601,12.348873350769281,2.3437717892229557,10.005101561546326
0.0003,10700,31.75074183976261,32,3.1987499999999995,13.846570312976837,1.4544681906700134,12.392102122306824,2.3713520169258118,10.020750105381012
0.0003,10750,31.899109792284868,32,3.2137499999999997,13.835035167634487,1.463734745979309,12.371300421655178,2.343790851533413,10.027509570121765
0.0003,10800,32.047477744807125,33,3.22875,13.950044550001621,1.4539010524749756,12.496143497526646,2.3611382618546486,10.135005235671997
0.0003,10850,32.195845697329375,33,3.24375,14.117136251181364,1.4384560585021973,12.678680192679167,2.3925061337649822,10.286174058914185
0.0003,10900,32.34421364985163,33,3.2587499999999996,14.037078842520714,1.4604449272155762,12.576633915305138,2.36837337911129,10.208260536193848
0.0003,10950,32.49258160237389,33,3.2737499999999997,13.965268444269896,1.5208436846733093,12.444424759596586,2.322933029383421,10.121491730213165
0.0003,11000,32.640949554896146,33,3.28875,13.972111281007528,1.5204241275787354,12.451687153428793,2.3371062837541103,10.114580869674683
0.0003,11050,32.789317507418396,33,3.3037499999999995,14.006978385150433,1.503555417060852,12.50342296808958,2.3421600982546806,10.1612628698349
0.0003,11100,32.93768545994065,33,3.3187499999999996,14.057009264826775,1.4727402925491333,12.584268972277641,2.3762300461530685,10.208038926124573
0.0003,11150,33.08605341246291,34,3.3337499999999998,14.110944531857967,1.5768960118293762,12.534048520028591,2.279588006436825,10.254460513591766
0.0003,11200,33.23442136498517,34,3.34875,14.198199391365051,1.4989705681800842,12.699228823184967,2.350491166114807,10.34873765707016
0.0003,11250,33.38278931750742,34,3.3637499999999996,14.109668355435133,1.4751838445663452,12.634484510868788,2.375600915402174,10.258883595466614
0.0003,11300,33.531157270029674,34,3.3787499999999997,14.039452824741602,1.5379709005355835,12.501481924206018,2.3509922362864017,10.150489687919617
0.0003,11350,33.67952522255193,34,3.39375,14.162352997809649,1.5591732263565063,12.603179771453142,2.297041852027178,10.306137919425964
0.0003,11400,33.82789317507418,34,3.4087499999999995,14.16085672006011,1.5712208151817322,12.589635904878378,2.3113145790994167,10.278321325778961
0.0003,11450,33.97626112759644,34,3.4237499999999996,14.194001346826553,1.5486746430397034,12.64532670378685,2.3358151018619537,10.309511601924896
0.0003,11500,34.124629080118694,35,3.4387499999999998,14.334305379539728,1.4894928336143494,12.844812545925379,2.363864276558161,10.480948269367218
0.0003,11550,34.27299703264095,35,3.45375,14.355776648968458,1.6152830719947815,12.740493576973677,2.28298507258296,10.457508504390717
0.0003,11600,34.4213649851632,35,3.4687499999999996,14.355286829173565,1.5317408442497253,12.82354598492384,2.3440594598650932,10.479486525058746
0.0003,11650,34.56973293768546,35,3.4837499999999997,14.345970880240202,1.5547603368759155,12.791210543364286,2.314737092703581,10.476473450660706
0.0003,11700,34.718100890207715,35,3.49875,14.291485488414764,1.5097628831863403,12.781722605228424,2.3734530806541443,10.40826952457428
0.0003,11750,34.86646884272997,35,3.5137499999999995,14.32936830073595,1.56546151638031,12.76390678435564,2.3237788155674934,10.440127968788147
0.0003,11800,35.01483679525222,36,3.5287499999999996,14.351116251200438,1.6007887125015259,12.750327538698912,2.2928786985576153,10.457448840141296
0.0003,11850,35.16320474777448,36,3.5437499999999997,14.47514171898365,1.5296615362167358,12.945480182766914,2.3514470607042313,10.594033122062683
0.0003,11900,35.311572700296736,36,3.55875,14.551576156169176,1.5707408785820007,12.980835277587175,2.3349793143570423,10.645855963230133
0.0003,11950,35.45994065281899,36,3.5737499999999995,14.442294668406248,1.651219367980957,12.791075300425291,2.2540117017924786,10.537063598632812
0.0003,12000,35.60830860534124,36,3.5887499999999997,14.410160385072231,1.5765018463134766,12.833658538758755,2.3207932338118553,10.5128653049469
0.0003,12050,35.7566765578635,36,3.60375,14.418992850929499,1.5427119731903076,12.876280877739191,2.3804653622210026,10.495815515518188
0.0003,12100,35.90504451038576,36,3.6187499999999995,14.421246759593487,1.6734362244606018,12.747810535132885,2.244365207850933,10.503445327281952
0.0003,12150,36.053412462908014,37,3.6337499999999996,14.551550354808569,1.5292195677757263,13.022330787032843,2.3506521843373775,10.671678602695465
0.0003,12200,36.201780415430264,37,3.6487499999999997,14.66067973151803,1.5522882342338562,13.108391497284174,2.366604719310999,10.741786777973175
0.0003,12250,36.35014836795252,37,3.66375,14.573671579360962,1.5674275159835815,13.00624406337738,2.3444035053253174,10.661840558052063
0.0003,12300,36.49851632047478,37,3.6787499999999995,14.48393539339304,1.6283191442489624,12.855616249144077,2.291421450674534,10.564194798469543
0.0003,12350,36.646884272997035,37,3.6937499999999996,14.529241919517517,1.6076568365097046,12.921585083007812,2.31922447681427,10.602360606193542
0.0003,12400,36.795252225519285,37,3.7087499999999998,14.593512497842312,1.6229630708694458,12.970549426972866,2.3065640553832054,10.66398537158966
0.0003,12450,36.94362017804154,37,3.72375,14.636833373457193,1.6787590980529785,12.958074275404215,2.237983886152506,10.720090389251709
0.0003,12500,37.0919881305638,38,3.7387499999999996,14.66922839358449,1.6417670845985413,13.027461308985949,2.285894710570574,10.741566598415375
0.0003,12550,37.240356083086056,38,3.7537499999999997,14.765386205166578,1.6222559213638306,13.143130283802748,2.307415585964918,10.83571469783783
0.0003,12600,37.388724035608305,38,3.76875,14.693954426795244,1.6292684674263,13.064685959368944,2.2816013880074024,10.783084571361542
0.0003,12650,37.53709198813056,38,3.7837499999999995,14.59745393320918,1.6069692373275757,12.990484695881605,2.3309503607451916,10.659534335136414
0.0003,12700,37.68545994065282,38,3.7987499999999996,14.672689754515886,1.6485168933868408,13.024172861129045,2.2758329696953297,10.748339891433716
0.0003,12750,37.833827893175076,38,3.8137499999999998,14.750643391162157,1.620505690574646,13.130137700587511,2.3203438706696033,10.809793829917908
0.0003,12800,37.982195845697326,38,3.82875,14.762301001697779,1.6451871395111084,13.11711386218667,2.313113246113062,10.804000616073608
0.0003,12850,38.13056379821958,39,3.8437499999999996,14.884297899901867,1.6309727430343628,13.253325156867504,2.316270165145397,10.937054991722107
0.0003,12900,38.27893175074184,39,3.8587499999999997,14.875712387263775,1.6397279500961304,13.235984437167645,2.3203713819384575,10.915613055229187
0.0003,12950,38.4272997032641,39,3.87375,14.89364179968834,1.7224584817886353,13.171183317899704,2.2287741601467133,10.94240915775299
0.0003,13000,38.57566765578635,39,3.8887499999999995,14.868043154478073,1.6641313433647156,13.203911811113358,2.2739321887493134,10.929979622364044
0.0003,13050,38.724035608308604,39,3.9037499999999996,14.772615399211645,1.6975562572479248,13.07505914196372,2.2811636589467525,10.793895483016968
0.0003,13100,38.87240356083086,39,3.9187499999999997,14.844210803508759,1.7730319499969482,13.07117885351181,2.2080344557762146,10.863144397735596
0.0003,13150,39.02077151335312,40,3.93375,14.914554726332426,1.7136202454566956,13.20093448087573,2.2729233615100384,10.928011119365692
0.0003,13200,39.16913946587537,40,3.9487499999999995,15.061429634690285,1.6601451635360718,13.401284471154213,2.318794384598732,11.082490086555481
0.0003,13250,39.317507418397625,40,3.9637499999999997,15.097108513116837,1.6727498769760132,13.424358636140823,2.3033291399478912,11.121029496192932
0.0003,13300,39.46587537091988,40,3.97875,14.900345105677843,1.7160305976867676,13.184314507991076,2.2526650615036488,10.931649446487427
0.0003,13350,39.61424332344214,40,3.9937499999999995,14.992728482931852,1.6651635766029358,13.327564906328917,2.2959559075534344,11.031608998775482
0.0003,13400,39.76261127596439,40,4.00875,14.939402248710394,1.7094478607177734,13.22995438799262,2.257447149604559,10.972507238388062
0.0003,13450,39.910979228486646,40,4.02375,14.997738547623158,1.7930096983909607,13.204728849232197,2.2218670323491096,10.982861816883087
0.0003,13500,40.0593471810089,41,4.038749999999999,15.086780320852995,1.750932514667511,13.335847806185484,2.2138383500277996,11.122009456157684
0.0003,13550,40.20771513353116,41,4.05375,15.181157723069191,1.670900046825409,13.510257676243782,2.3047267347574234,11.205530941486359
0.0003,13600,40.35608308605341,41,4.06875,15.157197292894125,1.7336243391036987,13.423572953790426,2.2396500669419765,11.18392288684845
0.0003,13650,40.50445103857567,41,4.083749999999999,15.082533281296492,1.6535196900367737,13.429013591259718,2.31964198872447,11.109371602535248
0.0003,13700,40.652818991097924,41,4.09875,15.068073756992817,1.7485382556915283,13.319535501301289,2.2498102262616158,11.069725275039673
0.0003,13750,40.80118694362018,41,4.11375,15.082541085779667,1.7680588960647583,13.314482189714909,2.209393359720707,11.105088829994202
0.0003,13800,40.94955489614243,41,4.128749999999999,15.154367234557867,1.8328209519386292,13.321546282619238,2.1817946694791317,11.139751613140106
0.0003,13850,41.09792284866469,42,4.14375,15.128672134131193,1.7837516069412231,13.34492052718997,2.211665164679289,11.133255362510681
0.0003,13900,41.246290801186944,42,4.1587499999999995,15.331216916441917,1.7863811254501343,13.544835790991783,2.231372222304344,11.313463568687439
0.0003,13950,41.3946587537092,42,4.17375,15.254329819232225,1.7967923879623413,13.457537431269884,2.209712643176317,11.247824788093567
0.0003,14000,41.54302670623145,42,4.18875,15.166452128440142,1.8085535168647766,13.357898611575365,2.177657086402178,11.180241525173187
0.0003,14050,41.69139465875371,42,4.203749999999999,15.183133132755756,1.7436404824256897,13.439492650330067,2.252834089100361,11.186658561229706
0.0003,14100,41.839762611275965,42,4.21875,15.311908442527056,1.7977983951568604,13.514110047370195,2.217917639762163,11.296192407608032
0.0003,14150,41.98813056379822,42,4.23375,15.23988257907331,1.7433865070343018,13.496496072039008,2.2933095600456,11.203186511993408
0.0003,14200,42.13649851632047,43,4.248749999999999,15.41553070768714,1.7739587426185608,13.641571965068579,2.2356548570096493,11.40591710805893
0.0003,14250,42.28486646884273,43,4.26375,15.37426882609725,1.828019380569458,13.546249445527792,2.2204125486314297,11.325836896896362
0.0003,14300,42.433234421364986,43,4.27875,15.428252659738064,1.8055367469787598,13.622715912759304,2.237926445901394,11.38478946685791
0.0003,14350,42.58160237388724,43,4.293749999999999,15.402475003153086,1.7799152135849,13.622559789568186,2.2024692334234715,11.420090556144714
0.0003,14400,42.72997032640949,43,4.30875,15.31424774043262,1.7836925983428955,13.530555142089725,2.2512043844908476,11.279350757598877
0.0003,14450,42.87833827893175,43,4.3237499999999995,15.30530227161944,1.8189990520477295,13.48630321957171,2.217922816053033,11.268380403518677
0.0003,14500,43.02670623145401,44,4.338749999999999,15.405018465593457,1.7866134643554688,13.618405001237988,2.266679184511304,11.351725816726685
0.0003,14550,43.175074183976264,44,4.35375,15.512095235288143,1.7740331888198853,13.738062046468258,2.2785542234778404,11.459507822990417
0.0003,14600,43.323442136498514,44,4.3687499999999995,15.5167688857764,1.8147231340408325,13.702045751735568,2.232867194339633,11.469178557395935
0.0003,14650,43.47181008902077,44,4.38375,15.420303715392947,1.770750880241394,13.649552835151553,2.251223696395755,11.398329138755798
0.0003,14700,43.62017804154303,44,4.39875,15.460257172584534,1.8033429980278015,13.656914174556732,2.2310584783554077,11.425855696201324
0.0003,14750,43.768545994065285,44,4.413749999999999,15.365606172010303,1.7627767324447632,13.60282943956554,2.288642270490527,11.314187169075012
0.0003,14800,43.916913946587535,44,4.42875,15.496070887893438,1.897153615951538,13.5989172719419,2.166510369628668,11.432406902313232
0.0003,14850,44.06528189910979,45,4.44375,15.563138585537672,1.8722003698349,13.690938215702772,2.1910339407622814,11.49990427494049
0.0003,14900,44.21364985163205,45,4.458749999999999,15.654251456260681,1.8407971858978271,13.813454270362854,2.2231534719467163,11.590300798416138
0.0003,14950,44.362017804154306,45,4.47375,15.595496889203787,1.7988933324813843,13.796603556722403,2.2483868561685085,11.548216700553894
0.0003,15000,44.510385756676556,45,4.48875,15.476643992587924,1.8110655546188354,13.665578437969089,2.2279271613806486,11.43765127658844
0.0003,15050,44.65875370919881,45,4.503749999999999,15.476765425875783,1.8571114540100098,13.619653971865773,2.2106161434203386,11.409037828445435
0.0003,15100,44.80712166172107,45,4.51875,15.577661704272032,1.886574625968933,13.691087078303099,2.173029135912657,11.518057942390442
0.0003,15150,44.95548961424333,45,4.5337499999999995,15.594408137723804,1.903327226638794,13.69108091108501,2.189778668805957,11.501302242279053
0.0003,15200,45.103857566765576,46,4.548749999999999,15.603914830833673,1.7498764991760254,13.854038331657648,2.2976027466356754,11.556435585021973
0.0003,15250,45.25222551928783,46,4.56375,15.751512924209237,1.833583950996399,13.917928973212838,2.266989866271615,11.650939106941223
0.0003,15300,45.40059347181009,46,4.578749999999999,15.631934991106391,1.9296972751617432,13.702237715944648,2.1443713810294867,11.557866334915161
0.0003,15350,45.54896142433235,46,4.59375,15.60231202468276,1.8759649991989136,13.726347025483847,2.1795853935182095,11.546761631965637
0.0003,15400,45.6973293768546,46,4.60875,15.609300469979644,1.9634647369384766,13.645835733041167,2.1215861793607473,11.52424955368042
0.0003,15450,45.845697329376854,46,4.623749999999999,15.75202763453126,1.8702882528305054,13.881739381700754,2.2416559495031834,11.64008343219757
0.0003,15500,45.99406528189911,46,4.63875,15.691203581169248,1.8935039043426514,13.797699676826596,2.2194249499589205,11.578274726867676
0.0003,15550,46.14243323442137,47,4.65375,15.890436863526702,1.8755940198898315,14.01484284363687,2.1872291322797537,11.827613711357117
0.0003,15600,46.29080118694362,47,4.668749999999999,15.849990950897336,1.8587992191314697,13.991191731765866,2.2675105202943087,11.723681211471558
0.0003,15650,46.439169139465875,47,4.68375,15.839589225128293,1.9615639448165894,13.878025280311704,2.154270278289914,11.72375500202179
0.0003,15700,46.58753709198813,47,4.6987499999999995,15.805905878543854,1.8389478921890259,13.966957986354828,2.2218366265296936,11.745121359825134
0.0003,15750,46.73590504451039,47,4.713749999999999,15.730016022920609,1.8514639139175415,13.878552109003067,2.2329037487506866,11.64564836025238
0.0003,15800,46.88427299703264,47,4.72875,15.76916335336864,1.8371859788894653,13.931977374479175,2.2446963619440794,11.687281012535095
0.0003,15850,47.032640949554896,48,4.7437499999999995,15.866633351892233,1.9163472652435303,13.950286086648703,2.2139744125306606,11.736311674118042
0.0003,15900,47.18100890207715,48,4.758749999999999,15.939686825498939,1.8504362106323242,14.089250614866614,2.2534239795058966,11.835826635360718
0.0003,15950,47.32937685459941,48,4.77375,15.958606127649546,1.8403267860412598,14.118279341608286,2.269261483103037,11.849017858505249
0.0003,16000,47.47774480712166,48,4.788749999999999,15.896069506183267,1.9112153053283691,13.984854200854897,2.192233541980386,11.792620658874512
0.0003,16050,47.62611275964392,48,4.80375,15.796111339703202,1.9761700630187988,13.819941276684403,2.1266927663236856,11.693248510360718
0.0003,16100,47.774480712166174,48,4.81875,15.904422603547573,1.9711922407150269,13.933230362832546,2.179143510758877,11.75408685207367
0.0003,16150,47.92284866468843,48,4.833749999999999,15.833117356523871,1.9663190841674805,13.866798272356391,2.162341943010688,11.704456329345703
0.0003,16200,48.07121661721068,49,4.84875,16.01077438890934,1.938513159751892,14.072261229157448,2.176487222313881,11.895774006843567
0.0003,16250,48.21958456973294,49,4.86375,16.07230975292623,1.8746960163116455,14.197613736614585,2.24382664822042,11.953787088394165
0.0003,16300,48.367952522255194,49,4.878749999999999,15.956872787326574,1.8788299560546875,14.078042831271887,2.2089651487767696,11.869077682495117
0.0003,16350,48.51632047477745,49,4.89375,15.943251989781857,1.8954145908355713,14.047837398946285,2.231158636510372,11.816678762435913
0.0003,16400,48.6646884272997,49,4.9087499999999995,15.89127223752439,1.9578384160995483,13.933433821424842,2.186930349096656,11.746503472328186
0.0003,16450,48.81305637982196,49,4.923749999999999,15.955979334190488,1.914415717124939,14.041563617065549,2.2248616088181734,11.816702008247375
0.0003,16500,48.961424332344215,49,4.93875,16.00096638686955,1.9805974960327148,14.020368890836835,2.1809564400464296,11.839412450790405
0.0003,16550,49.10979228486647,50,4.953749999999999,16.056865828111768,1.9090774059295654,14.147788422182202,2.206221716478467,11.941566705703735
0.0003,16600,49.25816023738872,50,4.96875,16.119067676365376,2.0100802183151245,14.108987458050251,2.176254279911518,11.932733178138733
0.0003,16650,49.40652818991098,50,4.98375,16.057021064683795,1.9567943811416626,14.100226683542132,2.1859170626848936,11.914309620857239
0.0003,16700,49.554896142433236,50,4.998749999999999,15.977944448590279,1.9448089599609375,14.033135488629341,2.161834791302681,11.87130069732666
0.0003,16750,49.70326409495549,50,5.01375,16.080221017822623,1.9232690334320068,14.156951984390616,2.2244573440402746,11.932494640350342
0.0003,16800,49.85163204747774,50,5.02875,16.08624679222703,2.0386427640914917,14.047604028135538,2.1508660949766636,11.896737933158875
0.0003,16850,50.0,50,5.043749999999999,16.09519800916314,1.9502687454223633,14.144929263740778,2.18739590421319,11.957533359527588
0.0003,16900,50.14836795252226,51,5.05875,16.313591780140996,1.9300063848495483,14.383585395291448,2.212205471470952,12.171379923820496
0.0003,16950,50.29673590504451,51,5.0737499999999995,16.366295535117388,2.021450400352478,14.34484513476491,2.1461126394569874,12.198732495307922
0.0003,17000,50.445103857566764,51,5.088749999999999,16.15287707000971,2.0980896949768066,14.054787375032902,2.075721003115177,11.979066371917725
0.0003,17050,50.59347181008902,51,5.10375,16.084029896184802,1.9506698846817017,14.1333600115031,2.19582556001842,11.93753445148468
0.0003,17100,50.74183976261128,51,5.1187499999999995,16.21401972696185,1.9481501579284668,14.265869569033384,2.1812166683375835,12.0846529006958
0.0003,17150,50.89020771513353,51,5.133749999999999,16.155054967850447,2.0003775358200073,14.15467743203044,2.1673814468085766,11.987295985221863
0.0003,17200,51.038575667655785,52,5.14875,16.257733326405287,2.0084311962127686,14.249302130192518,2.173108797520399,12.07619333267212
0.0003,17250,51.18694362017804,52,5.163749999999999,16.405362954363227,2.0256810188293457,14.379681935533881,2.183552136644721,12.19612979888916
0.0003,17300,51.3353115727003,52,5.17875,16.382945025339723,1.944398045539856,14.438546979799867,2.2263009194284678,12.212246060371399
0.0003,17350,51.48367952522255,52,5.19375,16.17918529175222,2.02663254737854,14.15255274437368,2.1564873661845922,11.996065378189087
0.0003,17400,51.632047477744806,52,5.208749999999999,16.26841066777706,2.0186359882354736,14.249774679541588,2.16135810315609,12.088416576385498
0.0003,17450,51.78041543026706,52,5.22375,16.28460560552776,2.070778012275696,14.213827593252063,2.1436897348612547,12.070137858390808
0.0003,17500,51.92878338278932,52,5.23875,16.253508802503347,2.060335874557495,14.193172927945852,2.1458737812936306,12.047299146652222
0.0003,17550,52.07715133531157,53,5.253749999999999,16.38671901077032,1.980769395828247,14.405949614942074,2.1833613142371178,12.222588300704956
0.0003,17600,52.225519287833826,53,5.26875,16.387006940320134,1.951436996459961,14.435569943860173,2.2271921057254076,12.208377838134766
0.0003,17650,52.37388724035608,53,5.2837499999999995,16.48322702012956,2.0083683729171753,14.474858647212386,2.1387686785310507,12.336089968681335
0.0003,17700,52.52225519287834,53,5.298749999999999,16.301082339137793,2.009690523147583,14.29139181599021,2.186311449855566,12.105080366134644
0.0003,17750,52.67062314540059,53,5.31375,16.348508393391967,1.9730489253997803,14.375459467992187,2.1944148894399405,12.181044578552246
0.0003,17800,52.81899109792285,53,5.328749999999999,16.373581452295184,2.060315489768982,14.313265962526202,2.1441812943667173,12.169084668159485
0.0003,17850,52.967359050445104,53,5.343749999999999,16.290018670260906,2.0954957008361816,14.194522969424725,2.133031003177166,12.061491966247559
0.0003,17900,53.11572700296736,54,5.35875,16.408711621537805,2.0111817121505737,14.39752990938723,2.1742360088974237,12.223293900489807
0.0003,17950,53.26409495548961,54,5.373749999999999,16.54548718035221,2.140397787094116,14.405089393258095,2.100186124444008,12.304903268814087
0.0003,18000,53.41246290801187,54,5.38875,16.404931312426925,2.1668206453323364,14.238110667094588,2.0532717760652304,12.184838891029358
0.0003,18050,53.560830860534125,54,5.40375,16.433044992387295,1.9641494750976562,14.468895517289639,2.1930495128035545,12.275846004486084
0.0003,18100,53.70919881305638,54,5.418749999999999,16.45432692207396,1.9446742534637451,14.509652668610215,2.2183611933141947,12.29129147529602
0.0003,18150,53.85756676557863,54,5.43375,16.489010205492377,2.004621982574463,14.484388222917914,2.2139998581260443,12.27038836479187
0.0003,18200,54.00593471810089,55,5.4487499999999995,16.46147278510034,2.010229229927063,14.451243555173278,2.151515042409301,12.299728512763977
0.0003,18250,54.154302670623146,55,5.463749999999999,16.727797346189618,2.070071220397949,14.657726125791669,2.163130836561322,12.494595289230347
0.0003,18300,54.3026706231454,55,5.47875,16.68052656389773,2.0501657724380493,14.63036079145968,2.1596017573028803,12.4707590341568
0.0003,18350,54.45103857566765,55,5.4937499999999995,16.54539815336466,2.0834155082702637,14.461982645094395,2.144334949553013,12.317647695541382
0.0003,18400,54.59940652818991,55,5.508749999999999,16.516400810331106,2.09087872505188,14.425522085279226,2.1402089558541775,12.285313129425049
0.0003,18450,54.74777448071217,55,5.52375,16.512397782877088,2.001231074333191,14.511166708543897,2.194130914285779,12.317035794258118
0.0003,18500,54.896142433234424,55,5.538749999999999,16.5562362652272,2.101733922958374,14.454502342268825,2.1200113277882338,12.33449101448059
0.0003,18550,55.04451038575667,56,5.553749999999999,16.66798848286271,2.06212055683136,14.605867926031351,2.1819996275007725,12.423868298530579
0.0003,18600,55.19287833827893,56,5.56875,16.761715594679117,2.058947205543518,14.7027683891356,2.1922282613813877,12.510540127754211
0.0003,18650,55.34124629080119,56,5.583749999999999,16.735876213759184,1.9811615943908691,14.754714619368315,2.204839836806059,12.549874782562256
0.0003,18700,55.489614243323444,56,5.59875,16.683295661583543,2.130175471305847,14.553120190277696,2.1253864113241434,12.427733778953552
0.0003,18750,55.637982195845694,56,5.61375,16.62779407761991,2.064582943916321,14.56321113370359,2.149155667051673,12.414055466651917
0.0003,18800,55.78635014836795,56,5.628749999999999,16.58526705019176,2.1248196363449097,14.46044741384685,2.124134762212634,12.336312651634216
0.0003,18850,55.93471810089021,56,5.64375,16.647103225812316,2.205564022064209,14.441539203748107,2.0832008477300406,12.358338356018066
0.0003,18900,56.083086053412465,57,5.6587499999999995,16.711524203419685,2.0657848119735718,14.645739391446114,2.1697387248277664,12.476000666618347
0.0003,18950,56.231454005934715,57,5.673749999999999,16.715804444625974,2.1229965686798096,14.592807875946164,2.1097596753388643,12.4830482006073
0.0003,19000,56.37982195845697,57,5.68875,16.680543020367622,2.1040780544281006,14.576464965939522,2.1153746396303177,12.461090326309204
0.0003,19050,56.52818991097923,57,5.703749999999999,16.713884139433503,2.106036067008972,14.607848072424531,2.174105430021882,12.433742642402649
0.0003,19100,56.676557863501486,57,5.718749999999999,16.63564551435411,2.0782870054244995,14.55735850892961,2.153684502467513,12.403674006462097
0.0003,19150,56.824925816023736,57,5.73375,16.70939001813531,2.1051934957504272,14.604196522384882,2.1443384625017643,12.459858059883118
0.0003,19200,56.97329376854599,57,5.748749999999999,16.744455456733704,2.158310651779175,14.586144804954529,2.1231714487075806,12.462973356246948
0.0003,19250,57.12166172106825,58,5.76375,16.848391154780984,2.118270516395569,14.730120638385415,2.1191822085529566,12.610938429832458
0.0003,19300,57.27002967359051,58,5.77875,16.940881652757525,2.1188273429870605,14.822054309770465,2.1550511550158262,12.667003154754639
0.0003,19350,57.41839762611276,58,5.793749999999999,16.730227675288916,2.2654457092285156,14.4647819660604,2.0636312626302242,12.401150703430176
0.0003,19400,57.566765578635014,58,5.80875,16.836793607100844,2.0711781978607178,14.765615409240127,2.162954991683364,12.602660417556763
0.0003,19450,57.71513353115727,58,5.8237499999999995,16.767793402075768,2.0999293327331543,14.667864069342613,2.108788475394249,12.559075593948364
0.0003,19500,57.86350148367953,58,5.838749999999999,16.756058370694518,2.0756826400756836,14.680375730618834,2.1720441933721304,12.508331537246704
0.0003,19550,58.01186943620178,59,5.85375,16.91635888069868,2.0844571590423584,14.831901721656322,2.1245600506663322,12.70734167098999
0.0003,19600,58.160237388724035,59,5.8687499999999995,17.06576442718506,2.172838807106018,14.89292562007904,2.1350958347320557,12.757829785346985
0.0003,19650,58.30860534124629,59,5.883749999999999,17.034964548423886,2.0640244483947754,14.970940100029111,2.181244121864438,12.789695978164673
0.0003,19700,58.45697329376855,59,5.89875,17.007934868335724,2.1895846128463745,14.81835025548935,2.0897732377052307,12.728577017784119
0.0003,19750,58.6053412462908,59,5.913749999999999,16.808081064373255,2.1704808473587036,14.637600217014551,2.141178760677576,12.496421456336975
0.0003,19800,58.753709198813056,59,5.928749999999999,16.85844882018864,2.0914818048477173,14.766967015340924,2.157639579847455,12.60932743549347
0.0003,19850,58.90207715133531,59,5.94375,16.9325538482517,2.147229790687561,14.78532405756414,2.133396467193961,12.651927590370178
0.0003,19900,59.05044510385757,60,5.958749999999999,16.977094493806362,2.099560856819153,14.87753363698721,2.178968273103237,12.698565363883972
0.0003,19950,59.19881305637982,60,5.97375,17.116640558466315,2.1377545595169067,14.978885998949409,2.1387989427894354,12.840087056159973
0.0003,20000,59.347181008902076,60,5.98875,17.04288516752422,2.1083550453186035,14.934530122205615,2.118790490552783,12.815739631652832
0.0006,50,0.14836795252225518,1,0.013068181818181817,-0.0433579683303833,-0.06040918827056885,0.017051219940185547,0.837531566619873,-0.8204803466796875
0.0006,100,0.29673590504451036,1,0.0375,0.004580140113830566,0.024152398109436035,-0.01957225799560547,0.6956343650817871,-0.7152066230773926
0.0006,150,0.44510385756676557,1,0.06749999999999999,0.027858614921569824,0.001834869384765625,0.0260237455368042,0.5730633735656738,-0.5470396280288696
0.0006,200,0.5934718100890207,1,0.09749999999999999,-0.03600931167602539,-0.023828983306884766,-0.012180328369140625,0.4145932197570801,-0.4267735481262207
0.0006,250,0.7418397626112759,1,0.1275,-0.007758498191833496,-0.01702094078063965,0.009262442588806152,0.3917555809020996,-0.38249313831329346
0.0006,300,0.8902077151335311,1,0.15749999999999997,-0.04494047164916992,-0.033683180809020996,-0.011257290840148926,0.3094186782836914,-0.32067596912384033
0.0006,350,1.0385756676557865,2,0.18749999999999997,0.17384326457977295,-0.029152870178222656,0.2029961347579956,0.449373722076416,-0.2463775873184204
0.0006,400,1.1869436201780414,2,0.21749999999999997,0.9079813957214355,-0.03336632251739502,0.9413477182388306,0.9877021312713623,-0.04635441303253174
0.0006,450,1.3353115727002967,2,0.24749999999999997,1.1607608795166016,-0.03361964225769043,1.194380521774292,1.0354955196380615,0.15888500213623047
0.0006,500,1.4836795252225519,2,0.27749999999999997,1.1632816791534424,-0.004262447357177734,1.1675441265106201,0.8959577083587646,0.27158641815185547
0.0006,550,1.632047477744807,2,0.3075,1.1690964698791504,0.013341903686523438,1.155754566192627,0.8282697200775146,0.3274848461151123
0.0006,600,1.7804154302670623,2,0.33749999999999997,1.1736582517623901,-0.013568282127380371,1.1872265338897705,0.7351484298706055,0.45207810401916504
0.0006,650,1.9287833827893175,2,0.3675,1.1915780305862427,-0.017725706100463867,1.2093037366867065,0.6548097133636475,0.5544940233230591
0.0006,700,2.077151335311573,3,0.39749999999999996,1.8146284818649292,-0.048066139221191406,1.8626946210861206,0.9758694171905518,0.8868252038955688
0.0006,750,2.2255192878338277,3,0.42749999999999994,2.3425166606903076,-0.07211685180664062,2.4146335124969482,1.2257475852966309,1.1888859272003174
0.0006,800,2.373887240356083,3,0.45749999999999996,2.5056095123291016,0.02029520273208618,2.4853143095970154,1.1573858261108398,1.3279284834861755
0.0006,850,2.522255192878338,3,0.48749999999999993,2.505675196647644,-0.047043442726135254,2.5527186393737793,1.116882562637329,1.4358360767364502
0.0006,900,2.6706231454005933,3,0.5175,2.620245933532715,-0.05263608694076538,2.6728820204734802,1.0783302783966064,1.5945517420768738
0.0006,950,2.8189910979228485,3,0.5475,2.685450792312622,-0.009344398975372314,2.6947951912879944,1.0759851932525635,1.618809998035431
0.0006,1000,2.9673590504451037,3,0.5774999999999999,2.7064294815063477,0.025231122970581055,2.6811983585357666,1.001758337020874,1.6794400215148926
0.0006,1050,3.115727002967359,4,0.6074999999999999,3.326865315437317,0.0049207210540771484,3.3219445943832397,1.3055706024169922,2.0163739919662476
0.0006,1100,3.264094955489614,4,0.6375,3.5170267820358276,0.049249470233917236,3.4677773118019104,1.358339548110962,2.1094377636909485
0.0006,1150,3.4124629080118694,4,0.6675,3.6261775493621826,0.09436303377151489,3.5318145155906677,1.3399109840393066,2.191903531551361
0.0006,1200,3.5608308605341246,4,0.6974999999999999,3.670466661453247,0.028241872787475586,3.6422247886657715,1.3931732177734375,2.249051570892334
0.0006,1250,3.7091988130563798,4,0.7274999999999999,3.7160654067993164,-0.012425661087036133,3.7284910678863525,1.42630934715271,2.3021817207336426
0.0006,1300,3.857566765578635,4,0.7575,3.8439539670944214,-0.009182512760162354,3.8531364798545837,1.4346423149108887,2.418494164943695
0.0006,1350,4.005934718100891,5,0.7875,3.936192274093628,0.0665280818939209,3.869664192199707,1.4412885904312134,2.4283756017684937
0.0006,1400,4.154302670623146,5,0.8174999999999999,4.323373794555664,0.05234384536743164,4.271029949188232,1.550510287284851,2.7205196619033813
0.0006,1450,4.3026706231454,5,0.8474999999999999,4.403820753097534,0.06729423999786377,4.33652651309967,1.6241647005081177,2.7123618125915527
0.0006,1500,4.451038575667655,5,0.8775,4.448834180831909,0.07262271642684937,4.37621146440506,1.6343098878860474,2.7419015765190125
0.0006,1550,4.599406528189911,5,0.9075,4.687114357948303,0.10170924663543701,4.585405111312866,1.676201343536377,2.9092037677764893
0.0006,1600,4.747774480712166,5,0.9374999999999999,4.6785359382629395,0.08477336168289185,4.593762576580048,1.6441715955734253,2.9495909810066223
0.0006,1650,4.896142433234421,5,0.9674999999999999,4.77589213848114,0.12778764963150024,4.64810448884964,1.6609128713607788,2.987191617488861
0.0006,1700,5.044510385756676,6,0.9974999999999999,4.980377197265625,0.10269862413406372,4.877678573131561,1.7622308731079102,3.115447700023651
0.0006,1750,5.192878338278931,6,1.0274999999999999,5.279043078422546,0.09408015012741089,5.1849629282951355,1.7950434684753418,3.3899194598197937
0.0006,1800,5.341246290801187,6,1.0574999999999999,5.234380722045898,0.12608814239501953,5.108292579650879,1.7907898426055908,3.317502737045288
0.0006,1850,5.489614243323442,6,1.0875,5.292923092842102,0.18335044384002686,5.109572649002075,1.7586349248886108,3.3509377241134644
0.0006,1900,5.637982195845697,6,1.1175,5.423233509063721,0.1407737135887146,5.282459795475006,1.871066689491272,3.411393105983734
0.0006,1950,5.786350148367952,6,1.1475,5.489022970199585,0.18753498792648315,5.301487982273102,1.820319652557373,3.4811683297157288
0.0006,2000,5.9347181008902075,6,1.1775,5.689011931419373,0.2552505135536194,5.433761417865753,1.8128100633621216,3.6209513545036316
0.0006,2050,6.083086053412463,7,1.2074999999999998,5.936397671699524,0.18189960718154907,5.754498064517975,1.9429935216903687,3.811504542827606
0.0006,2100,6.231454005934718,7,1.2374999999999998,6.084363698959351,0.25135815143585205,5.8330055475234985,1.909134864807129,3.9238706827163696
0.0006,2150,6.379821958456973,7,1.2674999999999998,6.071320176124573,0.22879385948181152,5.842526316642761,1.9759700298309326,3.8665562868118286
0.0006,2200,6.528189910979228,7,1.2974999999999999,6.228013634681702,0.18840008974075317,6.0396135449409485,2.024851441383362,4.014762103557587
0.0006,2250,6.6765578635014835,7,1.3275,6.42066490650177,0.26044827699661255,6.1602166295051575,2.020717740058899,4.1394988894462585
0.0006,2300,6.824925816023739,7,1.3575,6.462802350521088,0.23421025276184082,6.228592097759247,2.0999558568000793,4.1286362409591675
0.0006,2350,6.973293768545994,7,1.3875,6.5569974184036255,0.2860259413719177,6.270971477031708,2.0774797201156616,4.193491756916046
0.0006,2400,7.121661721068249,8,1.4175,6.89383065700531,0.29971277713775635,6.594117879867554,2.075189471244812,4.518928408622742
0.0006,2450,7.270029673590504,8,1.4474999999999998,6.866734087467194,0.24122869968414307,6.6255053877830505,2.193378508090973,4.432126879692078
0.0006,2500,7.4183976261127595,8,1.4774999999999998,6.889985978603363,0.34442591667175293,6.54556006193161,2.050444543361664,4.495115518569946
0.0006,2550,7.566765578635015,8,1.5074999999999998,7.097380220890045,0.29913026094436646,6.798249959945679,2.1709994673728943,4.627250492572784
0.0006,2600,7.71513353115727,8,1.5374999999999999,7.192810654640198,0.3524712920188904,6.840339362621307,2.139636278152466,4.7007030844688416
0.0006,2650,7.863501483679525,8,1.5675,7.300680100917816,0.3005062937736511,7.000173807144165,2.2648341059684753,4.73533970117569
0.0006,2700,8.011869436201781,9,1.5975,7.5035120844841,0.3896680474281311,7.113844037055969,2.1943036913871765,4.919540345668793
0.0006,2750,8.160237388724036,9,1.6275,7.745288550853729,0.3219206929206848,7.423367857933044,2.301360309123993,5.1220075488090515
0.0006,2800,8.308605341246292,9,1.6574999999999998,7.753045201301575,0.29923009872436523,7.4538151025772095,2.334875464439392,5.118939638137817
0.0006,2850,8.456973293768545,9,1.6874999999999998,7.845452308654785,0.40860289335250854,7.436849415302277,2.3039088249206543,5.132940590381622
0.0006,2900,8.6053412462908,9,1.7174999999999998,8.000384092330933,0.34533023834228516,7.6550538539886475,2.3849315643310547,5.270122289657593
0.0006,2950,8.753709198813056,9,1.7474999999999998,8.114896535873413,0.37642234563827515,7.738474190235138,2.3879425525665283,5.35053163766861
0.0006,3000,8.90207715133531,9,1.7774999999999999,8.207844913005829,0.39717525243759155,7.810669660568237,2.3835243582725525,5.427145302295685
0.0006,3050,9.050445103857566,10,1.8074999999999999,8.322491884231567,0.3652231693267822,7.957268714904785,2.451847791671753,5.505420923233032
0.0006,3100,9.198813056379821,10,1.8375,8.48746943473816,0.4182835817337036,8.069185853004456,2.4092376232147217,5.659948229789734
0.0006,3150,9.347181008902076,10,1.8675,8.45455726981163,0.46103566884994507,7.993521600961685,2.3741775453090668,5.619344055652618
0.0006,3200,9.495548961424332,10,1.8974999999999997,8.704412281513214,0.44084036350250244,8.263571918010712,2.4451425671577454,5.818429350852966
0.0006,3250,9.643916913946587,10,1.9274999999999998,8.69724190235138,0.45464086532592773,8.242601037025452,2.4131563901901245,5.829444646835327
0.0006,3300,9.792284866468842,10,1.9574999999999998,8.759231597185135,0.4566064476966858,8.302625149488449,2.4306476414203644,5.871977508068085
0.0006,3350,9.940652818991097,10,1.9874999999999998,8.979191333055496,0.4598926305770874,8.519298702478409,2.491646319627762,6.027652382850647
0.0006,3400,10.089020771513352,11,2.0174999999999996,9.130169123411179,0.5475890636444092,8.58258005976677,2.416499823331833,6.1660802364349365
0.0006,3450,10.237388724035608,11,2.0475,9.153610616922379,0.5025040507316589,8.65110656619072,2.4445034563541412,6.206603109836578
0.0006,3500,10.385756676557863,11,2.0774999999999997,9.11488351225853,0.45952028036117554,8.655363231897354,2.526355117559433,6.129008114337921
0.0006,3550,10.534124629080118,11,2.1075,9.357551991939545,0.519275963306427,8.838276028633118,2.465641438961029,6.372634589672089
0.0006,3600,10.682492581602373,11,2.1374999999999997,9.377453416585922,0.5159507393836975,8.861502677202225,2.489191383123398,6.372311294078827
0.0006,3650,10.830860534124628,11,2.1675,9.496044784784317,0.44739991426467896,9.048644870519638,2.5687054693698883,6.47993940114975
0.0006,3700,10.979228486646884,11,2.1975,9.56837186217308,0.49076926708221436,9.077602595090866,2.552311509847641,6.525291085243225
0.0006,3750,11.127596439169139,12,2.2274999999999996,9.770108729600906,0.556668758392334,9.213439971208572,2.52409890294075,6.689341068267822
0.0006,3800,11.275964391691394,12,2.2575,9.632033079862595,0.5634283423423767,9.068604737520218,2.5234377086162567,6.545167028903961
0.0006,3850,11.42433234421365,12,2.2874999999999996,9.737414240837097,0.6288809180259705,9.108533322811127,2.4706441164016724,6.637889206409454
0.0006,3900,11.572700296735905,12,2.3175,9.881467550992966,0.5676795244216919,9.313788026571274,2.529903143644333,6.783884882926941
0.0006,3950,11.72106824925816,12,2.3474999999999997,9.907114058732986,0.6117597222328186,9.295354336500168,2.502924472093582,6.792429864406586
0.0006,4000,11.869436201780415,12,2.3775,10.023647040128708,0.6049036979675293,9.418743342161179,2.497418612241745,6.921324729919434
0.0006,4050,12.01780415430267,13,2.4074999999999998,10.09926986694336,0.5458811521530151,9.553388714790344,2.5773353576660156,6.976053357124329
0.0006,4100,12.166172106824925,13,2.4375,10.161155879497528,0.6252575516700745,9.535898327827454,2.5320271849632263,7.003871142864227
0.0006,4150,12.31454005934718,13,2.4675,10.220884248614311,0.6471409797668457,9.573743268847466,2.518711492419243,7.055031776428223
0.0006,4200,12.462908011869436,13,2.4974999999999996,10.243511706590652,0.6376723647117615,9.605839341878891,2.5261817276477814,7.07965761423111
0.0006,4250,12.611275964391691,13,2.5275,10.162535846233368,0.6264424324035645,9.536093413829803,2.52637380361557,7.009719610214233
0.0006,4300,12.759643916913946,13,2.5574999999999997,10.399967402219772,0.663436233997345,9.736531168222427,2.4920627772808075,7.24446839094162
0.0006,4350,12.908011869436201,13,2.5875,10.381137952208519,0.682104766368866,9.699033185839653,2.5050760358572006,7.193957149982452
0.0006,4400,13.056379821958457,14,2.6174999999999997,10.456366240978241,0.6007944345474243,9.855571806430817,2.5909919142723083,7.264579892158508
0.0006,4450,13.204747774480712,14,2.6475,10.581190839409828,0.6773135662078857,9.903877273201942,2.522881045937538,7.380996227264404
0.0006,4500,13.353115727002967,14,2.6774999999999998,10.359333857893944,0.7313788533210754,9.627955004572868,2.4925075620412827,7.135447442531586
0.0006,4550,13.501483679525222,14,2.7074999999999996,10.590895026922226,0.7347467541694641,9.856148272752762,2.4815047681331635,7.374643504619598
0.0006,4600,13.649851632047477,14,2.7375,10.603993281722069,0.6429723501205444,9.961020931601524,2.5722702592611313,7.388750672340393
0.0006,4650,13.798219584569733,14,2.7674999999999996,10.717155516147614,0.6351824402809143,10.0819730758667,2.5831452012062073,7.498827874660492
0.0006,4700,13.946587537091988,14,2.7975,10.859126269817352,0.7280630469322205,10.131063222885132,2.5043594241142273,7.6267037987709045
0.0006,4750,14.094955489614243,15,2.8274999999999997,10.87891374528408,0.7780759334564209,10.10083781182766,2.4756780713796616,7.625159740447998
0.0006,4800,14.243323442136498,15,2.8575,10.903686001896858,0.7310749888420105,10.172611013054848,2.5328604727983475,7.6397505402565
0.0006,4850,14.391691394658753,15,2.8874999999999997,10.87102596461773,0.8757427930831909,9.995283171534538,2.3982223719358444,7.597060799598694
0.0006,4900,14.540059347181009,15,2.9174999999999995,10.991695567965508,0.7476756572723389,10.244019910693169,2.507455036044121,7.736564874649048
0.0006,4950,14.688427299703264,15,2.9475,10.953665509819984,0.6418452262878418,10.311820283532143,2.609884276986122,7.7019360065460205
0.0006,5000,14.836795252225519,15,2.9774999999999996,11.123341515660286,0.7888262867927551,10.33451522886753,2.4829103499650955,7.851604878902435
0.0006,5050,14.985163204747774,15,3.0075,11.119129911065102,0.7573796510696411,10.36175025999546,2.527716651558876,7.8340336084365845
0.0006,5100,15.13353115727003,16,3.0374999999999996,11.390642270445824,0.7754279971122742,10.61521427333355,2.523154601454735,8.092059671878815
0.0006,5150,15.281899109792285,16,3.0675,11.338586315512657,0.7242667078971863,10.61431960761547,2.5745580047369003,8.03976160287857
0.0006,5200,15.43026706231454,16,3.0974999999999997,11.214740812778473,0.8082698583602905,10.406470954418182,2.4867847561836243,7.919686198234558
0.0006,5250,15.578635014836795,16,3.1275,11.309538900852203,0.7562914490699768,10.553247451782227,2.549197733402252,8.004049718379974
0.0006,5300,15.72700296735905,16,3.1574999999999998,11.405380934476852,0.8312227725982666,10.574158161878586,2.499663323163986,8.0744948387146
0.0006,5350,15.875370919881306,16,3.1874999999999996,11.365481719374657,0.832182765007019,10.533298954367638,2.468712195754051,8.064586758613586
0.0006,5400,16.023738872403563,17,3.2175,11.533515647053719,0.8773916363716125,10.656124010682106,2.4555174857378006,8.200606524944305
0.0006,5450,16.172106824925816,17,3.2474999999999996,11.50694639980793,0.8374691605567932,10.669477239251137,2.5096398144960403,8.159837424755096
0.0006,5500,16.320474777448073,17,3.2775,11.488628923892975,0.9030857682228088,10.585543155670166,2.4333236813545227,8.152219474315643
0.0006,5550,16.468842729970326,17,3.3074999999999997,11.537851244211197,0.8593555688858032,10.678495675325394,2.4644745886325836,8.21402108669281
0.0006,5600,16.617210682492583,17,3.3375,11.507500484585762,0.8668033480644226,10.64069713652134,2.475231483578682,8.165465652942657
0.0006,5650,16.765578635014837,17,3.3674999999999997,11.766911119222641,0.8920397162437439,10.874871402978897,2.4644192159175873,8.41045218706131
0.0006,5700,16.91394658753709,17,3.3974999999999995,11.732767641544342,0.9546335339546204,10.778134107589722,2.417864143848419,8.360269963741302
0.0006,5750,17.062314540059347,18,3.4274999999999998,11.867659017443657,0.8826882839202881,10.984970733523369,2.4923595637083054,8.492611169815063
0.0006,5800,17.2106824925816,18,3.4574999999999996,11.825163647532463,0.9266995191574097,10.898464128375053,2.451076552271843,8.44738757610321
0.0006,5850,17.359050445103858,18,3.4875,11.797964811325073,0.946151852607727,10.851812958717346,2.4402215480804443,8.411591410636902
0.0006,5900,17.50741839762611,18,3.5174999999999996,11.821388557553291,0.941573977470398,10.879814580082893,2.425304725766182,8.454509854316711
0.0006,5950,17.655786350148368,18,3.5475,11.849466852843761,0.9141178131103516,10.93534903973341,2.4913130328059196,8.44403600692749
0.0006,6000,17.80415430267062,18,3.5774999999999997,12.066518135368824,0.9575656056404114,11.108952529728413,2.4421439841389656,8.666808545589447
0.0006,6050,17.95252225519288,18,3.6074999999999995,12.083511620759964,0.9337860345840454,11.149725586175919,2.444452553987503,8.705273032188416
0.0006,6100,18.100890207715132,19,3.6374999999999997,12.119143977761269,0.8980275988578796,11.221116378903389,2.482937827706337,8.738178551197052
0.0006,6150,18.24925816023739,19,3.6674999999999995,12.166464269161224,0.867188036441803,11.299276232719421,2.5282928347587585,8.770983397960663
0.0006,6200,18.397626112759642,19,3.6975,12.10630937665701,0.9292063117027283,11.17710306495428,2.4843504056334496,8.692752659320831
0.0006,6250,18.5459940652819,19,3.7274999999999996,12.178321808576584,0.9568407535552979,11.221481055021286,2.4548287093639374,8.766652345657349
0.0006,6300,18.694362017804153,19,3.7575,12.16186424344778,0.917870044708252,11.243994198739529,2.487797699868679,8.75619649887085
0.0006,6350,18.84272997032641,19,3.7874999999999996,12.143509946763515,1.0392345190048218,11.104275427758694,2.3798783645033836,8.72439706325531
0.0006,6400,18.991097922848663,19,3.8174999999999994,12.302136473357677,0.9885322451591492,11.313604228198528,2.4427774474024773,8.870826780796051
0.0006,6450,19.13946587537092,20,3.8474999999999997,12.424140982329845,0.9812174439430237,11.442923538386822,2.4301822707057,9.012741267681122
0.0006,6500,19.287833827893174,20,3.8774999999999995,12.449972085654736,0.9447491765022278,11.505222909152508,2.4923140332102776,9.01290887594223
0.0006,6550,19.43620178041543,20,3.9074999999999998,12.21956367790699,0.9454466104507446,11.274117067456245,2.501107409596443,8.773009657859802
0.0006,6600,19.584569732937684,20,3.9374999999999996,12.388396367430687,0.9832541942596436,11.405142173171043,2.4547191709280014,8.950423002243042
0.0006,6650,19.73293768545994,20,3.9675,12.49281082302332,1.0113604068756104,11.481450416147709,2.4403537288308144,9.041096687316895
0.0006,6700,19.881305637982194,20,3.9974999999999996,12.339803382754326,1.0602492690086365,11.27955411374569,2.389026328921318,8.890527784824371
0.0006,6750,20.02967359050445,21,4.0275,12.55132232606411,1.009336769580841,11.541985556483269,2.457814559340477,9.084170997142792
0.0006,6800,20.178041543026705,21,4.057499999999999,12.660251721739769,0.9887394309043884,11.67151229083538,2.467441663146019,9.204070627689362
0.0006,6850,20.326409495548962,21,4.0874999999999995,12.55821018666029,1.0599883198738098,11.49822186678648,2.4211688563227654,9.077053010463715
0.0006,6900,20.474777448071215,21,4.1175,12.578712403774261,1.0065562725067139,11.572156131267548,2.4555956721305847,9.116560459136963
0.0006,6950,20.623145400593472,21,4.1475,12.776910983026028,1.0613070130348206,11.715603969991207,2.4104063138365746,9.305197656154633
0.0006,7000,20.771513353115726,21,4.177499999999999,12.823967427015305,1.0999298691749573,11.724037557840347,2.3870682418346405,9.336969316005707
0.0006,7050,20.919881305637983,21,4.2075,12.799643874168396,1.0961981415748596,11.703445732593536,2.40872323513031,9.294722497463226
0.0006,7100,21.068249258160236,22,4.2375,12.945988096296787,1.1270626783370972,11.81892541795969,2.3671287670731544,9.451796650886536
0.0006,7150,21.216617210682493,22,4.267499999999999,12.955481357872486,1.051625669002533,11.903855688869953,2.4509301856160164,9.452925503253937
0.0006,7200,21.364985163204746,22,4.297499999999999,12.656254164874554,1.0020923018455505,11.654161863029003,2.459606759250164,9.194555103778839
0.0006,7250,21.513353115727003,22,4.3275,12.837759554386139,1.002935767173767,11.834823787212372,2.462384045124054,9.372439742088318
0.0006,7300,21.661721068249257,22,4.3575,12.895127527415752,1.1085195541381836,11.786607973277569,2.4036722108721733,9.382935762405396
0.0006,7350,21.810089020771514,22,4.387499999999999,12.950123809278011,1.108013391494751,11.84211041778326,2.429211638867855,9.412898778915405
0.0006,7400,21.958456973293767,22,4.4174999999999995,13.021404303610325,1.1737495064735413,11.847654797136784,2.3528738394379616,9.494780957698822
0.0006,7450,22.106824925816024,23,4.4475,13.273277625441551,1.0799055695533752,12.193372055888176,2.432400330901146,9.76097172498703
0.0006,7500,22.255192878338278,23,4.4775,13.190607093274593,1.1322685480117798,12.058338545262814,2.3818569406867027,9.67648160457611
0.0006,7550,22.403560830860535,23,4.507499999999999,13.151400491595268,1.140831172466278,12.01056931912899,2.4030470103025436,9.607522308826447
0.0006,7600,22.551928783382788,23,4.5375,13.08031428605318,1.125957190990448,11.954357095062733,2.4042326286435127,9.55012446641922
0.0006,7650,22.700296735905045,23,4.5675,13.255933068692684,1.0579841136932373,12.197948954999447,2.4411444887518883,9.756804466247559
0.0006,7700,22.8486646884273,23,4.597499999999999,13.21090242266655,1.1852737665176392,12.02562865614891,2.35196515917778,9.67366349697113
0.0006,7750,22.997032640949556,23,4.6274999999999995,13.329963192343712,1.107248067855835,12.222715124487877,2.4376115649938583,9.785103559494019
0.0006,7800,23.14540059347181,24,4.6575,13.338275231420994,1.0454855561256409,12.292789675295353,2.462188757956028,9.830600917339325
0.0006,7850,23.293768545994066,24,4.6875,13.198517441749573,1.1805071234703064,12.018010318279266,2.3756076097488403,9.642402708530426
0.0006,7900,23.44213649851632,24,4.717499999999999,13.208439126610756,1.1565801501274109,12.051858976483345,2.4050345569849014,9.646824419498444
0.0006,7950,23.590504451038576,24,4.7475,13.289291575551033,1.115898847579956,12.173392727971077,2.442186787724495,9.731205940246582
0.0006,8000,23.73887240356083,24,4.7775,13.322575516998768,1.1269648671150208,12.195610649883747,2.4024068787693977,9.79320377111435
0.0006,8050,23.887240356083087,24,4.807499999999999,13.283652625977993,1.215583622455597,12.068069003522396,2.366958223283291,9.701110780239105
0.0006,8100,24.03560830860534,25,4.8374999999999995,13.46064157038927,1.1529256105422974,12.307715959846973,2.4092709496617317,9.898445010185242
0.0006,8150,24.183976261127597,25,4.8675,13.39554399996996,1.0795331597328186,12.31601084023714,2.4539837315678596,9.862027108669281
0.0006,8200,24.33234421364985,25,4.8975,13.37784580141306,1.1343824863433838,12.243463315069675,2.446932591497898,9.796530723571777
0.0006,8250,24.480712166172108,25,4.927499999999999,13.62042336910963,1.2102473974227905,12.41017597168684,2.362119249999523,10.048056721687317
0.0006,8300,24.62908011869436,25,4.9575,13.626640267670155,1.1300196051597595,12.496620662510395,2.4183299019932747,10.07829076051712
0.0006,8350,24.777448071216618,25,4.9875,13.531297326087952,1.2055636644363403,12.325733661651611,2.3796664476394653,9.946067214012146
0.0006,8400,24.92581602373887,25,5.017499999999999,13.67634255439043,1.1720803380012512,12.50426221638918,2.4133659079670906,10.090896308422089
0.0006,8450,25.07418397626113,26,5.047499999999999,13.716921381652355,1.2141087055206299,12.502812676131725,2.371480755507946,10.13133192062378
0.0006,8500,25.222551928783382,26,5.0775,13.628707401454449,1.1206634640693665,12.508043937385082,2.4648938104510307,10.043150126934052
0.0006,8550,25.37091988130564,26,5.1075,13.44217586517334,1.1424080729484558,12.299767792224884,2.4258556365966797,9.873912155628204
0.0006,8600,25.519287833827892,26,5.137499999999999,13.78521890938282,1.2017892003059387,12.583429709076881,2.3740753680467606,10.20935434103012
0.0006,8650,25.66765578635015,26,5.1674999999999995,13.71395592391491,1.2432696223258972,12.470686301589012,2.384813115000725,10.085873186588287
0.0006,8700,25.816023738872403,26,5.1975,13.73444540053606,1.256909191608429,12.477536208927631,2.3521426394581795,10.125393569469452
0.0006,8750,25.96439169139466,26,5.227499999999999,13.764319188892841,1.1952178478240967,12.569101341068745,2.417915351688862,10.151185989379883
0.0006,8800,26.112759643916913,27,5.257499999999999,13.951264284551144,1.201707899570465,12.749556384980679,2.423059605062008,10.32649677991867
0.0006,8850,26.26112759643917,27,5.2875,13.961428724229336,1.409276306629181,12.552152417600155,2.2569912299513817,10.295161187648773
0.0006,8900,26.409495548961424,27,5.3175,13.804836466908455,1.266981065273285,12.53785540163517,2.3449737578630447,10.192881643772125
0.0006,8950,26.55786350148368,27,5.347499999999999,13.824328742921352,1.2498281002044678,12.574500642716885,2.339093528687954,10.23540711402893
0.0006,9000,26.706231454005934,27,5.3774999999999995,13.900628201663494,1.2806894779205322,12.619938723742962,2.3402367755770683,10.279701948165894
0.0006,9050,26.85459940652819,27,5.4075,14.030144095420837,1.3068731427192688,12.723270952701569,2.3507190942764282,10.37255185842514
0.0006,9100,27.002967359050444,28,5.437499999999999,13.935225285589695,1.2101938724517822,12.725031413137913,2.392838276922703,10.33219313621521
0.0006,9150,27.1513353115727,28,5.467499999999999,14.106055103242397,1.1929399371147156,12.913115166127682,2.425430618226528,10.487684547901154
0.0006,9200,27.299703264094955,28,5.4975,13.893037103116512,1.347263514995575,12.545773588120937,2.3205046877264977,10.22526890039444
0.0006,9250,27.448071216617212,28,5.5275,14.035994566977024,1.2899587750434875,12.746035791933537,2.3497839346528053,10.396251857280731
0.0006,9300,27.596439169139465,28,5.557499999999999,13.983735099434853,1.2841458320617676,12.699589267373085,2.3377018123865128,10.361887454986572
0.0006,9350,27.744807121661722,28,5.5874999999999995,14.103916071355343,1.2741689682006836,12.82974710315466,2.3463419899344444,10.483405113220215
0.0006,9400,27.893175074183976,28,5.6175,13.998192708939314,1.273144245147705,12.725048463791609,2.363808076828718,10.36124038696289
0.0006,9450,28.041543026706233,29,5.647499999999999,14.145101226866245,1.2821879982948303,12.862913228571415,2.367552675306797,10.495360553264618
0.0006,9500,28.189910979228486,29,5.677499999999999,14.375372640788555,1.2903863191604614,13.084986321628094,2.3358480855822563,10.749138236045837
0.0006,9550,28.338278931750743,29,5.7075,14.025063194334507,1.2820842862129211,12.742978908121586,2.356324352324009,10.386654555797577
0.0006,9600,28.486646884272997,29,5.7375,14.368581175804138,1.2989231944084167,13.069657981395721,2.35400927066803,10.715648710727692
0.0006,9650,28.635014836795254,29,5.767499999999999,14.24721110612154,1.3557702898979187,12.891440816223621,2.2906736209988594,10.600767195224762
0.0006,9700,28.783382789317507,29,5.797499999999999,14.228786133229733,1.2793008089065552,12.949485324323177,2.3707796558737755,10.578705668449402
0.0006,9750,28.931750741839764,29,5.8275,14.283580970019102,1.3724146485328674,12.911166321486235,2.3010851852595806,10.610081136226654
0.0006,9800,29.080118694362017,30,5.8575,14.402465555816889,1.4218064546585083,12.98065910115838,2.28943083062768,10.6912282705307
0.0006,9850,29.228486646884274,30,5.887499999999999,14.506151720881462,1.2727473974227905,13.233404323458672,2.3782744854688644,10.855129837989807
0.0006,9900,29.376854599406528,30,5.9174999999999995,14.322070520371199,1.2904580235481262,13.031612496823072,2.394787471741438,10.636825025081635
0.0006,9950,29.525222551928785,30,5.9475,14.476510658860207,1.3703352212905884,13.106175437569618,2.3357378393411636,10.770437598228455
0.0006,10000,29.673590504451038,30,5.977499999999999,14.484976310282946,1.397908866405487,13.087067443877459,2.2908070273697376,10.796260416507721
0.001,50,0.14836795252225518,1,0.021780303030303032,-0.04833424091339111,-0.034833669662475586,-0.013500571250915527,0.7992711067199707,-0.8127716779708862
0.001,100,0.29673590504451036,1,0.0625,0.007935285568237305,0.021818876266479492,-0.013883590698242188,0.7210574150085449,-0.7349410057067871
0.001,150,0.44510385756676557,1,0.1125,0.02197730541229248,0.002428412437438965,0.019548892974853516,0.613682746887207,-0.5941338539123535
0.001,200,0.5934718100890207,1,0.1625,-0.04616737365722656,-0.01972365379333496,-0.0264437198638916,0.6007728576660156,-0.6272165775299072
0.001,250,0.7418397626112759,1,0.2125,-0.005561113357543945,-0.02527773380279541,0.019716620445251465,0.5547928810119629,-0.5350762605667114
0.001,300,0.8902077151335311,1,0.2625,-0.04724681377410889,-0.02113926410675049,-0.0261075496673584,0.4696159362792969,-0.4957234859466553
0.001,350,1.0385756676557865,2,0.3125,0.14758002758026123,-0.016298651695251465,0.1638786792755127,0.5836167335510254,-0.4197380542755127
0.001,400,1.1869436201780414,2,0.3625,0.9088562726974487,-0.03937888145446777,0.9482351541519165,1.1120765209197998,-0.1638413667678833
0.001,450,1.3353115727002967,2,0.41250000000000003,1.2344636917114258,-0.047669172286987305,1.282132863998413,1.2563567161560059,0.025776147842407227
0.001,500,1.4836795252225519,2,0.4625,1.248940348625183,-0.017569899559020996,1.266510248184204,1.0962443351745605,0.17026591300964355
0.001,550,1.632047477744807,2,0.5125,1.1868693828582764,-0.023318886756896973,1.2101882696151733,0.9314975738525391,0.2786906957626343
0.001,600,1.7804154302670623,2,0.5625,1.2316011190414429,-0.003462553024291992,1.2350636720657349,0.8896000385284424,0.3454636335372925
0.001,650,1.9287833827893175,2,0.6125,1.2142730951309204,-0.03903329372406006,1.2533063888549805,0.7140944004058838,0.5392119884490967
0.001,700,2.077151335311573,3,0.6625,1.803415298461914,-0.06485533714294434,1.8682706356048584,1.0219414234161377,0.8463292121887207
0.001,750,2.2255192878338277,3,0.7125,2.2956621646881104,-0.07683032751083374,2.372492492198944,1.225449562072754,1.1470429301261902
0.001,800,2.373887240356083,3,0.7625000000000001,2.602368474006653,0.017895817756652832,2.58447265625,1.2154884338378906,1.3689842224121094
0.001,850,2.522255192878338,3,0.8125,2.6835981607437134,-0.0495457649230957,2.733143925666809,1.206554651260376,1.526589274406433
0.001,900,2.6706231454005933,3,0.8625,2.733086943626404,-0.06299436092376709,2.796081304550171,1.1782259941101074,1.6178553104400635
0.001,950,2.8189910979228485,3,0.9125,2.800268530845642,-0.019204378128051758,2.819472908973694,1.1968815326690674,1.6225913763046265
0.001,1000,2.9673590504451037,3,0.9625,2.8148674964904785,0.010150492191314697,2.804717004299164,1.1221203804016113,1.6825966238975525
0.001,1050,3.115727002967359,4,1.0125,3.4151722192764282,-0.006449282169342041,3.4216215014457703,1.416590929031372,2.005030572414398
0.001,1100,3.264094955489614,4,1.0625,3.5392489433288574,0.033595502376556396,3.505653440952301,1.406120777130127,2.099532663822174
0.001,1150,3.4124629080118694,4,1.1125,3.9016517400741577,0.07939326763153076,3.822258472442627,1.4786736965179443,2.3435847759246826
0.001,1200,3.5608308605341246,4,1.1625,3.8717347383499146,-0.003962993621826172,3.8756977319717407,1.5092406272888184,2.3664571046829224
0.001,1250,3.7091988130563798,4,1.2125000000000001,3.9283132553100586,-0.03216201066970825,3.960475265979767,1.5262064933776855,2.4342687726020813
0.001,1300,3.857566765578635,4,1.2625,3.949043035507202,-0.030945420265197754,3.9799884557724,1.5462852716445923,2.4337031841278076
0.001,1350,4.005934718100891,5,1.3125,4.057014465332031,0.03584480285644531,4.021169662475586,1.5172086954116821,2.503960967063904
0.001,1400,4.154302670623146,5,1.3625,4.208286166191101,0.042685747146606445,4.165600419044495,1.4719935655593872,2.6936068534851074
0.001,1450,4.3026706231454,5,1.4125,4.661660432815552,0.04709339141845703,4.614567041397095,1.7157634496688843,2.8988035917282104
0.001,1500,4.451038575667655,5,1.4625000000000001,4.694763660430908,0.039201319217681885,4.655562341213226,1.6822574138641357,2.9733049273490906
0.001,1550,4.599406528189911,5,1.5125,4.893234014511108,0.06812816858291626,4.825105845928192,1.743428349494934,3.081677496433258
0.001,1600,4.747774480712166,5,1.5625,4.9279714822769165,0.05198776721954346,4.875983715057373,1.7699919939041138,3.1059917211532593
0.001,1650,4.896142433234421,5,1.6125,4.978592872619629,0.09235358238220215,4.886239290237427,1.7413520812988281,3.1448872089385986
0.001,1700,5.044510385756676,6,1.6625,5.223103284835815,0.06993919610977173,5.153164088726044,1.8127270936965942,3.3404369950294495
0.001,1750,5.192878338278931,6,1.7125000000000001,5.27734911441803,0.04866015911102295,5.228688955307007,1.8189682960510254,3.4097206592559814
0.001,1800,5.341246290801187,6,1.7625,5.488908290863037,0.07806259393692017,5.410845696926117,1.854322075843811,3.556523621082306
0.001,1850,5.489614243323442,6,1.8125,5.653317809104919,0.13834887742996216,5.514968931674957,1.876514196395874,3.6384547352790833
0.001,1900,5.637982195845697,6,1.8625,5.736499667167664,0.09520143270492554,5.641298234462738,1.9326977729797363,3.7086004614830017
0.001,1950,5.786350148367952,6,1.9125,5.81828761100769,0.12448447942733765,5.693803131580353,1.9367629289627075,3.7570402026176453
0.001,2000,5.9347181008902075,6,1.9625000000000001,6.025653123855591,0.19459426403045654,5.831058859825134,1.9059151411056519,3.9251437187194824
0.001,2050,6.083086053412463,7,2.0125,6.222554564476013,0.12951505184173584,6.093039512634277,2.0064703226089478,4.08656919002533
0.001,2100,6.231454005934718,7,2.0625,6.284602642059326,0.18993550539016724,6.094667136669159,1.9793729782104492,4.11529415845871
0.001,2150,6.379821958456973,7,2.1125,6.551833391189575,0.17432457208633423,6.377508819103241,2.0687936544418335,4.3087151646614075
0.001,2200,6.528189910979228,7,2.1625,6.65065062046051,0.12299197912216187,6.527658641338348,2.1129136085510254,4.414745032787323
0.001,2250,6.6765578635014835,7,2.2125,6.6768646240234375,0.19770759344100952,6.479157030582428,2.0609986782073975,4.4181583523750305
0.001,2300,6.824925816023739,7,2.2625,6.777142405509949,0.17115074396133423,6.6059916615486145,2.1184147596359253,4.487576901912689
0.001,2350,6.973293768545994,7,2.3125,6.900759398937225,0.20213550329208374,6.698623895645142,2.1332423090934753,4.565381586551666
0.001,2400,7.121661721068249,8,2.3625000000000003,7.3071209192276,0.2338418960571289,7.073279023170471,2.1490710973739624,4.924207925796509
0.001,2450,7.270029673590504,8,2.4125,7.272791683673859,0.1821334958076477,7.090658187866211,2.2682438492774963,4.822414338588715
0.001,2500,7.4183976261127595,8,2.4625,7.414075076580048,0.28715163469314575,7.126923441886902,2.1500667929649353,4.9768566489219666
0.001,2550,7.566765578635015,8,2.5125,7.522938847541809,0.22647488117218018,7.296463966369629,2.2282644510269165,5.068199515342712
0.001,2600,7.71513353115727,8,2.5625,7.682168900966644,0.298530638217926,7.383638262748718,2.2254509329795837,5.1581873297691345
0.001,2650,7.863501483679525,8,2.6125000000000003,7.726532518863678,0.22049683332443237,7.506035685539246,2.3463008999824524,5.159734785556793
0.001,2700,8.011869436201781,9,2.6625,7.8379992842674255,0.30411452054977417,7.533884763717651,2.2717012763023376,5.262183487415314
0.001,2750,8.160237388724036,9,2.7125,7.918231666088104,0.24004298448562622,7.678188681602478,2.2912976145744324,5.386891067028046
0.001,2800,8.308605341246292,9,2.7625,8.17517364025116,0.2325865626335144,7.942587077617645,2.4242924451828003,5.518294632434845
0.001,2850,8.456973293768545,9,2.8125,8.13266259431839,0.3235989809036255,7.809063613414764,2.2843130230903625,5.524750590324402
0.001,2900,8.6053412462908,9,2.8625000000000003,8.340335309505463,0.26100677251815796,8.079328536987305,2.393606126308441,5.6857224106788635
0.001,2950,8.753709198813056,9,2.9125,8.44142597913742,0.2902500033378601,8.15117597579956,2.3912612795829773,5.759914696216583
0.001,3000,8.90207715133531,9,2.9625,8.555246889591217,0.3108099699020386,8.244436919689178,2.3809779286384583,5.86345899105072
0.001,3050,9.050445103857566,10,3.0125,8.70354449748993,0.27740752696990967,8.42613697052002,2.5068293809890747,5.919307589530945
0.001,3100,9.198813056379821,10,3.0625,8.718174576759338,0.3195062279701233,8.398668348789215,2.448489785194397,5.950178563594818
0.001,3150,9.347181008902076,10,3.1125000000000003,8.947014451026917,0.37228965759277344,8.574724793434143,2.3936649560928345,6.181059837341309
0.001,3200,9.495548961424332,10,3.1625,9.014605641365051,0.34215468168258667,8.672450959682465,2.4572168588638306,6.215234100818634
0.001,3250,9.643916913946587,10,3.2125,9.033251404762268,0.35553932189941406,8.677712082862854,2.448252320289612,6.229459762573242
0.001,3300,9.792284866468842,10,3.2625,9.171594828367233,0.3543993830680847,8.817195445299149,2.485552281141281,6.331643164157867
0.001,3350,9.940652818991097,10,3.3125,9.376063495874405,0.34589964151382446,9.03016385436058,2.5036193430423737,6.526544511318207
0.001,3400,10.089020771513352,11,3.3625000000000003,9.586431741714478,0.45006972551345825,9.13636201620102,2.4626336097717285,6.673728406429291
0.001,3450,10.237388724035608,11,3.4125,9.27837023139,0.39150893688201904,8.88686129450798,2.5184362828731537,6.368425011634827
0.001,3500,10.385756676557863,11,3.4625,9.525270581245422,0.33533138036727905,9.189939200878143,2.5680660009384155,6.621873199939728
0.001,3550,10.534124629080118,11,3.5125,9.67769992351532,0.4289385676383972,9.248761355876923,2.4830271005630493,6.765734255313873
0.001,3600,10.682492581602373,11,3.5625,9.73363584280014,0.4346693158149719,9.298966526985168,2.5250319838523865,6.773934543132782
0.001,3650,10.830860534124628,11,3.6125000000000003,9.86884692311287,0.3643260598182678,9.504520863294601,2.6068892776966095,6.897631585597992
0.001,3700,10.979228486646884,11,3.6625,9.891843646764755,0.38648658990859985,9.505357056856155,2.597853034734726,6.907504022121429
0.001,3750,11.127596439169139,12,3.7125,10.029784798622131,0.42028093338012695,9.609503865242004,2.551887631416321,7.057616233825684
0.001,3800,11.275964391691394,12,3.7625,10.074260652065277,0.4522663950920105,9.621994256973267,2.5538424849510193,7.068151772022247
0.001,3850,11.42433234421365,12,3.8125,10.10224363207817,0.5085257291793823,9.593717902898788,2.4922132194042206,7.101504683494568
0.001,3900,11.572700296735905,12,3.8625000000000003,10.25315260887146,0.44297516345977783,9.810177445411682,2.568833827972412,7.24134361743927
0.001,3950,11.72106824925816,12,3.9125,10.305225104093552,0.48345470428466797,9.821770399808884,2.5491778552532196,7.272592544555664
0.001,4000,11.869436201780415,12,3.9625,10.309938222169876,0.49512994289398193,9.814808279275894,2.5386891663074493,7.276119112968445
0.001,4050,12.01780415430267,13,4.0125,10.47724187374115,0.4189440608024597,10.05829781293869,2.622139573097229,7.436158239841461
0.001,4100,12.166172106824925,13,4.0625,10.41155618429184,0.47572004795074463,9.935836136341095,2.572586953639984,7.363249182701111
0.001,4150,12.31454005934718,13,4.1125,10.356012642383575,0.5313328504562378,9.824679791927338,2.5493722558021545,7.275307536125183
0.001,4200,12.462908011869436,13,4.1625,10.438781350851059,0.5221638083457947,9.916617542505264,2.5689209401607513,7.347696602344513
0.001,4250,12.611275964391691,13,4.2125,10.523613721132278,0.5317220687866211,9.991891652345657,2.5595641434192657,7.432327508926392
0.001,4300,12.759643916913946,13,4.2625,10.631698727607727,0.5312763452529907,10.100422382354736,2.5416966676712036,7.558725714683533
0.001,4350,12.908011869436201,13,4.3125,10.847141832113266,0.5597673058509827,10.287374526262283,2.539971202611923,7.74740332365036
0.001,4400,13.056379821958457,14,4.3625,10.84118638932705,0.47303855419158936,10.36814783513546,2.6340881437063217,7.734059691429138
0.001,4450,13.204747774480712,14,4.4125000000000005,10.796088874340057,0.5491194128990173,10.24696946144104,2.5614320635795593,7.685537397861481
0.001,4500,13.353115727002967,14,4.4625,10.871180772781372,0.561399519443512,10.30978125333786,2.549546957015991,7.760234296321869
0.001,4550,13.501483679525222,14,4.5125,11.015058517456055,0.5926102995872498,10.422448217868805,2.53474497795105,7.887703239917755
0.001,4600,13.649851632047477,14,4.5625,10.99937979876995,0.5489955544471741,10.450384244322777,2.6152641028165817,7.835120141506195
0.001,4650,13.798219584569733,14,4.6125,11.101503297686577,0.5135154128074646,10.587987884879112,2.6313974112272263,7.956590473651886
0.001,4700,13.946587537091988,14,4.6625000000000005,11.027256652712822,0.5879016518592834,10.439355000853539,2.557725355029106,7.881629645824432
0.001,4750,14.094955489614243,15,4.7125,11.269891813397408,0.6307601928710938,10.639131620526314,2.532003715634346,8.107127904891968
0.001,4800,14.243323442136498,15,4.7625,11.055237621068954,0.5825724005699158,10.472665220499039,2.5937677323818207,7.878897488117218
0.001,4850,14.391691394658753,15,4.8125,11.2280832529068,0.7278777956962585,10.50020545721054,2.4569300413131714,8.04327541589737
0.001,4900,14.540059347181009,15,4.8625,11.236782148480415,0.652734637260437,10.584047511219978,2.5337041169404984,8.05034339427948
0.001,4950,14.688427299703264,15,4.9125000000000005,11.40661270916462,0.5791621804237366,10.827450528740883,2.6401971131563187,8.187253415584564
0.001,5000,14.836795252225519,15,4.9625,11.379601940512657,0.6415297389030457,10.738072201609612,2.547748312354088,8.190323889255524
0.001,5050,14.985163204747774,15,5.0125,11.43999895453453,0.6430138349533081,10.796985119581223,2.557781547307968,8.239203572273254
0.001,5100,15.13353115727003,16,5.0625,11.538851231336594,0.6412932872772217,10.897557944059372,2.57650825381279,8.321049690246582
0.001,5150,15.281899109792285,16,5.1125,11.524923011660576,0.5409038066864014,10.984019204974174,2.650458261370659,8.333560943603516
0.001,5200,15.43026706231454,16,5.1625000000000005,11.72775848209858,0.6659033894538879,11.061855092644691,2.5506912022829056,8.511163890361786
0.001,5250,15.578635014836795,16,5.2125,11.503993093967438,0.6326102018356323,10.871382892131805,2.602504551410675,8.26887834072113
0.001,5300,15.72700296735905,16,5.2625,11.6669010668993,0.6494377255439758,11.017463341355324,2.55684132874012,8.460622012615204
0.001,5350,15.875370919881306,16,5.3125,11.661927804350853,0.7033913731575012,10.958536431193352,2.5215459913015366,8.436990439891815
0.001,5400,16.023738872403563,17,5.3625,11.68993565440178,0.7407163381576538,10.949219316244125,2.498636931180954,8.450582385063171
0.001,5450,16.172106824925816,17,5.4125000000000005,11.811500385403633,0.6833194494247437,11.12818093597889,2.555819109082222,8.572361826896667
0.001,5500,16.320474777448073,17,5.4625,11.866347312927246,0.788162887096405,11.078184425830841,2.4916889667510986,8.586495459079742
0.001,5550,16.468842729970326,17,5.5125,11.808201298117638,0.7349910140037537,11.073210284113884,2.5136289447546005,8.559581339359283
0.001,5600,16.617210682492583,17,5.5625,11.876701280474663,0.7164024114608765,11.160298869013786,2.5389463156461716,8.621352553367615
0.001,5650,16.765578635014837,17,5.6125,11.957769051194191,0.7440840005874634,11.213685050606728,2.516475811600685,8.697209239006042
0.001,5700,16.91394658753709,17,5.6625000000000005,12.169857755303383,0.7876283526420593,11.382229402661324,2.4742930084466934,8.90793639421463
0.001,5750,17.062314540059347,18,5.7125,12.244092345237732,0.7152218222618103,11.528870522975922,2.55731737613678,8.971553146839142
0.001,5800,17.2106824925816,18,5.7625,12.020208522677422,0.7562400698661804,11.263968452811241,2.517460510134697,8.746507942676544
0.001,5850,17.359050445103858,18,5.8125,12.138957440853119,0.7393751740455627,11.399582266807556,2.520099103450775,8.879483163356781
0.001,5900,17.50741839762611,18,5.8625,12.163649901747704,0.7788799405097961,11.384769961237907,2.4914415925741196,8.893328368663788
0.001,5950,17.655786350148368,18,5.9125000000000005,12.266539081931114,0.8182698488235474,11.448269233107567,2.5188431590795517,8.929426074028015
0.001,6000,17.80415430267062,18,5.9625,12.239798754453659,0.7789963483810425,11.460802406072617,2.5063330829143524,8.954469323158264
0.002,50,0.14836795252225518,1,0.043560606060606064,-0.011669397354125977,-0.12980055809020996,0.11813116073608398,-0.20949792861938477,0.32762908935546875
0.002,100,0.29673590504451036,1,0.125,-0.006252646446228027,-0.007790327072143555,0.0015376806259155273,-0.7363696098327637,0.7379072904586792
0.002,150,0.44510385756676557,1,0.225,0.012532949447631836,0.020728468894958496,-0.00819551944732666,-0.47806358337402344,0.4698680639266968
0.002,200,0.5934718100890207,1,0.325,-0.10494160652160645,-0.027161478996276855,-0.07778012752532959,-0.1629490852355957,0.08516895771026611
0.002,250,0.7418397626112759,1,0.425,-0.03500568866729736,-0.024273395538330078,-0.010732293128967285,0.21288394927978516,-0.22361624240875244
0.002,300,0.8902077151335311,1,0.525,-0.0407181978225708,-0.012759208679199219,-0.027958989143371582,0.32950305938720703,-0.3574620485305786
0.002,350,1.0385756676557865,2,0.625,0.1085817813873291,-0.012193560600280762,0.12077534198760986,0.5301270484924316,-0.4093517065048218
0.002,400,1.1869436201780414,2,0.725,0.13129031658172607,-0.023664116859436035,0.1549544334411621,0.5542092323303223,-0.39925479888916016
0.002,450,1.3353115727002967,2,0.8250000000000001,0.25422871112823486,-0.0228806734085083,0.27710938453674316,0.6403236389160156,-0.36321425437927246
0.002,500,1.4836795252225519,2,0.925,0.6817082166671753,-0.0326613187789917,0.714369535446167,1.0397462844848633,-0.3253767490386963
0.002,550,1.632047477744807,2,1.025,1.0868465900421143,-0.012853384017944336,1.0996999740600586,1.2717411518096924,-0.1720411777496338
0.002,600,1.7804154302670623,2,1.125,1.2865365743637085,-0.013439655303955078,1.2999762296676636,1.4599883556365967,-0.1600121259689331
0.002,650,1.9287833827893175,2,1.225,1.2665014266967773,-0.01228475570678711,1.2787861824035645,1.3546717166900635,-0.07588553428649902
0.002,700,2.077151335311573,3,1.325,1.747450351715088,-0.024146318435668945,1.7715966701507568,1.6870224475860596,0.08457422256469727
0.002,750,2.2255192878338277,3,1.425,1.6014492511749268,-0.04107546806335449,1.6425247192382812,1.5461032390594482,0.09642148017883301
0.002,800,2.373887240356083,3,1.5250000000000001,1.8461194038391113,0.033675193786621094,1.8124442100524902,1.625580072402954,0.18686413764953613
0.002,850,2.522255192878338,3,1.625,2.4758195877075195,0.01127326488494873,2.464546322822571,1.9703147411346436,0.49423158168792725
0.002,900,2.6706231454005933,3,1.725,2.9394158124923706,-0.029903411865234375,2.969319224357605,2.157015085220337,0.8123041391372681
0.002,950,2.8189910979228485,3,1.825,2.959784746170044,-0.019223690032958984,2.979008436203003,2.1294567584991455,0.8495516777038574
0.002,1000,2.9673590504451037,3,1.925,2.886197805404663,0.042559146881103516,2.8436386585235596,1.9775562286376953,0.8660824298858643
0.002,1050,3.115727002967359,4,2.025,3.215717911720276,-0.011655211448669434,3.2273731231689453,2.096874475479126,1.1304986476898193
0.002,1100,3.264094955489614,4,2.125,3.2623060941696167,0.006189942359924316,3.2561161518096924,2.0458412170410156,1.2102749347686768
0.002,1150,3.4124629080118694,4,2.225,3.4232354164123535,0.02418231964111328,3.3990530967712402,2.0513694286346436,1.3476836681365967
0.002,1200,3.5608308605341246,4,2.325,3.9962844848632812,-0.018624424934387207,4.0149089097976685,2.1905324459075928,1.8243764638900757
0.002,1250,3.7091988130563798,4,2.4250000000000003,4.231017231941223,-0.050617218017578125,4.281634449958801,2.226095199584961,2.0555392503738403
0.002,1300,3.857566765578635,4,2.525,4.1889448165893555,-0.04730963706970215,4.236254453659058,2.0860695838928223,2.1501848697662354
0.002,1350,4.005934718100891,5,2.625,4.380448341369629,-0.015204846858978271,4.395653188228607,2.0199012756347656,2.3757519125938416
0.002,1400,4.154302670623146,5,2.725,4.444447040557861,-0.017337441444396973,4.461784482002258,2.049758553504944,2.4120259284973145
0.002,1450,4.3026706231454,5,2.825,4.468441128730774,-0.020702779293060303,4.489143908023834,2.0359102487564087,2.4532336592674255
0.002,1500,4.451038575667655,5,2.9250000000000003,4.7198121547698975,-0.018893301486968994,4.7387054562568665,2.0104564428329468,2.7282490134239197
0.002,1550,4.599406528189911,5,3.025,4.846979260444641,-0.01539158821105957,4.862370848655701,2.0406142473220825,2.821756601333618
0.002,1600,4.747774480712166,5,3.125,4.922571063041687,-0.01939105987548828,4.941962122917175,2.0599093437194824,2.882052779197693
0.002,1650,4.896142433234421,5,3.225,5.022676229476929,0.037077903747558594,4.98559832572937,2.082691788673401,2.9029065370559692
0.002,1700,5.044510385756676,6,3.325,5.275627255439758,-0.013915836811065674,5.289543092250824,2.066236138343811,3.223306953907013
0.002,1750,5.192878338278931,6,3.4250000000000003,5.240651607513428,-0.02262789011001587,5.263279497623444,2.060372471809387,3.2029070258140564
0.002,1800,5.341246290801187,6,3.525,5.372790575027466,0.007172584533691406,5.365617990493774,2.060327887535095,3.305290102958679
0.002,1850,5.489614243323442,6,3.625,5.723244667053223,0.04834705591201782,5.674897611141205,2.0968152284622192,3.5780823826789856
0.002,1900,5.637982195845697,6,3.725,5.8200730085372925,0.004173398017883301,5.815899610519409,2.207387089729309,3.6085125207901
0.002,1950,5.786350148367952,6,3.825,5.918352246284485,0.019251346588134766,5.89910089969635,2.161509394645691,3.737591505050659
0.002,2000,5.9347181008902075,6,3.9250000000000003,5.8442405462265015,0.07453882694244385,5.769701719284058,2.2756035327911377,3.49409818649292
0.002,2050,6.083086053412463,7,4.025,6.112520456314087,0.00038802623748779297,6.112132430076599,2.2252711057662964,3.8868613243103027
0.002,2100,6.231454005934718,7,4.125,5.995753645896912,0.08295834064483643,5.912795305252075,2.117390513420105,3.79540479183197
0.002,2150,6.379821958456973,7,4.225,6.186128854751587,0.062461674213409424,6.1236671805381775,2.334284782409668,3.7893823981285095
0.002,2200,6.528189910979228,7,4.325,6.584601163864136,0.010582327842712402,6.574018836021423,2.310876250267029,4.2631425857543945
0.002,2250,6.6765578635014835,7,4.425,7.007958769798279,0.0536540150642395,6.954304754734039,2.371979832649231,4.582324922084808
0.002,2300,6.824925816023739,7,4.525,6.724682331085205,0.026058495044708252,6.698623836040497,2.349355697631836,4.349268138408661
0.002,2350,6.973293768545994,7,4.625,6.640447735786438,0.05125397443771362,6.589193761348724,2.3177236318588257,4.271470129489899
0.002,2400,7.121661721068249,8,4.7250000000000005,6.884886860847473,0.06023067235946655,6.824656188488007,2.324220061302185,4.5004361271858215
0.002,2450,7.270029673590504,8,4.825,6.99765682220459,0.03192251920700073,6.965734302997589,2.3597028255462646,4.6060314774513245
0.002,2500,7.4183976261127595,8,4.925,7.114917874336243,0.11140471696853638,7.003513157367706,2.2885338068008423,4.714979350566864
0.002,2550,7.566765578635015,8,5.025,7.271802186965942,0.05813091993331909,7.213671267032623,2.414581298828125,4.799089968204498
0.002,2600,7.71513353115727,8,5.125,7.6233779191970825,0.04980778694152832,7.573570132255554,2.69892156124115,4.874648571014404
0.002,2650,7.863501483679525,8,5.2250000000000005,7.758683979511261,0.006256580352783203,7.752427399158478,2.584729492664337,5.167697906494141
0.002,2700,8.011869436201781,9,5.325,7.7030569314956665,0.11524981260299683,7.58780711889267,2.4652987718582153,5.122508347034454
0.002,2750,8.160237388724036,9,5.425,7.729713559150696,0.06219661235809326,7.6675169467926025,2.5503183603286743,5.117198586463928
0.002,2800,8.308605341246292,9,5.525,7.8452125787734985,0.023416519165039062,7.8217960596084595,2.5866140127182007,5.235182046890259
0.002,2850,8.456973293768545,9,5.625,8.070804357528687,0.10946828126907349,7.961336076259613,2.523603916168213,5.4377321600914
0.002,2900,8.6053412462908,9,5.7250000000000005,8.11734664440155,0.04000169038772583,8.077344954013824,2.6596375703811646,5.41770738363266
0.002,2950,8.753709198813056,9,5.825,8.419264316558838,0.047341346740722656,8.371922969818115,2.646468162536621,5.725454807281494
0.002,3000,8.90207715133531,9,5.925,8.555587112903595,0.05579185485839844,8.499795258045197,2.639557182788849,5.860238075256348
0.004,50,0.14836795252225518,1,0.08712121212121213,-0.007159829139709473,0.006563663482666016,-0.013723492622375488,-0.10006237030029297,0.08633887767791748
0.004,100,0.29673590504451036,1,0.25,0.029483914375305176,0.02439558506011963,0.005088329315185547,-0.4958367347717285,0.5009250640869141
0.004,150,0.44510385756676557,1,0.45,-0.0020459890365600586,-0.008274555206298828,0.0062285661697387695,-0.47225093841552734,0.4784795045852661
0.004,200,0.5934718100890207,1,0.65,0.006486415863037109,0.0002614259719848633,0.006224989891052246,-0.4916667938232422,0.49789178371429443
0.004,250,0.7418397626112759,1,0.85,-0.02248692512512207,-0.009950757026672363,-0.012536168098449707,-0.5687942504882812,0.5562580823898315
0.004,300,0.8902077151335311,1,1.05,-0.013640642166137695,-0.011572480201721191,-0.002068161964416504,-0.642481803894043,0.6404136419296265
0.004,350,1.0385756676557865,2,1.25,-0.049336910247802734,-0.0003535747528076172,-0.04898333549499512,-0.5956311225891113,0.5466477870941162
0.004,400,1.1869436201780414,2,1.45,0.03357267379760742,0.008186578750610352,0.02538609504699707,-0.5146884918212891,0.5400745868682861
0.004,450,1.3353115727002967,2,1.6500000000000001,0.04896402359008789,-0.01457071304321289,0.06353473663330078,-0.4530305862426758,0.5165653228759766
0.004,500,1.4836795252225519,2,1.85,0.06595897674560547,-0.0074797868728637695,0.07343876361846924,-0.41523122787475586,0.4886699914932251
0.004,550,1.632047477744807,2,2.05,0.05487263202667236,0.030820727348327637,0.024051904678344727,-0.40378379821777344,0.42783570289611816
0.004,600,1.7804154302670623,2,2.25,0.009077072143554688,-0.007197737693786621,0.01627480983734131,-0.3715481758117676,0.3878229856491089
0.004,650,1.9287833827893175,2,2.45,-0.014629840850830078,-0.03141522407531738,0.016785383224487305,-0.36131858825683594,0.37810397148132324
0.004,700,2.077151335311573,3,2.65,-0.0186690092086792,-0.03234148025512695,0.013672471046447754,-0.3268775939941406,0.3405500650405884
0.004,750,2.2255192878338277,3,2.85,0.03392994403839111,-0.01532602310180664,0.049255967140197754,-0.2713298797607422,0.32058584690093994
0.004,800,2.373887240356083,3,3.0500000000000003,0.0757821798324585,0.018419384956359863,0.05736279487609863,-0.25846433639526367,0.3158271312713623
0.004,850,2.522255192878338,3,3.25,0.04731869697570801,0.014102816581726074,0.033215880393981934,-0.31421422958374023,0.34743010997772217
0.004,900,2.6706231454005933,3,3.45,0.04378461837768555,0.0031572580337524414,0.040627360343933105,-0.24415349960327148,0.2847808599472046
0.004,950,2.8189910979228485,3,3.65,0.004885554313659668,-0.005368947982788086,0.010254502296447754,-0.32697248458862305,0.3372269868850708
0.004,1000,2.9673590504451037,3,3.85,0.053467631340026855,0.01849973201751709,0.034967899322509766,-0.282045841217041,0.3170137405395508
0.004,1050,3.115727002967359,4,4.05,0.009886026382446289,-0.017686843872070312,0.0275728702545166,-0.27649831771850586,0.30407118797302246
0.004,1100,3.264094955489614,4,4.25,0.06103503704071045,-0.008104324340820312,0.06913936138153076,-0.29416990280151367,0.36330926418304443
0.004,1150,3.4124629080118694,4,4.45,0.03077876567840576,-0.015821218490600586,0.04659998416900635,-0.24158859252929688,0.2881885766983032
0.004,1200,3.5608308605341246,4,4.65,0.06836366653442383,0.021842598915100098,0.04652106761932373,-0.21223878860473633,0.25875985622406006
0.004,1250,3.7091988130563798,4,4.8500000000000005,0.03183305263519287,0.0073626041412353516,0.02447044849395752,-0.271575927734375,0.2960463762283325
0.004,1300,3.857566765578635,4,5.05,0.05496859550476074,0.008760213851928711,0.04620838165283203,-0.28638172149658203,0.33259010314941406
0.004,1350,4.005934718100891,5,5.25,-0.01781439781188965,-0.011634349822998047,-0.0061800479888916016,-0.3630104064941406,0.356830358505249
0.004,1400,4.154302670623146,5,5.45,0.04904818534851074,0.002133965492248535,0.04691421985626221,-0.28487157821655273,0.33178579807281494
0.004,1450,4.3026706231454,5,5.65,0.04608738422393799,0.013353824615478516,0.03273355960845947,-0.30040836334228516,0.33314192295074463
0.004,1500,4.451038575667655,5,5.8500000000000005,0.04790771007537842,-0.0023769140243530273,0.050284624099731445,-0.3344111442565918,0.38469576835632324
0.004,1550,4.599406528189911,5,6.05,0.029178977012634277,0.001909017562866211,0.027269959449768066,-0.27901649475097656,0.30628645420074463
0.004,1600,4.747774480712166,5,6.25,0.06313276290893555,0.034800171852111816,0.02833259105682373,-0.3110170364379883,0.339349627494812
0.004,1650,4.896142433234421,5,6.45,0.022536396980285645,-0.009633302688598633,0.03216969966888428,-0.2939434051513672,0.32611310482025146
0.004,1700,5.044510385756676,6,6.65,0.05333983898162842,0.03793191909790039,0.015407919883728027,-0.29010581970214844,0.30551373958587646
0.004,1750,5.192878338278931,6,6.8500000000000005,0.04141247272491455,0.0009769201278686523,0.0404355525970459,-0.2820897102355957,0.3225252628326416
0.004,1800,5.341246290801187,6,7.05,0.07195734977722168,0.010473251342773438,0.06148409843444824,-0.27138853073120117,0.3328726291656494
0.004,1850,5.489614243323442,6,7.25,0.04864847660064697,-0.0062253475189208984,0.05487382411956787,-0.24314641952514648,0.29802024364471436
0.004,1900,5.637982195845697,6,7.45,0.00575411319732666,-0.03262674808502197,0.03838086128234863,-0.26619625091552734,0.304577112197876
0.004,1950,5.786350148367952,6,7.65,-0.0034186840057373047,-0.02053391933441162,0.017115235328674316,-0.2895379066467285,0.30665314197540283
0.004,2000,5.9347181008902075,6,7.8500000000000005,0.04630482196807861,0.0139998197555542,0.032305002212524414,-0.3152651786804199,0.34757018089294434
0.004,2050,6.083086053412463,7,8.05,0.025528430938720703,-5.137920379638672e-05,0.02557981014251709,-0.3624739646911621,0.3880537748336792
0.004,2100,6.231454005934718,7,8.25,0.04948019981384277,-0.005138754844665527,0.0546189546585083,-0.31186342239379883,0.36648237705230713
0.004,2150,6.379821958456973,7,8.45,0.03986060619354248,-0.009771347045898438,0.04963195323944092,-0.33684444427490234,0.38647639751434326
0.004,2200,6.528189910979228,7,8.65,0.06905436515808105,0.007454633712768555,0.0615997314453125,-0.30515098571777344,0.36675071716308594
0.004,2250,6.6765578635014835,7,8.85,0.061965227127075195,0.06071209907531738,0.0012531280517578125,-0.30063962936401367,0.3018927574157715
0.004,2300,6.824925816023739,7,9.05,0.020306944847106934,-0.036551833152770996,0.05685877799987793,-0.3029327392578125,0.35979151725769043
0.004,2350,6.973293768545994,7,9.25,0.025454282760620117,0.003894329071044922,0.021559953689575195,-0.3365921974182129,0.3581521511077881
0.004,2400,7.121661721068249,8,9.450000000000001,0.03843092918395996,-0.0031584501266479492,0.04158937931060791,-0.31847667694091797,0.3600660562515259
0.004,2450,7.270029673590504,8,9.65,0.04303872585296631,-0.01202082633972168,0.05505955219268799,-0.38172006607055664,0.43677961826324463
0.004,2500,7.4183976261127595,8,9.85,0.04100990295410156,0.00018894672393798828,0.040820956230163574,-0.34763193130493164,0.3884528875350952
0.004,2550,7.566765578635015,8,10.05,0.05304110050201416,0.010314702987670898,0.04272639751434326,-0.356752872467041,0.3994792699813843
0.004,2600,7.71513353115727,8,10.25,0.05894804000854492,0.0007658004760742188,0.0581822395324707,-0.3742952346801758,0.4324774742126465
0.004,2650,7.863501483679525,8,10.450000000000001,-0.0358051061630249,-0.03042769432067871,-0.005377411842346191,-0.39829492568969727,0.3929175138473511
0.004,2700,8.011869436201781,9,10.65,0.04235827922821045,0.022272467613220215,0.020085811614990234,-0.31575822830200195,0.3358440399169922
0.004,2750,8.160237388724036,9,10.85,0.016032934188842773,-0.01494288444519043,0.030975818634033203,-0.31603384017944336,0.34700965881347656
0.004,2800,8.308605341246292,9,11.05,0.02925097942352295,-0.009797453880310059,0.03904843330383301,-0.3097715377807617,0.3488199710845947
0.004,2850,8.456973293768545,9,11.25,0.05444753170013428,0.0013103485107421875,0.05313718318939209,-0.3256244659423828,0.3787616491317749
0.004,2900,8.6053412462908,9,11.450000000000001,0.0046253204345703125,-0.05190587043762207,0.05653119087219238,-0.3433709144592285,0.3999021053314209
0.004,2950,8.753709198813056,9,11.65,0.06028032302856445,0.017485618591308594,0.04279470443725586,-0.3575935363769531,0.400388240814209
0.004,3000,8.90207715133531,9,11.85,0.07579600811004639,0.041176557540893555,0.03461945056915283,-0.3833751678466797,0.4179946184158325
